{
"type": "FeatureCollection",
"name": "AccessRoads",
"crs": { "type": "name", "properties": { "name": "urn:ogc:def:crs:OGC:1.3:CRS84" } },
"features": [
{ "type": "Feature", "properties": { "Name": "Pipeline lane", "Type": "Murram", "Length_Km": 0.36862583098000001, "main__road": 0, "Type2": 0 }, "geometry": { "type": "MultiLineString", "coordinates": [ [ [ 36.067130813637981, -0.207445275657078, 0.0 ], [ 36.06712504694579, -0.207446299062381, 0.0 ], [ 36.066930341753981, -0.207369763200492, 0.0 ], [ 36.066697674955883, -0.20710675246402, 0.0 ], [ 36.066631203087717, -0.207011115065951, 0.0 ], [ 36.066550478226212, -0.206939381799082, 0.0 ], [ 36.066460979875927, -0.20685041734355, 0.0 ], [ 36.066426281019929, -0.206839718484172, 0.0 ], [ 36.066391279708533, -0.206829020473331, 0.0 ], [ 36.066355679786604, -0.206818221156726, 0.0 ], [ 36.066319480338151, -0.206807422634041, 0.0 ], [ 36.066283280765155, -0.206797317126279, 0.0 ], [ 36.066247880588847, -0.206788719772368, 0.0 ], [ 36.066212981125837, -0.20678062216793, 0.0 ], [ 36.066176080139932, -0.206773118724609, 0.0 ], [ 36.066140080756639, -0.206767722499765, 0.0 ], [ 36.066099680608012, -0.206764221090707, 0.0 ], [ 36.066061280689155, -0.206762320216426, 0.0 ], [ 36.066023181069859, -0.20676242073552, 0.0 ], [ 36.065985081070934, -0.206764621981788, 0.0 ], [ 36.065946181812087, -0.20676952466135, 0.0 ], [ 36.065906181183138, -0.206775221348446, 0.0 ], [ 36.065866481786436, -0.206782725167472, 0.0 ], [ 36.0658283813124, -0.206792523364044, 0.0 ], [ 36.065790881472061, -0.206806123760198, 0.0 ], [ 36.065753781154832, -0.20682391935783, 0.0 ], [ 36.065717382243243, -0.206844123013034, 0.0 ], [ 36.065680581844454, -0.206866020727484, 0.0 ], [ 36.065643081752413, -0.206890920769683, 0.0 ], [ 36.06560488112423, -0.206918521357309, 0.0 ], [ 36.065567681240381, -0.206945922445073, 0.0 ], [ 36.065532281478895, -0.206974723442932, 0.0 ], [ 36.065496281203458, -0.207004018563765, 0.0 ], [ 36.065459780876765, -0.207034120450189, 0.0 ], [ 36.065423482413962, -0.207064623542695, 0.0 ], [ 36.06538798272377, -0.207095118648317, 0.0 ], [ 36.065351881819524, -0.207125020920223, 0.0 ], [ 36.065313482114156, -0.207151721531217, 0.0 ], [ 36.065272181115994, -0.20717672114724, 0.0 ], [ 36.06522828139061, -0.207199418971173, 0.0 ], [ 36.065181182167059, -0.207221724068216, 0.0 ], [ 36.065130781813259, -0.207244821861198, 0.0 ], [ 36.065077982717021, -0.207271422226316, 0.0 ], [ 36.065022982800585, -0.207298923010255, 0.0 ], [ 36.064963381810593, -0.207324323121216, 0.0 ], [ 36.064900183002138, -0.207348421471458, 0.0 ], [ 36.064837482124169, -0.207373521030309, 0.0 ], [ 36.064777881729945, -0.207400621590265, 0.0 ], [ 36.064723381528609, -0.207429222960321, 0.0 ], [ 36.06467418171659, -0.207459017974864, 0.0 ], [ 36.06462798256257, -0.207491921709416, 0.0 ], [ 36.064585382273634, -0.207525319436787, 0.0 ], [ 36.064548281021182, -0.207553320443717, 0.0 ], [ 36.064515781196462, -0.207571622823771, 0.0 ], [ 36.064435497828917, -0.207609777035573, 0.0 ], [ 36.064339232902192, -0.207691574562566, 0.0 ] ] ] } },
{ "type": "Feature", "properties": { "Name": "Pipeline lane", "Type": "Murram", "Length_Km": 0.62880115734999997, "main__road": 0, "Type2": 0 }, "geometry": { "type": "MultiLineString", "coordinates": [ [ [ 36.06712504694579, -0.207446299062381, 0.0 ], [ 36.067308360443789, -0.207492105269679, 0.0 ], [ 36.067483127723335, -0.207524649563231, 0.0 ], [ 36.067542016359106, -0.207538048171587, 0.0 ], [ 36.067583806752268, -0.207551586387634, 0.0 ], [ 36.067617079110462, -0.207564518565587, 0.0 ], [ 36.067637979134602, -0.207584222301829, 0.0 ], [ 36.06765897935216, -0.207605719584177, 0.0 ], [ 36.067681879261897, -0.207628918583562, 0.0 ], [ 36.067705479037535, -0.207653117931799, 0.0 ], [ 36.067727979360733, -0.20767741737112, 0.0 ], [ 36.067749679242617, -0.20770102274494, 0.0 ], [ 36.067771478675141, -0.207725021177937, 0.0 ], [ 36.067793778619475, -0.207750621680851, 0.0 ], [ 36.067815579446069, -0.20777682113972, 0.0 ], [ 36.06783587875919, -0.207803021225939, 0.0 ], [ 36.067854778909975, -0.207829021372392, 0.0 ], [ 36.067872178718183, -0.207853520462454, 0.0 ], [ 36.067890079530137, -0.207876920037357, 0.0 ], [ 36.067903878778374, -0.207900318855505, 0.0 ], [ 36.067916179296724, -0.207923216836105, 0.0 ], [ 36.067931779069028, -0.207945822679624, 0.0 ], [ 36.067944979043389, -0.207967820901396, 0.0 ], [ 36.067956979008621, -0.207990118877296, 0.0 ], [ 36.067968078546308, -0.20801371778525, 0.0 ], [ 36.067979079012417, -0.208039216820509, 0.0 ], [ 36.067990678805621, -0.208065817382638, 0.0 ], [ 36.06800197872473, -0.208093017840608, 0.0 ], [ 36.068013178966225, -0.208120519159623, 0.0 ], [ 36.068024079516178, -0.208147619251865, 0.0 ], [ 36.068034478583385, -0.208173519350377, 0.0 ], [ 36.068045379406215, -0.208199118663251, 0.0 ], [ 36.068057578724989, -0.20822571933947, 0.0 ], [ 36.068070178914361, -0.20825402055332, 0.0 ], [ 36.068081278269062, -0.208283515970449, 0.0 ], [ 36.06809047858998, -0.208312617093146, 0.0 ], [ 36.068099578792449, -0.20833951717349, 0.0 ], [ 36.068108978062092, -0.208365316797467, 0.0 ], [ 36.068117778718438, -0.208391016921615, 0.0 ], [ 36.068126578349052, -0.208417416386235, 0.0 ], [ 36.068135278301916, -0.208444116711752, 0.0 ], [ 36.068143978309074, -0.20847051706227, 0.0 ], [ 36.068152878476035, -0.2084968171573, 0.0 ], [ 36.068158177991172, -0.208522516634927, 0.0 ], [ 36.06816227766096, -0.208547615939726, 0.0 ], [ 36.068164978332405, -0.208571614473265, 0.0 ], [ 36.068168278163469, -0.208592719078021, 0.0 ], [ 36.068171477969678, -0.208611114850198, 0.0 ], [ 36.068173377739036, -0.20862711690299, 0.0 ], [ 36.068174378087512, -0.208643818129423, 0.0 ], [ 36.06817607846682, -0.208660613453838, 0.0 ], [ 36.068178678283743, -0.208676615636549, 0.0 ], [ 36.068180277793196, -0.208690415705887, 0.0 ], [ 36.068182378362422, -0.208702815380509, 0.0 ], [ 36.068185477846704, -0.208715214336831, 0.0 ], [ 36.068188677740707, -0.208728214166223, 0.0 ], [ 36.068191877597854, -0.208741414581673, 0.0 ], [ 36.068194476919246, -0.208755213933116, 0.0 ], [ 36.068197876789974, -0.208769114629628, 0.0 ], [ 36.068200277470901, -0.208784515921587, 0.0 ], [ 36.06820257697246, -0.208798616096597, 0.0 ], [ 36.068207576734835, -0.208814410007335, 0.0 ], [ 36.068213176994824, -0.208829811893061, 0.0 ], [ 36.068220777209788, -0.208848314197245, 0.0 ], [ 36.068230277135626, -0.208868410699522, 0.0 ], [ 36.068241476537303, -0.208890609152639, 0.0 ], [ 36.068252177331765, -0.208910612813831, 0.0 ], [ 36.068261977404475, -0.208928615869593, 0.0 ], [ 36.06827197701606, -0.208945010660616, 0.0 ], [ 36.068281576635378, -0.208959811532246, 0.0 ], [ 36.068291376634761, -0.208973312246532, 0.0 ], [ 36.068302177637491, -0.208985212073065, 0.0 ], [ 36.068312776886572, -0.208996110739453, 0.0 ], [ 36.068324177546167, -0.209007310433853, 0.0 ], [ 36.068336077140302, -0.209018915910808, 0.0 ], [ 36.068349676633275, -0.209030315696376, 0.0 ], [ 36.068362876758108, -0.209041615115074, 0.0 ], [ 36.068375977389195, -0.209052213368044, 0.0 ], [ 36.068389077416064, -0.209061211450762, 0.0 ], [ 36.068402477316113, -0.209069615963198, 0.0 ], [ 36.068415677057168, -0.209078113503339, 0.0 ], [ 36.068428876633263, -0.209087511873632, 0.0 ], [ 36.068442576921768, -0.20909740999511, 0.0 ], [ 36.06845447666295, -0.209108215840726, 0.0 ], [ 36.068467476701464, -0.209119214345107, 0.0 ], [ 36.068482777265807, -0.209128913082066, 0.0 ], [ 36.068498176665223, -0.209138010983084, 0.0 ], [ 36.068513076944576, -0.209147715970954, 0.0 ], [ 36.068528277081334, -0.209156914128448, 0.0 ], [ 36.068545376964963, -0.209167513127242, 0.0 ], [ 36.068564576682789, -0.209179812076601, 0.0 ], [ 36.068584077099302, -0.209191911399731, 0.0 ], [ 36.068602577007248, -0.209202910928234, 0.0 ], [ 36.068619677037304, -0.209212715716036, 0.0 ], [ 36.068635776615054, -0.209221113505196, 0.0 ], [ 36.068651976932976, -0.20922831050758, 0.0 ], [ 36.068668776815507, -0.209235313360321, 0.0 ], [ 36.068686476706553, -0.209243311178957, 0.0 ], [ 36.06870497621258, -0.209251615446798, 0.0 ], [ 36.068724476467345, -0.209259712990028, 0.0 ], [ 36.068743676078903, -0.209267710184598, 0.0 ], [ 36.068764676199542, -0.209275013794672, 0.0 ], [ 36.068781376187204, -0.209283511086806, 0.0 ], [ 36.068798277104477, -0.209292609271216, 0.0 ], [ 36.068815376147668, -0.209302914623413, 0.0 ], [ 36.068833576239207, -0.209314214075636, 0.0 ], [ 36.068852476453245, -0.209325112486172, 0.0 ], [ 36.0688699758743, -0.209334911027265, 0.0 ], [ 36.068885376322186, -0.209343208396797, 0.0 ], [ 36.068899476477256, -0.209350512533213, 0.0 ], [ 36.06891327595342, -0.209357909678634, 0.0 ], [ 36.068927276504844, -0.209365113503827, 0.0 ], [ 36.068941276197037, -0.20937210951459, 0.0 ], [ 36.068954976141818, -0.209379013308574, 0.0 ], [ 36.06896857558646, -0.209385810466196, 0.0 ], [ 36.068981475768716, -0.209393213769998, 0.0 ], [ 36.068993876796199, -0.209401411193729, 0.0 ], [ 36.069005875817744, -0.209409209177719, 0.0 ], [ 36.069019075691351, -0.209417012806445, 0.0 ], [ 36.069032776388781, -0.209424709910651, 0.0 ], [ 36.069045975236634, -0.209433213783909, 0.0 ], [ 36.069059576091625, -0.209442111676072, 0.0 ], [ 36.06907357545446, -0.209450909349504, 0.0 ], [ 36.069089175899791, -0.209460007296629, 0.0 ], [ 36.069106775732251, -0.209470412136469, 0.0 ], [ 36.06912637572303, -0.209482812367652, 0.0 ], [ 36.069150875122574, -0.209495411386281, 0.0 ], [ 36.06917537527292, -0.209508811846641, 0.0 ], [ 36.069202075650928, -0.209524606197716, 0.0 ], [ 36.069231874631946, -0.209542908453126, 0.0 ], [ 36.069262075692777, -0.209561211687826, 0.0 ], [ 36.069292475139584, -0.209579307145884, 0.0 ], [ 36.069325474511082, -0.209598109658108, 0.0 ], [ 36.069358674740364, -0.209617907007836, 0.0 ], [ 36.069390674884694, -0.209638410704643, 0.0 ], [ 36.06942447488067, -0.209661808780845, 0.0 ], [ 36.069461675022552, -0.209687808787349, 0.0 ], [ 36.069498474056573, -0.209713409355492, 0.0 ], [ 36.069532074717849, -0.209737307960877, 0.0 ], [ 36.069563674453406, -0.209758505509292, 0.0 ], [ 36.069595075109, -0.209778809419149, 0.0 ], [ 36.069627674530913, -0.209800707400785, 0.0 ], [ 36.069661275121035, -0.209825006280242, 0.0 ], [ 36.06969587464647, -0.209849205957643, 0.0 ], [ 36.069727974180374, -0.209871010785158, 0.0 ], [ 36.069757574493849, -0.209891107454291, 0.0 ], [ 36.0697847744378, -0.209908810195039, 0.0 ], [ 36.069810374400099, -0.209925104920341, 0.0 ], [ 36.069835374942372, -0.209940806811229, 0.0 ], [ 36.069859674777476, -0.209955207471985, 0.0 ], [ 36.06988437411048, -0.209969008256055, 0.0 ], [ 36.069909575109243, -0.209983008816969, 0.0 ], [ 36.069934974308516, -0.209997809953518, 0.0 ], [ 36.069961074492063, -0.210012410635096, 0.0 ], [ 36.069986274686762, -0.210025910635472, 0.0 ], [ 36.070010774118806, -0.210038411188402, 0.0 ], [ 36.070035774466653, -0.21005031007634, 0.0 ], [ 36.070061875057078, -0.210062709732204, 0.0 ], [ 36.07008847469443, -0.210074909798903, 0.0 ], [ 36.070113874522939, -0.210086309104155, 0.0 ], [ 36.070137974809697, -0.210097507581164, 0.0 ], [ 36.070159974837438, -0.210109307425849, 0.0 ], [ 36.070179374717462, -0.210121607348219, 0.0 ], [ 36.070199175029998, -0.210133105903883, 0.0 ], [ 36.070219774300135, -0.210143611616252, 0.0 ], [ 36.070241774384527, -0.210155110583083, 0.0 ], [ 36.070265474843985, -0.210168711506564, 0.0 ], [ 36.070291673813841, -0.210183012238385, 0.0 ], [ 36.070317274940166, -0.210197906486461, 0.0 ], [ 36.070342174165845, -0.210213106905003, 0.0 ], [ 36.070365974249377, -0.210226707849385, 0.0 ], [ 36.070389874232276, -0.210238807125776, 0.0 ], [ 36.070412973608988, -0.210251106839611, 0.0 ], [ 36.070436374527645, -0.210263505999866, 0.0 ], [ 36.070458773836883, -0.21027590587717, 0.0 ], [ 36.070479274055366, -0.210288206010776, 0.0 ], [ 36.070498874283452, -0.210299411787077, 0.0 ], [ 36.070516674257469, -0.210309910657554, 0.0 ], [ 36.070533474545954, -0.210319709096416, 0.0 ], [ 36.070550373596561, -0.210329306967577, 0.0 ], [ 36.070566174052175, -0.210339205513499, 0.0 ], [ 36.070579173520457, -0.210348509909352, 0.0 ], [ 36.07058917402474, -0.210355207025664, 0.0 ], [ 36.070598374160838, -0.210360809802799, 0.0 ], [ 36.070610273701277, -0.210367906639678, 0.0 ], [ 36.070625774594149, -0.210376710940818, 0.0 ], [ 36.070643373695503, -0.210386309847836, 0.0 ], [ 36.07066207395598, -0.210396307423001, 0.0 ], [ 36.070682973841237, -0.210407106851432, 0.0 ], [ 36.070706673797787, -0.210418605241584, 0.0 ], [ 36.070729573731811, -0.210432005439683, 0.0 ], [ 36.070752973278552, -0.210447006808935, 0.0 ], [ 36.070778573348157, -0.210462808225029, 0.0 ], [ 36.07080517414915, -0.21047850953553, 0.0 ], [ 36.070832273302798, -0.210492910742085, 0.0 ], [ 36.070856973606638, -0.21050640434433, 0.0 ], [ 36.070883173410934, -0.210521105360239, 0.0 ], [ 36.07090817338721, -0.210535105907054, 0.0 ], [ 36.070931472804176, -0.210548005621698, 0.0 ], [ 36.070954573124112, -0.210560104760843, 0.0 ], [ 36.070976673407671, -0.210573405425321, 0.0 ], [ 36.070995974038013, -0.210588606620875, 0.0 ], [ 36.071013673565055, -0.210603607834708, 0.0 ], [ 36.071033973501031, -0.210616707577644, 0.0 ], [ 36.071050973642521, -0.210628107140233, 0.0 ], [ 36.071067073868321, -0.210638005750392, 0.0 ], [ 36.071081574163905, -0.210646209919002, 0.0 ], [ 36.071094973468021, -0.210653106455544, 0.0 ], [ 36.071109373502217, -0.210659910114434, 0.0 ], [ 36.071127272633028, -0.210668107690744, 0.0 ], [ 36.071147773396021, -0.210677505658643, 0.0 ], [ 36.071168573117944, -0.210686410348345, 0.0 ], [ 36.071189473380073, -0.210695207535569, 0.0 ], [ 36.07121017320442, -0.210705606667124, 0.0 ], [ 36.071229272638249, -0.210716806038757, 0.0 ], [ 36.071247272726737, -0.210727504642376, 0.0 ], [ 36.071263773238734, -0.210737409655183, 0.0 ], [ 36.071277272972317, -0.210744806775369, 0.0 ], [ 36.071284373330904, -0.210748408721993, 0.0 ], [ 36.071286372851048, -0.210749009048477, 0.0 ], [ 36.071286873693282, -0.210748808555621, 0.0 ], [ 36.0712874732789, -0.210748508691513, 0.0 ] ], [ [ 36.0712874732789, -0.210748508691513, 0.0 ], [ 36.071348035876973, -0.210771928107041, 0.0 ] ] ] } },
{ "type": "Feature", "properties": { "Name": "Direct use road", "Type": "Murram", "Length_Km": 1.1028349341499999, "main__road": 0, "Type2": 0 }, "geometry": { "type": "MultiLineString", "coordinates": [ [ [ 36.0457793067296, -0.196649825086198, 0.0 ], [ 36.045836977496705, -0.196554458502036, 0.0 ], [ 36.045900776829576, -0.196449558134368, 0.0 ], [ 36.045965676811775, -0.196342655742161, 0.0 ], [ 36.046030577045336, -0.196234259814658, 0.0 ], [ 36.046090977828477, -0.196128057740913, 0.0 ], [ 36.046148677569839, -0.196024857586964, 0.0 ], [ 36.046208178131707, -0.195918855914209, 0.0 ], [ 36.046269676423137, -0.195807959294357, 0.0 ], [ 36.046330177849839, -0.19569565389571, 0.0 ], [ 36.046387177025551, -0.19558495704587, 0.0 ], [ 36.04643977728449, -0.195476354684688, 0.0 ], [ 36.046489775984782, -0.195376756366137, 0.0 ], [ 36.046542476594546, -0.19528465594217, 0.0 ], [ 36.04660087667969, -0.195200158744934, 0.0 ], [ 36.04666677691516, -0.195121357751586, 0.0 ], [ 36.046738076750088, -0.195045657677271, 0.0 ], [ 36.046811074255146, -0.194972053158614, 0.0 ], [ 36.046883274607254, -0.194899555306752, 0.0 ], [ 36.046955675024478, -0.194822255254561, 0.0 ], [ 36.047025874953441, -0.194738951800816, 0.0 ], [ 36.047089674240752, -0.194654554862906, 0.0 ], [ 36.047146777153152, -0.194571751468952, 0.0 ], [ 36.047197576521278, -0.194486854410421, 0.0 ], [ 36.047244273703875, -0.194395553361073, 0.0 ], [ 36.047288976443554, -0.19429515528396, 0.0 ], [ 36.047332875883647, -0.194184550858481, 0.0 ], [ 36.047377275228122, -0.194063354505176, 0.0 ], [ 36.047426273148041, -0.193932252707317, 0.0 ], [ 36.047481374798778, -0.193790753302222, 0.0 ], [ 36.047540675178645, -0.19364204991223, 0.0 ], [ 36.047597474774257, -0.193490351796196, 0.0 ], [ 36.047650474925867, -0.193340947958081, 0.0 ], [ 36.047704572909332, -0.19319545293861, 0.0 ], [ 36.047763473425491, -0.193054453763947, 0.0 ], [ 36.047822973592837, -0.19291785032079, 0.0 ], [ 36.047881474084683, -0.192785749853508, 0.0 ], [ 36.047936071957999, -0.192661052175285, 0.0 ], [ 36.047985173949932, -0.192545152959009, 0.0 ], [ 36.04803017385116, -0.19243275508605, 0.0 ], [ 36.048070574612154, -0.19231765578019, 0.0 ], [ 36.048104072433041, -0.192204950522781, 0.0 ], [ 36.048132173690327, -0.192097555246893, 0.0 ], [ 36.048159974604523, -0.191993555357574, 0.0 ], [ 36.048190773215183, -0.191894150397072, 0.0 ], [ 36.048227272226811, -0.191802350467015, 0.0 ], [ 36.04827347276337, -0.191717253631277, 0.0 ], [ 36.048327974505263, -0.19164035317427, 0.0 ], [ 36.048389772293341, -0.191571551342754, 0.0 ], [ 36.048460071784, -0.191508852457575, 0.0 ], [ 36.048537572007717, -0.191455351770541, 0.0 ], [ 36.048616572133241, -0.191411255214919, 0.0 ], [ 36.048690273745017, -0.191376550788144, 0.0 ], [ 36.04875787188476, -0.191350750451849, 0.0 ], [ 36.048823271914387, -0.191331353015749, 0.0 ], [ 36.048889572378627, -0.191315751438248, 0.0 ], [ 36.048960172611892, -0.191300549951159, 0.0 ], [ 36.049035370405477, -0.191281452344656, 0.0 ], [ 36.049114371064483, -0.191255652133589, 0.0 ], [ 36.049198871065364, -0.191221747335126, 0.0 ], [ 36.049288671182055, -0.191179652077964, 0.0 ], [ 36.049382371823128, -0.191131847200478, 0.0 ], [ 36.049477671456067, -0.191080647139515, 0.0 ], [ 36.049571469927145, -0.19102754669949, 0.0 ], [ 36.049662969693273, -0.190970650148031, 0.0 ], [ 36.049752469542625, -0.190905049585415, 0.0 ], [ 36.049838370243187, -0.190830251412548, 0.0 ], [ 36.049916970409491, -0.190747247972347, 0.0 ], [ 36.049987870506037, -0.190656948143557, 0.0 ], [ 36.050051469691951, -0.190560645843391, 0.0 ], [ 36.050108969708987, -0.190458246406935, 0.0 ], [ 36.050162069723143, -0.190348349658802, 0.0 ], [ 36.050210471249024, -0.190234050124382, 0.0 ], [ 36.050254770825383, -0.190117050148494, 0.0 ], [ 36.050297970244948, -0.189999048869866, 0.0 ], [ 36.050338270801795, -0.18988094860623, 0.0 ], [ 36.050374869528092, -0.189766449161221, 0.0 ], [ 36.050407069031579, -0.189655845871299, 0.0 ], [ 36.050437968067236, -0.189550651764901, 0.0 ], [ 36.050464768473411, -0.189449745997462, 0.0 ], [ 36.05048827090188, -0.18935254954558, 0.0 ], [ 36.050507370505052, -0.189259347737984, 0.0 ], [ 36.050523169240925, -0.189171048805734, 0.0 ], [ 36.050536969192123, -0.189088646848241, 0.0 ], [ 36.050548268599691, -0.189012547464757, 0.0 ], [ 36.05055786981405, -0.188942751694796, 0.0 ], [ 36.050568169099137, -0.188879352102432, 0.0 ], [ 36.050577770139519, -0.188821349152581, 0.0 ], [ 36.050589669795464, -0.188767747664594, 0.0 ], [ 36.050606468356555, -0.188722250726195, 0.0 ], [ 36.050626068242352, -0.188680449679961, 0.0 ], [ 36.05064656924943, -0.188643750092574, 0.0 ], [ 36.050666469292437, -0.188610346466101, 0.0 ], [ 36.05068136982419, -0.188580151322049, 0.0 ], [ 36.050692269496125, -0.18855465112962, 0.0 ], [ 36.050701070705472, -0.188535448161228, 0.0 ], [ 36.050707870678671, -0.188520747126927, 0.0 ], [ 36.050712469343523, -0.188510148634638, 0.0 ], [ 36.050714470777628, -0.188504452238583, 0.0 ], [ 36.050714470960273, -0.188503351743698, 0.0 ], [ 36.050713370430721, -0.188504652636308, 0.0 ], [ 36.050712269885757, -0.188506046592114, 0.0 ], [ 36.050711369478321, -0.188507446906267, 0.0 ], [ 36.050710368585975, -0.188508647524234, 0.0 ], [ 36.05070916757154, -0.188509748720636, 0.0 ], [ 36.050708171183267, -0.188510849047943, 0.0 ], [ 36.050707170324081, -0.188511849986605, 0.0 ], [ 36.050706069844473, -0.188512850004989, 0.0 ], [ 36.050705069001935, -0.188513750652241, 0.0 ], [ 36.050704069073504, -0.188514551008248, 0.0 ], [ 36.050703167868178, -0.188515351380845, 0.0 ] ] ] } },
{ "type": "Feature", "properties": { "Name": "Mvuke road", "Type": "Murram", "Length_Km": 0.39729341304, "main__road": 0, "Type2": 1 }, "geometry": { "type": "MultiLineString", "coordinates": [ [ [ 36.057668908733312, -0.214076402932433, 0.0 ], [ 36.057673755391548, -0.214070500180595, 0.0 ], [ 36.057697154930629, -0.214036136102375, 0.0 ], [ 36.057723589878016, -0.213996479712115, 0.0 ], [ 36.057753967560515, -0.213951716406243, 0.0 ], [ 36.057785432573404, -0.213899678969589, 0.0 ], [ 36.057791582633151, -0.21388769479137, 0.0 ], [ 36.05781606076745, -0.213839997489854, 0.0 ], [ 36.057845750541929, -0.21377841660362, 0.0 ], [ 36.057875547039451, -0.213717236902567, 0.0 ], [ 36.057904984960892, -0.213658583405433, 0.0 ], [ 36.057932960314979, -0.21360287785167, 0.0 ], [ 36.057958647636227, -0.213548923808082, 0.0 ], [ 36.057982192045309, -0.21349339540108, 0.0 ], [ 36.058005396718691, -0.213435655080363, 0.0 ], [ 36.05803207505415, -0.213380676612325, 0.0 ], [ 36.058060443393757, -0.213330304670041, 0.0 ], [ 36.058085102185849, -0.213281105708009, 0.0 ], [ 36.058106816566955, -0.21323054636797, 0.0 ], [ 36.058129995267223, -0.21317724056627, 0.0 ], [ 36.058157130926112, -0.213119533505094, 0.0 ], [ 36.058188108598337, -0.21306256626026, 0.0 ], [ 36.058220878571674, -0.213010304045251, 0.0 ], [ 36.058252040879147, -0.212964218068824, 0.0 ], [ 36.058278289166431, -0.212919526210849, 0.0 ], [ 36.05830284455444, -0.21287607186879, 0.0 ], [ 36.058328303754067, -0.212832401751987, 0.0 ], [ 36.058355796464134, -0.212789804511887, 0.0 ], [ 36.058385223941563, -0.212748384035813, 0.0 ], [ 36.058417274752728, -0.212707118558982, 0.0 ], [ 36.058451921357914, -0.212664499176612, 0.0 ], [ 36.058488919036101, -0.212623754163591, 0.0 ], [ 36.05852776693024, -0.21258519333657, 0.0 ], [ 36.058571955591553, -0.212552487506307, 0.0 ], [ 36.058622315798907, -0.212527232469007, 0.0 ], [ 36.058675909367871, -0.21250837143892, 0.0 ], [ 36.058730203724082, -0.212495141355447, 0.0 ], [ 36.058783931350064, -0.212484138371425, 0.0 ], [ 36.05883793635391, -0.212477665752138, 0.0 ], [ 36.058893090597543, -0.212473591325882, 0.0 ], [ 36.058951017533595, -0.212472492757943, 0.0 ], [ 36.059010541069526, -0.212476405485756, 0.0 ], [ 36.059069194523246, -0.212482549775465, 0.0 ], [ 36.059127667376636, -0.21248980628057, 0.0 ], [ 36.059187063546943, -0.212498155332606, 0.0 ], [ 36.059247288759742, -0.212507800208835, 0.0 ], [ 36.059305704590976, -0.212517676951219, 0.0 ], [ 36.05936293014117, -0.212528683789055, 0.0 ], [ 36.059419964415248, -0.212540297765938, 0.0 ], [ 36.059474780106108, -0.212551849883308, 0.0 ], [ 36.059527471525769, -0.212562934472477, 0.0 ], [ 36.059578550170208, -0.212573945570799, 0.0 ], [ 36.059629329016289, -0.212585163522354, 0.0 ], [ 36.059679623010524, -0.212597499053828, 0.0 ], [ 36.05972754176674, -0.212612394750288, 0.0 ], [ 36.059773185822806, -0.212629747628199, 0.0 ], [ 36.059817773843392, -0.212650242797187, 0.0 ], [ 36.05986139215733, -0.212672971319084, 0.0 ], [ 36.059904328131921, -0.212697022486636, 0.0 ], [ 36.059947229268055, -0.212725004020973, 0.0 ], [ 36.059991026900597, -0.212758311155186, 0.0 ], [ 36.060035992430656, -0.212795024835703, 0.0 ], [ 36.060081373350627, -0.212832537321719, 0.0 ], [ 36.060127978284129, -0.212870935506011, 0.0 ], [ 36.060177428909299, -0.212910695858807, 0.0 ], [ 36.060229430753921, -0.212952327014269, 0.0 ] ] ] } },
{ "type": "Feature", "properties": { "Name": null, "Type": "Murram", "Length_Km": 0.21341067202, "main__road": 0, "Type2": 0 }, "geometry": { "type": "MultiLineString", "coordinates": [ [ [ 36.062874018496103, -0.214129930075663, 0.0 ], [ 36.062875838412808, -0.214111909395176, 0.0 ], [ 36.062876553068548, -0.214101031860365, 0.0 ], [ 36.062877484529963, -0.214092216236207, 0.0 ], [ 36.062879085231508, -0.214089716456893, 0.0 ], [ 36.062886884608446, -0.214084116019515, 0.0 ], [ 36.062898684622937, -0.214075816578558, 0.0 ], [ 36.062910684576948, -0.21406381629155, 0.0 ], [ 36.06292068488186, -0.214047216624353, 0.0 ], [ 36.062926684539967, -0.214023816181645, 0.0 ], [ 36.062926484070374, -0.213996916065606, 0.0 ], [ 36.062920484647883, -0.213971316840613, 0.0 ], [ 36.062906184788559, -0.213947917049001, 0.0 ], [ 36.062884284467337, -0.213922316603702, 0.0 ], [ 36.062858384490092, -0.213889416633346, 0.0 ], [ 36.062831084055063, -0.213848915852546, 0.0 ], [ 36.062803684264274, -0.213802215894009, 0.0 ], [ 36.062774984308128, -0.213749115944758, 0.0 ], [ 36.062744284309694, -0.213688715950464, 0.0 ], [ 36.062713083792232, -0.213622016411518, 0.0 ], [ 36.062682184889063, -0.213550216473248, 0.0 ], [ 36.062652084529411, -0.213474816100049, 0.0 ], [ 36.062623184583281, -0.213396915875103, 0.0 ], [ 36.062593884875206, -0.21331621642414, 0.0 ], [ 36.062569084690885, -0.213233416207163, 0.0 ], [ 36.062548484620983, -0.213151416420073, 0.0 ], [ 36.06253148478428, -0.213072116180388, 0.0 ], [ 36.062518684856158, -0.212994716875293, 0.0 ], [ 36.062510184832718, -0.212922016773174, 0.0 ], [ 36.062506083812941, -0.212856815949293, 0.0 ], [ 36.062505584599243, -0.212800315954381, 0.0 ], [ 36.062506984068165, -0.212750816010918, 0.0 ], [ 36.062508583807528, -0.212705415447178, 0.0 ], [ 36.06251048396247, -0.212661315128176, 0.0 ], [ 36.06251348448005, -0.212617014432374, 0.0 ], [ 36.062518584288966, -0.212572414159703, 0.0 ], [ 36.062523384090589, -0.212529114017875, 0.0 ], [ 36.062528484403096, -0.212491414047501, 0.0 ], [ 36.062534383429302, -0.21245881378399, 0.0 ], [ 36.062544283648329, -0.212425313451564, 0.0 ], [ 36.062557983590366, -0.212388413831632, 0.0 ], [ 36.062575941669074, -0.212349215516968, 0.0 ], [ 36.062576583638446, -0.212347813350672, 0.0 ], [ 36.062589434243591, -0.212326991085297, 0.0 ] ] ] } },
{ "type": "Feature", "properties": { "Name": null, "Type": "Murram", "Length_Km": 0.22169680993, "main__road": 0, "Type2": 0 }, "geometry": { "type": "MultiLineString", "coordinates": [ [ [ 36.058294284916123, -0.208665659120129, 0.0 ], [ 36.058294484955368, -0.208666209408531, 0.0 ], [ 36.058294885070666, -0.208667109401196, 0.0 ], [ 36.058296085471596, -0.208669509406425, 0.0 ], [ 36.058298403391319, -0.208676015270612, 0.0 ], [ 36.058299184702307, -0.20867820919252, 0.0 ], [ 36.058303584557265, -0.208695809014496, 0.0 ], [ 36.058307885245711, -0.208720708456241, 0.0 ], [ 36.058308701860881, -0.208735924093436, 0.0 ], [ 36.058309485384683, -0.208750508155358, 0.0 ], [ 36.058311285516112, -0.208781108421448, 0.0 ], [ 36.05831868472081, -0.208808808487237, 0.0 ], [ 36.058330984350384, -0.208830908468219, 0.0 ], [ 36.058345185306358, -0.208845709165269, 0.0 ], [ 36.058362285322602, -0.208854708820686, 0.0 ], [ 36.058382085594786, -0.208860408375042, 0.0 ], [ 36.058406585163567, -0.20886100836369, 0.0 ], [ 36.058435184760796, -0.208860008055977, 0.0 ], [ 36.058464585250334, -0.208857208060505, 0.0 ], [ 36.058493685173282, -0.208853908355383, 0.0 ], [ 36.058525785222393, -0.208851608515485, 0.0 ], [ 36.058562784762366, -0.208848808126776, 0.0 ], [ 36.05859788431701, -0.208846008287679, 0.0 ], [ 36.058637184328475, -0.208842107823831, 0.0 ], [ 36.058679084700593, -0.208836408006486, 0.0 ], [ 36.058721883847426, -0.208828608545841, 0.0 ], [ 36.058764484577175, -0.208821208409016, 0.0 ], [ 36.058804584588579, -0.208815508254861, 0.0 ], [ 36.058843784179977, -0.208811108116375, 0.0 ], [ 36.058886983886772, -0.208806708721792, 0.0 ], [ 36.058932183862709, -0.20880360807569, 0.0 ], [ 36.058975884370426, -0.208804108632452, 0.0 ], [ 36.05902068468918, -0.208807408538875, 0.0 ], [ 36.059067284806353, -0.208813808802029, 0.0 ], [ 36.059113583825606, -0.208822608793309, 0.0 ], [ 36.05915578461147, -0.208833008179647, 0.0 ], [ 36.059196084495433, -0.208843508408642, 0.0 ], [ 36.059232983733899, -0.208854308881986, 0.0 ], [ 36.059267384359806, -0.208865108890946, 0.0 ], [ 36.059301084138333, -0.208875409116216, 0.0 ], [ 36.059331684040316, -0.208885408792069, 0.0 ], [ 36.059365283797703, -0.208893008338942, 0.0 ], [ 36.059384134334003, -0.208894958058101, 0.0 ], [ 36.059402983972973, -0.208896908680657, 0.0 ], [ 36.059444784091703, -0.208894808517454, 0.0 ], [ 36.059492384440148, -0.208889208241772, 0.0 ], [ 36.059543283528285, -0.208881108502475, 0.0 ], [ 36.059568484203226, -0.208876057922937, 0.0 ], [ 36.059576696546621, -0.208874412309794, 0.0 ], [ 36.059593683981042, -0.208871008246493, 0.0 ], [ 36.059644482885247, -0.208861107744453, 0.0 ], [ 36.059688659645367, -0.208853702472276, 0.0 ], [ 36.059695784147671, -0.208852508423071, 0.0 ], [ 36.059834585106344, -0.208801512608416, 0.0 ], [ 36.059874285443705, -0.208792713250525, 0.0 ], [ 36.059905985361439, -0.208789813382397, 0.0 ], [ 36.059962984360865, -0.208798313586807, 0.0 ], [ 36.060108882885139, -0.208829509026921, 0.0 ] ] ] } },
{ "type": "Feature", "properties": { "Name": null, "Type": "Murram", "Length_Km": 0.43963686803000002, "main__road": 0, "Type2": 0 }, "geometry": { "type": "MultiLineString", "coordinates": [ [ [ 36.050329786278105, -0.206271590553912, 0.0 ], [ 36.050339886396777, -0.206277390341119, 0.0 ], [ 36.050360686583723, -0.206296491098368, 0.0 ], [ 36.050381086299431, -0.20632159119449, 0.0 ], [ 36.050401886668588, -0.206354490601172, 0.0 ], [ 36.050419786437367, -0.20639689095288, 0.0 ], [ 36.050430087019322, -0.20644529112347, 0.0 ], [ 36.050429986998509, -0.206496791180446, 0.0 ], [ 36.050422686453864, -0.206553290924485, 0.0 ], [ 36.050408786976391, -0.20661819133706, 0.0 ], [ 36.050388286806388, -0.206691291833594, 0.0 ], [ 36.050363286782783, -0.2067685910843, 0.0 ], [ 36.050333987280297, -0.206848791661804, 0.0 ], [ 36.050300986956806, -0.206931691285857, 0.0 ], [ 36.050265686928959, -0.207016491497728, 0.0 ], [ 36.050229487361598, -0.20710269200257, 0.0 ], [ 36.050192987095073, -0.207189092125156, 0.0 ], [ 36.050157087841974, -0.207272192677355, 0.0 ], [ 36.050122787970096, -0.207349992535201, 0.0 ], [ 36.050090987363092, -0.207424092913841, 0.0 ], [ 36.050060088391973, -0.20749509345887, 0.0 ], [ 36.050028688163216, -0.207563694142831, 0.0 ], [ 36.049998287763636, -0.207632094425689, 0.0 ], [ 36.049970288036, -0.207700993896486, 0.0 ], [ 36.049944288738949, -0.207770194609215, 0.0 ], [ 36.049921088504227, -0.207840394234329, 0.0 ], [ 36.049902588383411, -0.207910594729903, 0.0 ], [ 36.049890588727344, -0.207980794624466, 0.0 ], [ 36.04988558877308, -0.208054595464734, 0.0 ], [ 36.049884389048707, -0.208131694879363, 0.0 ], [ 36.049887588706781, -0.208209195374372, 0.0 ], [ 36.049894788698346, -0.20828529524651, 0.0 ], [ 36.049904989264355, -0.208359795534789, 0.0 ], [ 36.049917188630573, -0.208433695352336, 0.0 ], [ 36.049930888546825, -0.208507796033824, 0.0 ], [ 36.049945488542129, -0.208582395631052, 0.0 ], [ 36.049959689024014, -0.208657695388012, 0.0 ], [ 36.04997458851151, -0.208733695509626, 0.0 ], [ 36.049990789289502, -0.208809994943123, 0.0 ], [ 36.050007488971076, -0.208886795025135, 0.0 ], [ 36.050024489157238, -0.208964394785762, 0.0 ], [ 36.050042088820348, -0.209042194339904, 0.0 ], [ 36.050060289023669, -0.209119294679913, 0.0 ], [ 36.050078088508457, -0.209193894892023, 0.0 ], [ 36.050094789088782, -0.209265693971382, 0.0 ], [ 36.050099912765596, -0.209290303354959, 0.0 ], [ 36.050109488498663, -0.20933629460339, 0.0 ], [ 36.050123888599479, -0.209409294041938, 0.0 ], [ 36.050137888215033, -0.209483393901688, 0.0 ], [ 36.050150388630492, -0.209554793747653, 0.0 ], [ 36.050162488532145, -0.209622593873676, 0.0 ], [ 36.050176288309046, -0.209685293013506, 0.0 ], [ 36.050190588248483, -0.209741693770678, 0.0 ], [ 36.05020328842614, -0.209790792837644, 0.0 ], [ 36.050212788500133, -0.209833292856883, 0.0 ], [ 36.050218288387882, -0.209871493150828, 0.0 ], [ 36.0502197884786, -0.209903293021672, 0.0 ], [ 36.050211144448291, -0.209958606150549, 0.0 ], [ 36.050159271517856, -0.21006139595775, 0.0 ] ] ] } },
{ "type": "Feature", "properties": { "Name": null, "Type": "Murram", "Length_Km": 0.46344820106000001, "main__road": 0, "Type2": 0 }, "geometry": { "type": "MultiLineString", "coordinates": [ [ [ 36.062462379647272, -0.207128153293581, 0.0 ], [ 36.062470710989494, -0.207123692266143, 0.0 ], [ 36.062490083469719, -0.207113318728534, 0.0 ], [ 36.062510614594188, -0.20710305292483, 0.0 ], [ 36.062532283843531, -0.207092219006454, 0.0 ], [ 36.06254763385077, -0.207086282894382, 0.0 ], [ 36.062583484043664, -0.207072419322177, 0.0 ], [ 36.062641083760752, -0.207055419969309, 0.0 ], [ 36.062700183246378, -0.207038120013303, 0.0 ], [ 36.062759583947098, -0.207022720246968, 0.0 ], [ 36.062811483898692, -0.207009521014451, 0.0 ], [ 36.062856484021061, -0.207000721633919, 0.0 ], [ 36.06289278398507, -0.207001021969428, 0.0 ], [ 36.062920591184792, -0.207010015468884, 0.0 ], [ 36.062923083377534, -0.207010821882179, 0.0 ], [ 36.06294908402699, -0.207029122375323, 0.0 ], [ 36.062973984647492, -0.207050722380747, 0.0 ], [ 36.06299718462212, -0.207081623075469, 0.0 ], [ 36.063014984420874, -0.207117222971675, 0.0 ], [ 36.063031384389902, -0.207156322910329, 0.0 ], [ 36.063048083920705, -0.207196522508978, 0.0 ], [ 36.063066984140903, -0.207236522833085, 0.0 ], [ 36.063088084244278, -0.20727582332364, 0.0 ], [ 36.063109484291843, -0.207314122752786, 0.0 ], [ 36.063131484392173, -0.20734952284604, 0.0 ], [ 36.063153284090426, -0.207381423507488, 0.0 ], [ 36.063176384420636, -0.207412423584449, 0.0 ], [ 36.063204085199175, -0.207448923434134, 0.0 ], [ 36.063233184641717, -0.207488323895646, 0.0 ], [ 36.063258584432432, -0.207528723890848, 0.0 ], [ 36.063281184848222, -0.207569623930045, 0.0 ], [ 36.063301784658407, -0.207611023256979, 0.0 ], [ 36.063320284901181, -0.207654223849238, 0.0 ], [ 36.063337138153287, -0.207697908434107, 0.0 ], [ 36.063337684469019, -0.207699323473196, 0.0 ], [ 36.063357284635551, -0.20774472347941, 0.0 ], [ 36.063379484876926, -0.207789923382784, 0.0 ], [ 36.063403484829294, -0.207833824335194, 0.0 ], [ 36.063428084616973, -0.207876024041069, 0.0 ], [ 36.063454484940777, -0.207917324159415, 0.0 ], [ 36.063481084635306, -0.207957924075715, 0.0 ], [ 36.063505584156673, -0.207998724190392, 0.0 ], [ 36.0635275841382, -0.208039624136757, 0.0 ], [ 36.063549084637316, -0.208083123467179, 0.0 ], [ 36.063571484444715, -0.208131423456116, 0.0 ], [ 36.063590284657678, -0.208178324105477, 0.0 ], [ 36.063604784881939, -0.208220823736116, 0.0 ], [ 36.063617384687682, -0.208260723540609, 0.0 ], [ 36.063628384424831, -0.208299723126903, 0.0 ], [ 36.063637684197133, -0.208339323250792, 0.0 ], [ 36.063644284525431, -0.208377722978113, 0.0 ], [ 36.063651384590841, -0.208412123744953, 0.0 ], [ 36.063654609829648, -0.208423875741778, 0.0 ], [ 36.063660083586583, -0.208443823233902, 0.0 ], [ 36.063668960152278, -0.208471345705858, 0.0 ], [ 36.063670984647807, -0.208477622951158, 0.0 ], [ 36.063682284855531, -0.208517623715901, 0.0 ], [ 36.063693983696844, -0.208566623781653, 0.0 ], [ 36.063707684040175, -0.208624923420433, 0.0 ], [ 36.063721984511133, -0.208689723215749, 0.0 ], [ 36.063736084141055, -0.208758323251201, 0.0 ], [ 36.063750184499625, -0.208827823211185, 0.0 ], [ 36.063764984258832, -0.208895923724333, 0.0 ], [ 36.063781784163531, -0.208961123354345, 0.0 ], [ 36.063804384478502, -0.209026823720836, 0.0 ], [ 36.063831883936544, -0.209094023065454, 0.0 ], [ 36.063866584555313, -0.209163023598869, 0.0 ], [ 36.063903983790034, -0.209232823365494, 0.0 ], [ 36.063942484851097, -0.209304223505863, 0.0 ], [ 36.063981783800266, -0.209375523507095, 0.0 ], [ 36.064021184273855, -0.209446223583604, 0.0 ], [ 36.064062984406029, -0.209518223398587, 0.0 ], [ 36.064105384499463, -0.209592723417907, 0.0 ], [ 36.064147283824752, -0.209667023667685, 0.0 ], [ 36.064190383976587, -0.209741423536099, 0.0 ], [ 36.064236484708239, -0.209814422583987, 0.0 ], [ 36.064283583253996, -0.209883622449985, 0.0 ], [ 36.064327884588486, -0.209946422948236, 0.0 ], [ 36.064371584298122, -0.210001123126927, 0.0 ], [ 36.064414684941504, -0.210053323109996, 0.0 ], [ 36.064460084966377, -0.2101055226232, 0.0 ], [ 36.064498283823731, -0.210155922754886, 0.0 ], [ 36.064553028988016, -0.210196100650264, 0.0 ], [ 36.064612048832281, -0.210227038870604, 0.0 ] ] ] } },
{ "type": "Feature", "properties": { "Name": null, "Type": "Murram", "Length_Km": 0.0, "main__road": 0, "Type2": 0 }, "geometry": { "type": "MultiLineString", "coordinates": [ ] } },
{ "type": "Feature", "properties": { "Name": null, "Type": "Tarmac", "Length_Km": 0.56640185478000005, "main__road": 0, "Type2": 11 }, "geometry": { "type": "MultiLineString", "coordinates": [ [ [ 36.062224563726843, -0.281117444420723, 0.0 ], [ 36.062490585964554, -0.283644736593427, 0.0 ], [ 36.062654502619814, -0.284751051979412, 0.0 ], [ 36.062982231467124, -0.286170866945525, 0.0 ] ] ] } },
{ "type": "Feature", "properties": { "Name": null, "Type": "Tarmac", "Length_Km": 0.33274568987000003, "main__road": 0, "Type2": 11 }, "geometry": { "type": "MultiLineString", "coordinates": [ [ [ 36.06272051874636, -0.286822646051244, 0.0 ], [ 36.062698329486757, -0.286728350079139, 0.0 ], [ 36.062706650463781, -0.286542531031532, 0.0 ], [ 36.062784314266665, -0.286323431707381, 0.0 ], [ 36.062884168533181, -0.286215267844056, 0.0 ], [ 36.063031175869121, -0.28614870577458, 0.0 ], [ 36.063175409123943, -0.286145932633434, 0.0 ], [ 36.063278036732484, -0.286151479463646, 0.0 ], [ 36.063386211875205, -0.286195854476907, 0.0 ], [ 36.063499935223085, -0.286326205122072, 0.0 ], [ 36.063566504048119, -0.286470422053261, 0.0 ], [ 36.063574825288747, -0.286692295709923, 0.0 ], [ 36.063583146785618, -0.286817099728554, 0.0 ], [ 36.063527672532167, -0.286933583, 0.0 ], [ 36.063411176203246, -0.287047293025463, 0.0 ], [ 36.063236431577828, -0.287088894027418, 0.0 ], [ 36.063128256104577, -0.287102761776768, 0.0 ], [ 36.062934095911565, -0.287080574458231, 0.0 ], [ 36.062789862376519, -0.287002918322826, 0.0 ], [ 36.062737161092869, -0.286886435428131, 0.0 ], [ 36.062723293110984, -0.286825419713463, 0.0 ] ] ] } },
{ "type": "Feature", "properties": { "Name": null, "Type": "Murram", "Length_Km": 0.0, "main__road": 0, "Type2": 0 }, "geometry": { "type": "MultiLineString", "coordinates": [ ] } },
{ "type": "Feature", "properties": { "Name": null, "Type": "Murram", "Length_Km": 0.0, "main__road": 0, "Type2": 0 }, "geometry": { "type": "MultiLineString", "coordinates": [ ] } },
{ "type": "Feature", "properties": { "Name": null, "Type": "Murram", "Length_Km": 6.1705386674899998, "main__road": 0, "Type2": 11 }, "geometry": { "type": "MultiLineString", "coordinates": [ [ [ 36.010478787380478, -0.169175846159322, 0.0 ], [ 36.010904964937119, -0.167459931447046, 0.0 ], [ 36.011206518413715, -0.163163095045813, 0.0 ], [ 36.010885714530986, -0.161192659616533, 0.0 ], [ 36.010633654673619, -0.154089927381851, 0.0 ], [ 36.010725312736078, -0.150928065837675, 0.0 ], [ 36.010129533867286, -0.149003454705373, 0.0 ], [ 36.009533754926828, -0.147857852115067, 0.0 ], [ 36.008915062455088, -0.146574778737494, 0.0 ], [ 36.007769333837352, -0.145612472809585, 0.0 ], [ 36.006577776471829, -0.14341291657872, 0.0 ], [ 36.00602782771022, -0.141396657275979, 0.0 ], [ 36.005844510770629, -0.140067759270529, 0.0 ], [ 36.006394460118088, -0.137226666040434, 0.0 ], [ 36.006211143354193, -0.135347878311334, 0.0 ], [ 36.004996672128449, -0.130444701802317, 0.0 ], [ 36.003117677976519, -0.123616914393067, 0.0 ], [ 36.001674060250743, -0.118026376339324, 0.0 ], [ 36.001010909516502, -0.115581581318211, 0.0 ] ] ] } },
{ "type": "Feature", "properties": { "Name": null, "Type": "Murram", "Length_Km": 0.76378403406999995, "main__road": 0, "Type2": 0 }, "geometry": { "type": "MultiLineString", "coordinates": [ [ [ 35.997764394716519, -0.109641647005706, 0.0 ], [ 35.999295972952162, -0.111460544404734, 0.0 ], [ 35.999810943935586, -0.112123589945712, 0.0 ], [ 36.00015397117317, -0.112901706350712, 0.0 ], [ 36.000554156559005, -0.113823911438607, 0.0 ], [ 36.001010909516488, -0.11558158131823, 0.0 ] ] ] } },
{ "type": "Feature", "properties": { "Name": null, "Type": "Tarmac", "Length_Km": 10.415329252599999, "main__road": 1, "Type2": 11 }, "geometry": { "type": "MultiLineString", "coordinates": [ [ [ 36.006888621855616, -0.220527876048762, 0.0 ], [ 36.006975291463966, -0.221148056168947, 0.0 ], [ 36.006996071692946, -0.22127135602363, 0.0 ], [ 36.007014851695416, -0.221398176382144, 0.0 ], [ 36.007032031466487, -0.221529856296828, 0.0 ], [ 36.007048461702396, -0.221671336222726, 0.0 ], [ 36.007063381742313, -0.221820706028594, 0.0 ], [ 36.007075871485256, -0.221979036164666, 0.0 ], [ 36.007088442052428, -0.222146006397426, 0.0 ], [ 36.00710009227339, -0.222319676731711, 0.0 ], [ 36.007113752313373, -0.222500055890428, 0.0 ], [ 36.007121722209824, -0.22268638609724, 0.0 ], [ 36.007126831749304, -0.222877996628556, 0.0 ], [ 36.007129851903656, -0.223074556058095, 0.0 ], [ 36.007129351542829, -0.223274546231147, 0.0 ], [ 36.007126331822697, -0.223475456549485, 0.0 ], [ 36.007120962158368, -0.223678296244691, 0.0 ], [ 36.007112581589077, -0.223885246206505, 0.0 ], [ 36.007104372281532, -0.224097225929872, 0.0 ], [ 36.007096661835575, -0.224314066528872, 0.0 ], [ 36.007086772345744, -0.224535346431422, 0.0 ], [ 36.00707587230167, -0.224760996305758, 0.0 ], [ 36.007065472213924, -0.224990486110826, 0.0 ], [ 36.007054662062764, -0.225223836441103, 0.0 ], [ 36.007042932129295, -0.225460876432182, 0.0 ], [ 36.007031782183653, -0.225700936000966, 0.0 ], [ 36.007023571464977, -0.225944766431949, 0.0 ], [ 36.007016192049946, -0.226191446637731, 0.0 ], [ 36.007008141676195, -0.22644063659771, 0.0 ], [ 36.006999091906131, -0.226692186264409, 0.0 ], [ 36.006988452340529, -0.2269454865631, 0.0 ], [ 36.00697797215517, -0.227200296621553, 0.0 ], [ 36.006968082159048, -0.227456446672647, 0.0 ], [ 36.006958772077638, -0.227711506326341, 0.0 ], [ 36.006948971751285, -0.227963045876713, 0.0 ], [ 36.006938071986134, -0.228210225855044, 0.0 ], [ 36.006927932281002, -0.228453136091933, 0.0 ], [ 36.006918121572468, -0.22869319588137, 0.0 ], [ 36.0069087322318, -0.228930735920233, 0.0 ], [ 36.006900521637824, -0.229166096078697, 0.0 ], [ 36.006891721815471, -0.229399285927726, 0.0 ], [ 36.00688267188432, -0.229630876543376, 0.0 ], [ 36.006873781545536, -0.229862975853274, 0.0 ], [ 36.006863471929684, -0.230096826729848, 0.0 ], [ 36.006852491783121, -0.230331096681008, 0.0 ], [ 36.006843522165887, -0.230563945858526, 0.0 ], [ 36.006836152011793, -0.230795545840656, 0.0 ], [ 36.006827852018425, -0.231027306445707, 0.0 ], [ 36.006818542155429, -0.231259986587806, 0.0 ], [ 36.006808821901657, -0.231493665899445, 0.0 ], [ 36.006795832153635, -0.231727526120264, 0.0 ], [ 36.006782591828149, -0.231962056672122, 0.0 ], [ 36.006771441526354, -0.232196996036324, 0.0 ], [ 36.006760961812205, -0.232430766421224, 0.0 ], [ 36.006752582306397, -0.23266344673296, 0.0 ], [ 36.006744281900282, -0.232895295847035, 0.0 ], [ 36.006734981740948, -0.233126886347674, 0.0 ], [ 36.006726091736148, -0.233358146253889, 0.0 ], [ 36.006716791602891, -0.233589145864123, 0.0 ], [ 36.006707151497196, -0.233819146138313, 0.0 ], [ 36.006698602008335, -0.234047886271793, 0.0 ], [ 36.006691141447099, -0.234274866635064, 0.0 ], [ 36.006683602231412, -0.234500096015061, 0.0 ], [ 36.006674792130859, -0.234725566352641, 0.0 ], [ 36.006665321758867, -0.234953886152507, 0.0 ], [ 36.006655431699336, -0.235184726595247, 0.0 ], [ 36.006645122041597, -0.235417656715909, 0.0 ], [ 36.006633392320673, -0.235651766485759, 0.0 ], [ 36.006621991702183, -0.235886876484148, 0.0 ], [ 36.006612351898518, -0.236121656177938, 0.0 ], [ 36.006602881787522, -0.236355845925049, 0.0 ], [ 36.006593151544308, -0.236589196270079, 0.0 ], [ 36.006583682044706, -0.236820035868883, 0.0 ], [ 36.006574801990133, -0.237047266148924, 0.0 ], [ 36.006566081609023, -0.237270396423122, 0.0 ], [ 36.006557702263251, -0.237489076176762, 0.0 ], [ 36.006549991592365, -0.237702986549037, 0.0 ], [ 36.006541772310158, -0.237911356609288, 0.0 ], [ 36.006535991515165, -0.238114786008548, 0.0 ], [ 36.006535572310966, -0.238312766716422, 0.0 ], [ 36.006538762250074, -0.238504046119401, 0.0 ], [ 36.006542441984685, -0.238691966454846, 0.0 ], [ 36.006546381444345, -0.238878046439293, 0.0 ], [ 36.006550831917906, -0.239062276189057, 0.0 ], [ 36.006555442123855, -0.239246426467872, 0.0 ], [ 36.006560971482941, -0.239433846677496, 0.0 ], [ 36.006568091517423, -0.239627635934451, 0.0 ], [ 36.006576641526429, -0.239828046278349, 0.0 ], [ 36.006588381620276, -0.240034076123803, 0.0 ], [ 36.006606151489663, -0.240244966257782, 0.0 ], [ 36.006631041485548, -0.240456775899704, 0.0 ], [ 36.006659871512895, -0.240659026586941, 0.0 ], [ 36.006686952247776, -0.240841086614511, 0.0 ], [ 36.006716541487002, -0.240976706014355, 0.0 ], [ 36.006750652313976, -0.241102856030932, 0.0 ], [ 36.006777222266876, -0.24119806619746, 0.0 ], [ 36.006806561920349, -0.241317345947696, 0.0 ], [ 36.006830702146793, -0.241438885999121, 0.0 ], [ 36.006858941508668, -0.241616156024541, 0.0 ], [ 36.006876041543322, -0.241719595830455, 0.0 ], [ 36.006893731548573, -0.241825536629536, 0.0 ], [ 36.00691225203424, -0.241934006483157, 0.0 ], [ 36.00693262144658, -0.242045736539078, 0.0 ], [ 36.006954752009662, -0.24215578649509, 0.0 ], [ 36.006975371827068, -0.242254946357085, 0.0 ], [ 36.007001861891794, -0.242382856570287, 0.0 ], [ 36.007025332130695, -0.242506146579291, 0.0 ], [ 36.007062541869907, -0.242680996384088, 0.0 ], [ 36.007086681742379, -0.242787026277767, 0.0 ], [ 36.007111991462736, -0.242899096266157, 0.0 ], [ 36.007138482258227, -0.243015096702869, 0.0 ], [ 36.007168571784092, -0.243139485943408, 0.0 ], [ 36.007203441669603, -0.243273686344538, 0.0 ], [ 36.007240742243035, -0.243414246056348, 0.0 ], [ 36.007279462108137, -0.243556906706698, 0.0 ], [ 36.007320282064747, -0.243703336290314, 0.0 ], [ 36.007362031761865, -0.243853876068518, 0.0 ], [ 36.007403272294844, -0.244001646547064, 0.0 ], [ 36.00743998213477, -0.244138696117419, 0.0 ], [ 36.007472081855944, -0.24426299642305, 0.0 ], [ 36.007506871721816, -0.244380925918062, 0.0 ], [ 36.007546431783481, -0.244493586419671, 0.0 ], [ 36.007586581517977, -0.244605985951598, 0.0 ], [ 36.007625051601607, -0.244716626022043, 0.0 ], [ 36.007662271439742, -0.244823575966314, 0.0 ], [ 36.007698561839796, -0.244929025916444, 0.0 ], [ 36.007735362127498, -0.245037906541197, 0.0 ], [ 36.007774922058459, -0.24515499600107, 0.0 ], [ 36.007819591774535, -0.245281566032986, 0.0 ], [ 36.007868961620026, -0.24541542648679, 0.0 ], [ 36.007922191689332, -0.245556076643869, 0.0 ], [ 36.007976671943403, -0.245700575964696, 0.0 ], [ 36.008033841797136, -0.245849356640488, 0.0 ], [ 36.008090502134557, -0.246001066335569, 0.0 ], [ 36.008151692223315, -0.246159405972781, 0.0 ], [ 36.008221091836454, -0.246323356337006, 0.0 ], [ 36.008294761633721, -0.246494846408026, 0.0 ], [ 36.008371462073306, -0.246670536608036, 0.0 ], [ 36.008451932057483, -0.24684906644709, 0.0 ], [ 36.008537251743242, -0.247032126602306, 0.0 ], [ 36.008626441806356, -0.247220636611467, 0.0 ], [ 36.008719561998099, -0.247412246509865, 0.0 ], [ 36.008814951953674, -0.247603266067192, 0.0 ], [ 36.008911671984059, -0.247793956182104, 0.0 ], [ 36.009010331739717, -0.247983056621455, 0.0 ], [ 36.009113592038645, -0.248171146220226, 0.0 ], [ 36.009217361997393, -0.2483595666468, 0.0 ], [ 36.009324982154006, -0.248547326621216, 0.0 ], [ 36.009435121648309, -0.248734156603953, 0.0 ], [ 36.009546851765677, -0.248919395933256, 0.0 ], [ 36.009658672115883, -0.249102376589219, 0.0 ], [ 36.009770731847418, -0.249282336057387, 0.0 ], [ 36.009883891600779, -0.249459355846183, 0.0 ], [ 36.009999562281564, -0.249636966220463, 0.0 ], [ 36.010120182209931, -0.249819446675929, 0.0 ], [ 36.010244061931054, -0.250008796262545, 0.0 ], [ 36.010369291912099, -0.250199896263387, 0.0 ], [ 36.010496272140536, -0.250385975994216, 0.0 ], [ 36.01062477214424, -0.250566276467514, 0.0 ], [ 36.01075133190654, -0.250742295789618, 0.0 ], [ 36.010875392202131, -0.250914536173079, 0.0 ], [ 36.010998681798107, -0.251085786190112, 0.0 ], [ 36.011122741809189, -0.251259206611743, 0.0 ], [ 36.011247372177152, -0.251434465811262, 0.0 ], [ 36.011370762250664, -0.251609736511815, 0.0 ], [ 36.011492802023938, -0.251783326443758, 0.0 ], [ 36.011613582158006, -0.251955156119217, 0.0 ], [ 36.011731602308878, -0.252120366203014, 0.0 ], [ 36.011843501646666, -0.252278356002317, 0.0 ], [ 36.011947181841627, -0.252429486429425, 0.0 ], [ 36.012047761772543, -0.252574655822166, 0.0 ], [ 36.012146581531844, -0.25271698605801, 0.0 ], [ 36.012244991571379, -0.252861406007468, 0.0 ], [ 36.012344571742723, -0.253014376019374, 0.0 ], [ 36.012446492211012, -0.253176395997855, 0.0 ], [ 36.012552941975891, -0.253343026676721, 0.0 ], [ 36.012660402261339, -0.253509666654545, 0.0 ], [ 36.012778162272149, -0.253677886536739, 0.0 ], [ 36.012900961522455, -0.253845945889014, 0.0 ], [ 36.013027361473561, -0.254017436678452, 0.0 ], [ 36.013152831841992, -0.254192036218893, 0.0 ], [ 36.013277051607346, -0.254368556340628, 0.0 ], [ 36.013401861983553, -0.254548596655714, 0.0 ], [ 36.013528341958001, -0.254731075930814, 0.0 ], [ 36.013655491653914, -0.25491647640301, 0.0 ], [ 36.013786342116568, -0.255107256283291, 0.0 ], [ 36.013920361922452, -0.255303976523233, 0.0 ], [ 36.014056652083845, -0.255505475926054, 0.0 ], [ 36.014197971669113, -0.255710496564584, 0.0 ], [ 36.014337952213054, -0.255915606389952, 0.0 ], [ 36.014479941879529, -0.256121885857132, 0.0 ], [ 36.01462469231555, -0.256331176468001, 0.0 ], [ 36.01477213175901, -0.256543326421168, 0.0 ], [ 36.014921751567087, -0.2567573959643, 0.0 ], [ 36.015072791473415, -0.256973906239941, 0.0 ], [ 36.015226181780015, -0.257194425937371, 0.0 ], [ 36.015384352032761, -0.257418396361944, 0.0 ], [ 36.015547041838033, -0.25764638666031, 0.0 ], [ 36.015709232176128, -0.257876386285695, 0.0 ], [ 36.015870661666334, -0.258105456100393, 0.0 ], [ 36.01602942226824, -0.258333786294719, 0.0 ], [ 36.016189932239236, -0.258564956656582, 0.0 ], [ 36.016351372215041, -0.258798896523217, 0.0 ], [ 36.016514982032156, -0.25903367631587, 0.0 ], [ 36.016680192136093, -0.259267866568422, 0.0 ], [ 36.016845402298642, -0.259497856526314, 0.0 ], [ 36.017008931887567, -0.259722325781004, 0.0 ], [ 36.017168432023283, -0.259942265817135, 0.0 ], [ 36.017323501872298, -0.260156256236128, 0.0 ], [ 36.017469341938437, -0.260359936519343, 0.0 ], [ 36.017612422126078, -0.260556666490424, 0.0 ], [ 36.017758272315724, -0.260751456449906, 0.0 ], [ 36.017906291518692, -0.260946836053802, 0.0 ], [ 36.018057672108881, -0.261140466426045, 0.0 ], [ 36.018213741848761, -0.261330566181146, 0.0 ], [ 36.018371071561631, -0.261517065841577, 0.0 ], [ 36.0185306618434, -0.261700286385911, 0.0 ], [ 36.018697962191673, -0.26187974663752, 0.0 ], [ 36.018869631578404, -0.262058365916844, 0.0 ], [ 36.019034671750319, -0.262227926087639, 0.0 ], [ 36.019182862133682, -0.262381986372282, 0.0 ], [ 36.019320821952142, -0.262522466462601, 0.0 ], [ 36.019462062185795, -0.262654486085955, 0.0 ], [ 36.01961000202855, -0.262790105978496, 0.0 ], [ 36.019764232131692, -0.262933605929012, 0.0 ], [ 36.019926161886573, -0.263083386178882, 0.0 ], [ 36.02009766229245, -0.263236526161248, 0.0 ], [ 36.020279041954069, -0.263389746246054, 0.0 ], [ 36.020469401520458, -0.263543466350554, 0.0 ], [ 36.02066679168415, -0.263697786301725, 0.0 ], [ 36.020868961499161, -0.263853186227782, 0.0 ], [ 36.021074991925829, -0.264009835769841, 0.0 ], [ 36.021284281494431, -0.264164656555312, 0.0 ], [ 36.021494672228897, -0.264315866362122, 0.0 ], [ 36.021704221457732, -0.264462046225181, 0.0 ], [ 36.02191100172783, -0.264601936197422, 0.0 ], [ 36.022113342077624, -0.26473504617575, 0.0 ], [ 36.022313002199645, -0.264862365912155, 0.0 ], [ 36.022514162224418, -0.264984986029238, 0.0 ], [ 36.022719851830679, -0.265103596624289, 0.0 ], [ 36.022930321583615, -0.265221275991936, 0.0 ], [ 36.023146161956092, -0.265338286290665, 0.0 ], [ 36.023366772145614, -0.265452535766405, 0.0 ], [ 36.023590152228763, -0.265565605973542, 0.0 ], [ 36.023814191665693, -0.265676245955496, 0.0 ], [ 36.024036151650925, -0.265783366330163, 0.0 ], [ 36.024255002171152, -0.265885795905687, 0.0 ], [ 36.024472762086248, -0.265981596243333, 0.0 ], [ 36.024689352019109, -0.266072455970101, 0.0 ], [ 36.024902671779991, -0.266158876022714, 0.0 ], [ 36.025106681580041, -0.266243955773698, 0.0 ], [ 36.025309442043245, -0.266329446347092, 0.0 ], [ 36.025522091763101, -0.266411006371125, 0.0 ], [ 36.025740271972431, -0.266487696053137, 0.0 ], [ 36.025958371947269, -0.266562295933703, 0.0 ], [ 36.026173201832236, -0.266635885836085, 0.0 ], [ 36.026386941690426, -0.266707976584256, 0.0 ], [ 36.026603441961171, -0.266781066396641, 0.0 ], [ 36.026822041590833, -0.266857336179399, 0.0 ], [ 36.027040641937603, -0.266934536600705, 0.0 ], [ 36.027260162190018, -0.267011906226566, 0.0 ], [ 36.027481861739382, -0.267088426205133, 0.0 ], [ 36.027704821993652, -0.267162356159766, 0.0 ], [ 36.027932981865781, -0.267237796252639, 0.0 ], [ 36.028162051997214, -0.267316246176053, 0.0 ], [ 36.028393902192811, -0.267396126148463, 0.0 ], [ 36.028628262256227, -0.267477686377684, 0.0 ], [ 36.028863791591135, -0.26755999592798, 0.0 ], [ 36.029098981810883, -0.267641966611526, 0.0 ], [ 36.029331501584338, -0.267722356443918, 0.0 ], [ 36.029559651905736, -0.267801556232293, 0.0 ], [ 36.029783951543692, -0.267879426056724, 0.0 ], [ 36.030008342189113, -0.26795595602695, 0.0 ], [ 36.030234981839506, -0.268032905796644, 0.0 ], [ 36.030464482172597, -0.268111946103373, 0.0 ], [ 36.030697581828036, -0.268192995811814, 0.0 ], [ 36.030933951674328, -0.268275056465763, 0.0 ], [ 36.031170822298364, -0.268357365736987, 0.0 ], [ 36.031405102110298, -0.268439086226586, 0.0 ], [ 36.031634682229019, -0.26851946660579, 0.0 ], [ 36.031859481797994, -0.268598846573401, 0.0 ], [ 36.032081181701045, -0.268677556316754, 0.0 ], [ 36.032301962175183, -0.268758185825829, 0.0 ], [ 36.032519971768892, -0.268840586476923, 0.0 ], [ 36.032734971501476, -0.268922055810297, 0.0 ], [ 36.032950131645308, -0.269000925808118, 0.0 ], [ 36.033166971721407, -0.269076785739669, 0.0 ], [ 36.03338222168265, -0.269148196419112, 0.0 ], [ 36.033595462224653, -0.269215925727051, 0.0 ], [ 36.033804171724348, -0.26928255619041, 0.0 ], [ 36.034004831421477, -0.269347095800612, 0.0 ], [ 36.034192251580372, -0.269408036236501, 0.0 ], [ 36.034368102214721, -0.26946612600866, 0.0 ], [ 36.034537162230968, -0.269521946330357, 0.0 ], [ 36.034700862217562, -0.269575426169807, 0.0 ], [ 36.034855842211662, -0.269625795819419, 0.0 ], [ 36.034996071939034, -0.269669886094556, 0.0 ], [ 36.035114172283421, -0.2697042564268, 0.0 ], [ 36.035210232311258, -0.26972797621445, 0.0 ], [ 36.035327071467215, -0.269752196180909, 0.0 ], [ 36.035417851708047, -0.269775745735421, 0.0 ], [ 36.035537541512696, -0.269806426524825, 0.0 ], [ 36.035679032098614, -0.269840036389579, 0.0 ], [ 36.035787321569124, -0.269865856225393, 0.0 ], [ 36.035922362204381, -0.269891256110265, 0.0 ], [ 36.036101391650014, -0.269916986538485, 0.0 ], [ 36.036203071751125, -0.269933246504636, 0.0 ], [ 36.036311361623191, -0.269953865729275, 0.0 ], [ 36.036428871518531, -0.269973476166232, 0.0 ], [ 36.0365534315087, -0.269987646452908, 0.0 ], [ 36.036683682035203, -0.269999636137488, 0.0 ], [ 36.03682383176232, -0.270011536071972, 0.0 ], [ 36.036975291747574, -0.270022425917815, 0.0 ], [ 36.037136891875868, -0.270035256269782, 0.0 ], [ 36.037306292000594, -0.270048075870654, 0.0 ], [ 36.037482142000464, -0.270058476524021, 0.0 ], [ 36.037663192173646, -0.270068196288398, 0.0 ], [ 36.03784550227406, -0.270078585864568, 0.0 ], [ 36.038025542127784, -0.27008755636992, 0.0 ], [ 36.038206422251754, -0.270095685906579, 0.0 ], [ 36.03838907201051, -0.270104736556189, 0.0 ], [ 36.038574392284033, -0.270119236057445, 0.0 ], [ 36.038763991901284, -0.270144386347386, 0.0 ], [ 36.038956692015297, -0.270182106213928, 0.0 ], [ 36.039150982290934, -0.270231896555407, 0.0 ], [ 36.039343092222573, -0.270294585889769, 0.0 ], [ 36.039534032221425, -0.270370786150238, 0.0 ], [ 36.039724141860908, -0.270459125887344, 0.0 ], [ 36.03991290222951, -0.270560296171618, 0.0 ], [ 36.040098221654745, -0.270676556196966, 0.0 ], [ 36.040277931419702, -0.270809576045728, 0.0 ], [ 36.040450431935646, -0.27095675591413, 0.0 ], [ 36.040617731959721, -0.271113506425672, 0.0 ], [ 36.04078034149321, -0.271275105922412, 0.0 ], [ 36.040933561901106, -0.271427995969258, 0.0 ], [ 36.041071191573842, -0.271561096104746, 0.0 ], [ 36.041189042271277, -0.271673166569608, 0.0 ], [ 36.041288201991968, -0.271766876610731, 0.0 ], [ 36.041367661624413, -0.271843646303121, 0.0 ], [ 36.041472102173884, -0.27195202628729, 0.0 ], [ 36.041537142164906, -0.272024366140342, 0.0 ], [ 36.041603692207168, -0.272116985846047, 0.0 ], [ 36.041723641840292, -0.272230226086209, 0.0 ], [ 36.041804442225661, -0.272303645920102, 0.0 ], [ 36.041894041489527, -0.272388305886194, 0.0 ], [ 36.041989261608471, -0.272480676065664, 0.0 ], [ 36.042086582130509, -0.272579245818859, 0.0 ], [ 36.042189671915217, -0.272684185908875, 0.0 ], [ 36.042300061598468, -0.272797425727788, 0.0 ], [ 36.042418581553456, -0.272918126114422, 0.0 ], [ 36.042543722096575, -0.273046786349334, 0.0 ], [ 36.042675661476771, -0.273181145875345, 0.0 ], [ 36.042816722004964, -0.27331903591671, 0.0 ], [ 36.042964081434206, -0.273459095987071, 0.0 ], [ 36.043116882179149, -0.273599656173965, 0.0 ], [ 36.043281331813809, -0.273738296572956, 0.0 ], [ 36.043458441891929, -0.273874665966736, 0.0 ], [ 36.043647121546108, -0.274006855854972, 0.0 ], [ 36.043846191620929, -0.274134336485665, 0.0 ], [ 36.044051132231331, -0.274250426114315, 0.0 ], [ 36.044258581945897, -0.274356626462645, 0.0 ], [ 36.044465862108439, -0.274451596040163, 0.0 ], [ 36.044670801772689, -0.274535075898088, 0.0 ], [ 36.044872132240599, -0.274609346204408, 0.0 ], [ 36.045073051495706, -0.274673375920955, 0.0 ], [ 36.045281422262917, -0.274727696445696, 0.0 ], [ 36.04549985221108, -0.274777735872726, 0.0 ], [ 36.045725582192276, -0.274828366213424, 0.0 ], [ 36.045957671794085, -0.274878986394395, 0.0 ], [ 36.046194132110102, -0.274929946491868, 0.0 ], [ 36.04643418182026, -0.274983346099968, 0.0 ], [ 36.046677262184417, -0.275041265895535, 0.0 ], [ 36.046923942250935, -0.275103536160048, 0.0 ], [ 36.047169701996168, -0.275167666574187, 0.0 ], [ 36.047414451822043, -0.275233036396416, 0.0 ], [ 36.047659202042858, -0.275300685832648, 0.0 ], [ 36.04790546186819, -0.275372096132747, 0.0 ], [ 36.048153481877783, -0.275446526471685, 0.0 ], [ 36.048402762029042, -0.275524565825929, 0.0 ], [ 36.048651281880041, -0.275607035905719, 0.0 ], [ 36.048897962136508, -0.275692366121312, 0.0 ], [ 36.049144142095997, -0.275779535822603, 0.0 ], [ 36.049391571957266, -0.275868136146932, 0.0 ], [ 36.049638751554852, -0.275956395814857, 0.0 ], [ 36.049886521750899, -0.27604465656687, 0.0 ], [ 36.050134792223567, -0.276135265740158, 0.0 ], [ 36.050382401683905, -0.276227976386249, 0.0 ], [ 36.050629332042632, -0.276323355916259, 0.0 ], [ 36.050873491431673, -0.2764206764749, 0.0 ], [ 36.05111288141395, -0.276518826230124, 0.0 ], [ 36.051347072127925, -0.276617646054207, 0.0 ], [ 36.051577071633446, -0.27671638626928, 0.0 ], [ 36.051802792098819, -0.276814536359883, 0.0 ], [ 36.052026591814489, -0.276913356426772, 0.0 ], [ 36.052248542166915, -0.277014526144958, 0.0 ], [ 36.052468072289521, -0.277118296554294, 0.0 ], [ 36.052686751912312, -0.277224575885881, 0.0 ], [ 36.052905271831364, -0.27733446571304, 0.0 ], [ 36.053122521894622, -0.277447785959901, 0.0 ], [ 36.053338942094079, -0.277563625981108, 0.0 ], [ 36.053553522082488, -0.277681055795949, 0.0 ], [ 36.05376575220609, -0.277799576530288, 0.0 ], [ 36.053975381980244, -0.277919526041514, 0.0 ], [ 36.054181751997326, -0.278039885888491, 0.0 ], [ 36.054385682085446, -0.278162596151645, 0.0 ], [ 36.054586591668972, -0.278287236545829, 0.0 ], [ 36.054783482044243, -0.278412966539943, 0.0 ], [ 36.054977691740397, -0.278538275765801, 0.0 ], [ 36.055171151766842, -0.278664755819872, 0.0 ], [ 36.055365021473307, -0.278793256309978, 0.0 ], [ 36.055557631610412, -0.278923426250882, 0.0 ], [ 36.055747232064256, -0.279055276048316, 0.0 ], [ 36.055935241812598, -0.279188626254225, 0.0 ], [ 36.056122571599701, -0.279324326415203, 0.0 ], [ 36.056309241940994, -0.279462886128593, 0.0 ], [ 36.056495321677879, -0.279605376096826, 0.0 ], [ 36.056680391800356, -0.279751306503027, 0.0 ], [ 36.056865041561764, -0.279898656297112, 0.0 ], [ 36.057049861882817, -0.280045925765864, 0.0 ], [ 36.057233181610457, -0.280193195808198, 0.0 ], [ 36.057412722007207, -0.280340465852133, 0.0 ], [ 36.057587651799722, -0.280484885948857, 0.0 ], [ 36.057758221823406, -0.280624696078466, 0.0 ], [ 36.057926952033327, -0.280760736251329, 0.0 ], [ 36.058096351638369, -0.280893756123608, 0.0 ], [ 36.05827153140774, -0.281022005933132, 0.0 ], [ 36.058455432141649, -0.281139436365994, 0.0 ], [ 36.05864586226545, -0.281242026148262, 0.0 ], [ 36.058839652209571, -0.281331876093495, 0.0 ], [ 36.059035962236905, -0.28141133607328, 0.0 ], [ 36.059236792198718, -0.281479485885677, 0.0 ], [ 36.059443152073385, -0.281531536149935, 0.0 ], [ 36.059655461496277, -0.281569086217226, 0.0 ], [ 36.059868951576604, -0.28159414614476, 0.0 ], [ 36.060078501659575, -0.281604875945402, 0.0 ], [ 36.060257281825152, -0.281573026197824, 0.0 ], [ 36.06042098185722, -0.281557355839938, 0.0 ], [ 36.060575801543834, -0.281543856240371, 0.0 ], [ 36.060731201567748, -0.281520976288616, 0.0 ], [ 36.060889031524923, -0.281489296514917, 0.0 ], [ 36.06104619182036, -0.281450986425597, 0.0 ], [ 36.061203271879485, -0.281410586427553, 0.0 ], [ 36.061356821789893, -0.281371445959515, 0.0 ], [ 36.061500492240754, -0.281335235869742, 0.0 ], [ 36.061629072274997, -0.281302296387483, 0.0 ], [ 36.061742891458245, -0.281271865918474, 0.0 ], [ 36.06184423211959, -0.281243955880904, 0.0 ], [ 36.061932491435414, -0.281220985792626, 0.0 ], [ 36.062224563726843, -0.281117444420723, 0.0 ] ] ] } },
{ "type": "Feature", "properties": { "Name": null, "Type": "Murram", "Length_Km": 0.0, "main__road": 0, "Type2": 0 }, "geometry": { "type": "MultiLineString", "coordinates": [ ] } },
{ "type": "Feature", "properties": { "Name": null, "Type": "Murram", "Length_Km": 0.0, "main__road": 0, "Type2": 0 }, "geometry": { "type": "MultiLineString", "coordinates": [ ] } },
{ "type": "Feature", "properties": { "Name": null, "Type": "Murram", "Length_Km": 0.0, "main__road": 0, "Type2": 0 }, "geometry": { "type": "MultiLineString", "coordinates": [ ] } },
{ "type": "Feature", "properties": { "Name": "Mvuke road", "Type": "Murram", "Length_Km": 3.3713561706, "main__road": 0, "Type2": 1 }, "geometry": { "type": "MultiLineString", "coordinates": [ [ [ 36.063963843872195, -0.214321354217359, 0.0 ], [ 36.064009192328932, -0.214331726435935, 0.0 ], [ 36.064157381763074, -0.214367345930914, 0.0 ], [ 36.064307172142279, -0.214404056308851, 0.0 ], [ 36.064454861990413, -0.214442956469065, 0.0 ], [ 36.064599951548416, -0.214483266564038, 0.0 ], [ 36.064745291682257, -0.214522746364924, 0.0 ], [ 36.064891472236688, -0.214560386732345, 0.0 ], [ 36.065033962122648, -0.214594246001368, 0.0 ], [ 36.065166981701687, -0.214623076184464, 0.0 ], [ 36.065287101514201, -0.214642776368824, 0.0 ], [ 36.06539967225531, -0.21465425653211, 0.0 ], [ 36.065509381950157, -0.214660126081701, 0.0 ], [ 36.065615002100778, -0.214659455944003, 0.0 ], [ 36.065713321593684, -0.214646796264127, 0.0 ], [ 36.065806771539265, -0.214618466487519, 0.0 ], [ 36.065897631874897, -0.214572875914374, 0.0 ], [ 36.06598984226143, -0.214516626545574, 0.0 ], [ 36.066087151596818, -0.21445418618854, 0.0 ], [ 36.06619033159069, -0.214386285950671, 0.0 ], [ 36.066300051817855, -0.214317476178666, 0.0 ], [ 36.066415892176494, -0.214248156155093, 0.0 ], [ 36.066536422199242, -0.214177576572195, 0.0 ], [ 36.066663242011856, -0.214106335876122, 0.0 ], [ 36.066795171993107, -0.214036096353085, 0.0 ], [ 36.066932382258258, -0.213964266683699, 0.0 ], [ 36.067074872290348, -0.213888826551785, 0.0 ], [ 36.067218871451146, -0.213811126029829, 0.0 ], [ 36.067356172191765, -0.213735606262327, 0.0 ], [ 36.067484332264279, -0.213663096237407, 0.0 ], [ 36.067606121654691, -0.2135919366811, 0.0 ], [ 36.06772925161939, -0.213527146416388, 0.0 ], [ 36.067855481715142, -0.213471065947899, 0.0 ], [ 36.067982131550956, -0.213416586618563, 0.0 ], [ 36.06810358163856, -0.213360266681766, 0.0 ], [ 36.068217162113534, -0.213305866167142, 0.0 ], [ 36.068322441660541, -0.213260935883067, 0.0 ], [ 36.068424441660063, -0.213230926038142, 0.0 ], [ 36.068527792336468, -0.213215676683674, 0.0 ], [ 36.068631892114716, -0.213211736183961, 0.0 ], [ 36.068737761476662, -0.213214165981089, 0.0 ], [ 36.068847651724987, -0.213220956124677, 0.0 ], [ 36.068962481583455, -0.213228995898209, 0.0 ], [ 36.069081421614648, -0.213234286071798, 0.0 ], [ 36.06920329226152, -0.213238136555977, 0.0 ], [ 36.069328351547135, -0.213242995996105, 0.0 ], [ 36.069455921809386, -0.213244336617954, 0.0 ], [ 36.069586091692024, -0.213238476505192, 0.0 ], [ 36.069720371580402, -0.213225986075989, 0.0 ], [ 36.069859682089323, -0.21320804643113, 0.0 ], [ 36.069998151835669, -0.213179546023723, 0.0 ], [ 36.070127731690839, -0.213137555850454, 0.0 ], [ 36.07024382209076, -0.213081396477486, 0.0 ], [ 36.070352362212581, -0.213013586294514, 0.0 ], [ 36.070455551933861, -0.212933536606039, 0.0 ], [ 36.070553781802801, -0.212840496639974, 0.0 ], [ 36.070643471562335, -0.212735136146526, 0.0 ], [ 36.07072687149622, -0.21262089623982, 0.0 ], [ 36.070808421988495, -0.212504976281011, 0.0 ], [ 36.070890991980811, -0.212394166030452, 0.0 ], [ 36.070974641911768, -0.212291655909607, 0.0 ], [ 36.0710595519176, -0.212198866323134, 0.0 ], [ 36.071145541586915, -0.21211588668974, 0.0 ], [ 36.07123347206177, -0.212040366154882, 0.0 ], [ 36.071322571588212, -0.211971795880016, 0.0 ], [ 36.071412262108097, -0.211915386490576, 0.0 ], [ 36.071503371947422, -0.211881186448184, 0.0 ], [ 36.071595741558077, -0.211863256738709, 0.0 ], [ 36.071684671723908, -0.211861076041723, 0.0 ], [ 36.071858592123917, -0.211875656691976, 0.0 ], [ 36.07202388146225, -0.211879596496889, 0.0 ], [ 36.072179282133227, -0.211873986696264, 0.0 ], [ 36.072315571455611, -0.211844056226402, 0.0 ], [ 36.072443401982227, -0.211750436061031, 0.0 ], [ 36.072504921577519, -0.211680696737414, 0.0 ], [ 36.072564351980454, -0.211600226525361, 0.0 ], [ 36.072620342166843, -0.211510546738236, 0.0 ], [ 36.072668951469318, -0.211415076550761, 0.0 ], [ 36.072704831980936, -0.21131700627941, 0.0 ], [ 36.072726322791823, -0.211243476274152, 0.0 ], [ 36.072732662265814, -0.211221786078522, 0.0 ], [ 36.072785632145845, -0.21105540653951, 0.0 ], [ 36.072843051647517, -0.210923976003104, 0.0 ], [ 36.072933321775558, -0.210815346210082, 0.0 ], [ 36.073062572297104, -0.210735385918722, 0.0 ], [ 36.073222751902044, -0.210702696703213, 0.0 ], [ 36.073384521517042, -0.21074024662379, 0.0 ], [ 36.073543522304973, -0.210817026143061, 0.0 ], [ 36.073700261562962, -0.210907546370551, 0.0 ], [ 36.073779141581788, -0.210954406315086, 0.0 ], [ 36.073860442047142, -0.211001926306588, 0.0 ], [ 36.073943341585867, -0.211050966366709, 0.0 ], [ 36.074026572200481, -0.211100586571653, 0.0 ], [ 36.074109551735013, -0.211149036645483, 0.0 ], [ 36.074192621521597, -0.21119479598508, 0.0 ], [ 36.074274592226679, -0.211238635994872, 0.0 ], [ 36.074353881538954, -0.211285486121766, 0.0 ], [ 36.074432091512335, -0.211340136360964, 0.0 ], [ 36.074510962295008, -0.211403176151769, 0.0 ], [ 36.074587151867107, -0.211473076070359, 0.0 ], [ 36.074657901623993, -0.211548096274877, 0.0 ], [ 36.074724452148217, -0.211626966612733, 0.0 ], [ 36.074790921553806, -0.211707686502699, 0.0 ], [ 36.0748586420317, -0.211788656015527, 0.0 ], [ 36.074928632170447, -0.211870296395228, 0.0 ], [ 36.074999381934056, -0.211954956578153, 0.0 ], [ 36.075066772261032, -0.212044886523948, 0.0 ], [ 36.075126531837526, -0.212135746601458, 0.0 ], [ 36.075176482115353, -0.21222434597797, 0.0 ], [ 36.075236581529936, -0.212384526197821, 0.0 ], [ 36.075242951685176, -0.212540846302275, 0.0 ], [ 36.075206162318153, -0.21270865589584, 0.0 ], [ 36.075158301704818, -0.212879226432986, 0.0 ], [ 36.075132652168378, -0.213037056632798, 0.0 ], [ 36.075157461490058, -0.21316906668951, 0.0 ], [ 36.075276482058882, -0.213227326344596, 0.0 ], [ 36.075423081687873, -0.213191195936494, 0.0 ], [ 36.07557798226339, -0.213088106163986, 0.0 ], [ 36.075661551813837, -0.21302892609862, 0.0 ], [ 36.075743441816279, -0.212966646542249, 0.0 ], [ 36.075814352120915, -0.212897576558893, 0.0 ], [ 36.075871341765527, -0.212825665900783, 0.0 ], [ 36.075948881947433, -0.212655175837426, 0.0 ], [ 36.075966232007922, -0.212556435905466, 0.0 ], [ 36.075966732044222, -0.212449485883006, 0.0 ], [ 36.075962042026852, -0.212336496481005, 0.0 ], [ 36.075961451724339, -0.212219066015192, 0.0 ], [ 36.075966142313582, -0.212096855876246, 0.0 ], [ 36.075977961702925, -0.211974985905315, 0.0 ], [ 36.075994731449555, -0.211854536333032, 0.0 ], [ 36.076014262182063, -0.21173744666203, 0.0 ], [ 36.076039652338046, -0.21162235673109, 0.0 ], [ 36.07607293193098, -0.211510035837355, 0.0 ], [ 36.076111231499944, -0.21140124603466, 0.0 ], [ 36.076152892292342, -0.211296886040503, 0.0 ], [ 36.076196141858532, -0.211196305872478, 0.0 ], [ 36.076242502245293, -0.211100166308105, 0.0 ], [ 36.076291451788393, -0.211009636439401, 0.0 ], [ 36.076345431513786, -0.21092573592369, 0.0 ], [ 36.076405691787357, -0.210847706014735, 0.0 ], [ 36.076473842117174, -0.210774026342791, 0.0 ], [ 36.076551541789193, -0.21070579593012, 0.0 ], [ 36.076638791953094, -0.210646535899965, 0.0 ], [ 36.076730152096026, -0.210600266023558, 0.0 ], [ 36.076823532285395, -0.210565065875407, 0.0 ], [ 36.076915231474075, -0.210534636138182, 0.0 ], [ 36.077005002068866, -0.210503456091318, 0.0 ], [ 36.077092842055293, -0.210467836549396, 0.0 ], [ 36.077179342285177, -0.210426176535149, 0.0 ], [ 36.077264251886092, -0.21037613671532, 0.0 ], [ 36.077344972144338, -0.210315196609268, 0.0 ], [ 36.077420321518325, -0.210240766427003, 0.0 ], [ 36.077490231993906, -0.210151756475436, 0.0 ], [ 36.07755577203676, -0.210050666165785, 0.0 ], [ 36.077619222154581, -0.209937766082011, 0.0 ], [ 36.077682091980598, -0.209812876697101, 0.0 ], [ 36.07774504175255, -0.209677756436579, 0.0 ], [ 36.077810921636768, -0.209534086427204, 0.0 ], [ 36.077879562261565, -0.209380446256934, 0.0 ], [ 36.077959362284339, -0.209227736078803, 0.0 ], [ 36.07805056234389, -0.209080296579449, 0.0 ], [ 36.078150552027665, -0.208935786178367, 0.0 ], [ 36.078260861812439, -0.208792966390572, 0.0 ], [ 36.078374941452438, -0.208648285959673, 0.0 ], [ 36.078489181660821, -0.208499095915958, 0.0 ], [ 36.07860175169597, -0.208344446290448, 0.0 ], [ 36.0787103021093, -0.208183096076593, 0.0 ], [ 36.078814991695317, -0.208015376002445, 0.0 ], [ 36.078917832096757, -0.207844386515136, 0.0 ], [ 36.079019671943115, -0.20767238664367, 0.0 ], [ 36.079121182340337, -0.207500636059182, 0.0 ], [ 36.079220171605996, -0.207328976238692, 0.0 ], [ 36.079316392120056, -0.207156896632589, 0.0 ], [ 36.079411532061293, -0.206984566515042, 0.0 ], [ 36.07950398172629, -0.206809636362978, 0.0 ], [ 36.079594841622544, -0.206631186564637, 0.0 ], [ 36.079687121865703, -0.206449886296592, 0.0 ], [ 36.079777061982071, -0.20627026617363, 0.0 ], [ 36.079858782262768, -0.206098096098609, 0.0 ], [ 36.079936821635719, -0.205937076037498, 0.0 ], [ 36.08001427171564, -0.20578888625657, 0.0 ], [ 36.080087361914806, -0.205654445886853, 0.0 ], [ 36.080160451613082, -0.205532736520627, 0.0 ], [ 36.080238152163552, -0.205418996385097, 0.0 ], [ 36.080319791909822, -0.205310025886955, 0.0 ], [ 36.080404782130181, -0.205205596320975, 0.0 ], [ 36.080494471650084, -0.205106436193494, 0.0 ], [ 36.080585491508735, -0.205015996456536, 0.0 ], [ 36.080677951846361, -0.204940726675775, 0.0 ], [ 36.080773171942475, -0.204885986052612, 0.0 ], [ 36.080868721526514, -0.20485078657067, 0.0 ], [ 36.080961421797085, -0.204824135963745, 0.0 ], [ 36.081051362283752, -0.204797226436564, 0.0 ], [ 36.08113476182875, -0.204764785988596, 0.0 ], [ 36.081294521583231, -0.204680885859967, 0.0 ], [ 36.081377582318623, -0.204630926380726, 0.0 ], [ 36.08146610170116, -0.20458097601282, 0.0 ], [ 36.08155520231648, -0.204533026204105, 0.0 ], [ 36.081643541533907, -0.204491876377078, 0.0 ], [ 36.081729121831906, -0.204455666663605, 0.0 ], [ 36.081813691780106, -0.204423145962271, 0.0 ], [ 36.081901451645543, -0.204394726148813, 0.0 ], [ 36.081991392163552, -0.204367986426817, 0.0 ], [ 36.082085182012158, -0.204341756094827, 0.0 ], [ 36.082181582289707, -0.204317945940938, 0.0 ], [ 36.082279562055092, -0.204294895954651, 0.0 ], [ 36.082379392253117, -0.204273186265321, 0.0 ], [ 36.082482072095331, -0.204251225898395, 0.0 ], [ 36.08258449199608, -0.2042274267513, 0.0 ], [ 36.082682731711792, -0.204201356218231, 0.0 ], [ 36.082775182168724, -0.204172105938643, 0.0 ], [ 36.082861352069216, -0.204136646212707, 0.0 ], [ 36.082940641601958, -0.204091466630413, 0.0 ], [ 36.083070981825422, -0.2039787367205, 0.0 ], [ 36.083153961512515, -0.203819726422151, 0.0 ], [ 36.083184722161747, -0.203716966406581, 0.0 ], [ 36.083208782129972, -0.203598276450842, 0.0 ], [ 36.08322487150852, -0.203463246114885, 0.0 ], [ 36.083232252004883, -0.203314885905678, 0.0 ], [ 36.083229651982201, -0.203157476630606, 0.0 ], [ 36.083219591474929, -0.202997046345414, 0.0 ], [ 36.083209531836673, -0.202841726556835, 0.0 ], [ 36.083206182056131, -0.202690936578151, 0.0 ], [ 36.083209781860056, -0.202544165942287, 0.0 ], [ 36.083216151752154, -0.202400256448318, 0.0 ], [ 36.083221442052626, -0.202260696462137, 0.0 ], [ 36.083226801647548, -0.202125075976469, 0.0 ], [ 36.083233761837377, -0.201992555864164, 0.0 ], [ 36.08324113197839, -0.201866245940615, 0.0 ], [ 36.083247342170246, -0.201747045864473, 0.0 ], [ 36.083253541810222, -0.201636746682307, 0.0 ], [ 36.08326276230909, -0.201537506617729, 0.0 ], [ 36.083277182308045, -0.20144714668878, 0.0 ], [ 36.08331179197819, -0.201289145875172, 0.0 ], [ 36.083340121799246, -0.201146235977227, 0.0 ], [ 36.083376332105352, -0.201006346240807, 0.0 ] ] ] } },
{ "type": "Feature", "properties": { "Name": null, "Type": "Murram", "Length_Km": 2.33034619259, "main__road": 0, "Type2": 0 }, "geometry": { "type": "MultiLineString", "coordinates": [ [ [ 36.089762727039613, -0.158284463368815, 0.0 ], [ 36.089730232010496, -0.158059486475068, 0.0 ], [ 36.089784769453331, -0.15805230533664, 0.0 ], [ 36.089822772377978, -0.158022856425919, 0.0 ], [ 36.09101719232045, -0.15789519652995, 0.0 ], [ 36.090994902077817, -0.156904456383874, 0.0 ], [ 36.091915982171514, -0.156718626083648, 0.0 ], [ 36.09324259160794, -0.156394756293163, 0.0 ], [ 36.097202531642594, -0.155134026651847, 0.0 ], [ 36.098793592325826, -0.154780066797598, 0.0 ], [ 36.100142742097702, -0.154343026368269, 0.0 ], [ 36.102124972015723, -0.15997373650032, 0.0 ], [ 36.102165371908832, -0.16005387598096, 0.0 ], [ 36.102278362250601, -0.16007113639194, 0.0 ], [ 36.104862669965293, -0.159098047530525, 0.0 ] ] ] } },
{ "type": "Feature", "properties": { "Name": null, "Type": "Murram", "Length_Km": 2.1438582514100002, "main__road": 0, "Type2": 0 }, "geometry": { "type": "MultiLineString", "coordinates": [ [ [ 36.105176665973666, -0.160047121990693, 0.0 ], [ 36.105123597710325, -0.160029772345261, 0.0 ], [ 36.105082675107376, -0.160016393783537, 0.0 ], [ 36.105031227670601, -0.160025853297253, 0.0 ], [ 36.104949110990923, -0.160047755201508, 0.0 ], [ 36.104833751696603, -0.160096366503604, 0.0 ], [ 36.104658742175118, -0.160169876354742, 0.0 ], [ 36.104560842043178, -0.160208436052171, 0.0 ], [ 36.104460762039551, -0.160245486475601, 0.0 ], [ 36.104361942272689, -0.160281776262746, 0.0 ], [ 36.10427460220766, -0.160315476213559, 0.0 ], [ 36.104140072225938, -0.160367856267881, 0.0 ], [ 36.104034461736518, -0.160411196536555, 0.0 ], [ 36.103919041797674, -0.160457546114042, 0.0 ], [ 36.103808141643448, -0.160498536342434, 0.0 ], [ 36.103717541667848, -0.160533236051167, 0.0 ], [ 36.103612091844717, -0.160576736240135, 0.0 ], [ 36.103521651942998, -0.160609256549563, 0.0 ], [ 36.103429372095391, -0.160654936173645, 0.0 ], [ 36.103346642136096, -0.160698946432487, 0.0 ], [ 36.103260552036481, -0.160735156606054, 0.0 ], [ 36.103162071552838, -0.16075250664839, 0.0 ], [ 36.103061991890577, -0.160774886629349, 0.0 ], [ 36.102974562099902, -0.160815456316951, 0.0 ], [ 36.102881692100837, -0.160858366378819, 0.0 ], [ 36.102792262322012, -0.16088828631328, 0.0 ], [ 36.10270282182546, -0.160924336049101, 0.0 ], [ 36.102611541804031, -0.160989876182896, 0.0 ], [ 36.10260752152918, -0.161088706112869, 0.0 ], [ 36.102640542001296, -0.161187696676874, 0.0 ], [ 36.102682541625896, -0.161284256106935, 0.0 ], [ 36.102729561613032, -0.161396406422108, 0.0 ], [ 36.102780771933588, -0.161497066658232, 0.0 ], [ 36.102810531920277, -0.161594296636994, 0.0 ], [ 36.102851851891458, -0.161698736021399, 0.0 ], [ 36.102871892281932, -0.161791696178615, 0.0 ], [ 36.102920751681253, -0.161894366552311, 0.0 ], [ 36.102955961533581, -0.161984226012788, 0.0 ], [ 36.102989651939858, -0.162080026227191, 0.0 ], [ 36.103017142058519, -0.162177176403116, 0.0 ], [ 36.103044892212196, -0.162269626256415, 0.0 ], [ 36.103080261729033, -0.162359986337988, 0.0 ], [ 36.103105742354394, -0.162456546212589, 0.0 ], [ 36.103048832217524, -0.162539526392908, 0.0 ], [ 36.102949001832727, -0.162544136667406, 0.0 ], [ 36.102848421576191, -0.162513546515413, 0.0 ], [ 36.102745571633385, -0.162481946759931, 0.0 ], [ 36.10263937148337, -0.162467856784709, 0.0 ], [ 36.102585731643138, -0.162546566226296, 0.0 ], [ 36.102612302106813, -0.162647566353016, 0.0 ], [ 36.102646831788199, -0.162755026323939, 0.0 ], [ 36.102677171710191, -0.162844126098791, 0.0 ], [ 36.102712802266986, -0.162935066297571, 0.0 ], [ 36.102758902298881, -0.163039676274607, 0.0 ], [ 36.102815391796575, -0.163165236074305, 0.0 ], [ 36.102866352197445, -0.163293226599702, 0.0 ], [ 36.102911281597692, -0.163405876391088, 0.0 ], [ 36.102959221754148, -0.163521546348187, 0.0 ], [ 36.103005492092578, -0.163640156288381, 0.0 ], [ 36.103040281893428, -0.163754566613956, 0.0 ], [ 36.103086381629232, -0.163886246668919, 0.0 ], [ 36.103143381581944, -0.164044666704507, 0.0 ], [ 36.103194342301201, -0.164207856731884, 0.0 ], [ 36.103248481540014, -0.164374496153045, 0.0 ], [ 36.103309341600635, -0.164546156785895, 0.0 ], [ 36.103365661713475, -0.164700636323524, 0.0 ], [ 36.10340866212929, -0.164820246133451, 0.0 ], [ 36.103437242228232, -0.164925766328267, 0.0 ], [ 36.103479492293459, -0.16501386678715, 0.0 ], [ 36.103508662177127, -0.165105896792805, 0.0 ], [ 36.103551072015421, -0.165193826512385, 0.0 ], [ 36.103590132244378, -0.165294656010446, 0.0 ], [ 36.103626172105137, -0.165384256424922, 0.0 ], [ 36.103658861717925, -0.165478636241072, 0.0 ], [ 36.103685352184854, -0.165572596812482, 0.0 ], [ 36.10373078212708, -0.165667066131019, 0.0 ], [ 36.103771351859869, -0.165774856073973, 0.0 ], [ 36.103814431981156, -0.165888766263535, 0.0 ], [ 36.103849721717602, -0.16599546665479, 0.0 ], [ 36.103874861626331, -0.16608766600118, 0.0 ], [ 36.103899591976017, -0.166188085966105, 0.0 ], [ 36.103942841900562, -0.166281796011607, 0.0 ], [ 36.103976291955775, -0.166374076095103, 0.0 ], [ 36.104010151818407, -0.166475076592345, 0.0 ], [ 36.104050721535557, -0.166570046746802, 0.0 ], [ 36.104080722233903, -0.166657136241543, 0.0 ], [ 36.104121461856387, -0.166743886661121, 0.0 ], [ 36.104159431733429, -0.166842966793016, 0.0 ], [ 36.10419019235303, -0.166931896081854, 0.0 ], [ 36.104225982126827, -0.167024766577153, 0.0 ], [ 36.104270241925505, -0.167129456103568, 0.0 ], [ 36.104308631515508, -0.167230626279285, 0.0 ], [ 36.104345681952886, -0.167325846259304, 0.0 ], [ 36.104374842317313, -0.167420556380595, 0.0 ], [ 36.10440477228876, -0.167512255925065, 0.0 ], [ 36.104429582093033, -0.167602446665909, 0.0 ], [ 36.104454641669683, -0.167696996268036, 0.0 ], [ 36.104489262012549, -0.167807806112611, 0.0 ], [ 36.104522451557202, -0.167925736787823, 0.0 ], [ 36.10455472190953, -0.168025895922499, 0.0 ], [ 36.104597131743141, -0.168143586713425, 0.0 ], [ 36.104645331716149, -0.168272156443687, 0.0 ], [ 36.104686571705422, -0.16838606654407, 0.0 ], [ 36.104722861964177, -0.168486736815552, 0.0 ], [ 36.104760081718602, -0.168595866453192, 0.0 ], [ 36.104803832029347, -0.168728476329807, 0.0 ], [ 36.104861752280122, -0.16888076625913, 0.0 ], [ 36.104921851977593, -0.169037346677217, 0.0 ], [ 36.104978262197136, -0.169185956173079, 0.0 ], [ 36.105027291855393, -0.169317466330826, 0.0 ], [ 36.105074151573106, -0.169434725971303, 0.0 ], [ 36.105113961554103, -0.1695312864908, 0.0 ], [ 36.105160982119287, -0.169647126663771, 0.0 ], [ 36.105193171908823, -0.169738826665404, 0.0 ], [ 36.105222592323358, -0.169833956214217, 0.0 ], [ 36.105264162362346, -0.169948626380563, 0.0 ], [ 36.105299281889579, -0.170044846494123, 0.0 ], [ 36.105338852028176, -0.170154736490328, 0.0 ], [ 36.105360142294813, -0.170239896661717, 0.0 ], [ 36.105332481721511, -0.170341906556846, 0.0 ], [ 36.10524036161528, -0.170365456144391, 0.0 ], [ 36.105129131972156, -0.170336286779737, 0.0 ], [ 36.105035761736744, -0.170328576259595, 0.0 ], [ 36.104941382038831, -0.170361936469017, 0.0 ], [ 36.104841882115252, -0.170388176680486, 0.0 ], [ 36.104749181622417, -0.170367136791346, 0.0 ], [ 36.104659751636845, -0.170291696156069, 0.0 ], [ 36.104568302172609, -0.170271576297864, 0.0 ], [ 36.104475602184401, -0.170277786280514, 0.0 ], [ 36.104377952309179, -0.170272086475339, 0.0 ], [ 36.104279542262056, -0.170272336563609, 0.0 ], [ 36.104175362354475, -0.170319275942211, 0.0 ], [ 36.104155241752203, -0.170428406074863, 0.0 ], [ 36.104153731675659, -0.170528986694286, 0.0 ], [ 36.104181562115251, -0.170650946534904, 0.0 ], [ 36.104261941708288, -0.170742556099401, 0.0 ], [ 36.104374091628571, -0.170817656784118, 0.0 ], [ 36.10450015236691, -0.170849676449657, 0.0 ], [ 36.104617332074064, -0.170845406522416, 0.0 ], [ 36.104694782120816, -0.170912966277701, 0.0 ], [ 36.10466737206923, -0.171001726182437, 0.0 ], [ 36.104649441682938, -0.171102566424557, 0.0 ], [ 36.10459546179662, -0.171206076735217, 0.0 ], [ 36.10450770151639, -0.171268686402883, 0.0 ], [ 36.104443832290215, -0.171356696277057, 0.0 ], [ 36.104408041640575, -0.171478326761454, 0.0 ], [ 36.104355732324066, -0.171585866299255, 0.0 ], [ 36.104365621706563, -0.171703966153219, 0.0 ], [ 36.104359762216689, -0.171815946474898, 0.0 ], [ 36.104308461713664, -0.171929356636089, 0.0 ], [ 36.104314161489476, -0.172046946244151, 0.0 ], [ 36.104398401778958, -0.172159096447266, 0.0 ], [ 36.104471991718952, -0.172237136205113, 0.0 ], [ 36.104543571989538, -0.172309886171951, 0.0 ], [ 36.104616661683934, -0.172390106187909, 0.0 ], [ 36.104644661816359, -0.172480296630165, 0.0 ], [ 36.104677181481286, -0.172567136418167, 0.0 ], [ 36.10471649183733, -0.172671906776286, 0.0 ], [ 36.104759491541401, -0.172767126060444, 0.0 ], [ 36.104808781966753, -0.172844486336971, 0.0 ], [ 36.104892931496266, -0.172884976292316, 0.0 ], [ 36.10499452224559, -0.172928136230941, 0.0 ], [ 36.105085381781095, -0.172980026656477, 0.0 ], [ 36.105169031792755, -0.173041966411899, 0.0 ], [ 36.105231641947476, -0.1731223466697, 0.0 ], [ 36.105230892134166, -0.173214966137659, 0.0 ], [ 36.105209681590239, -0.173312446423175, 0.0 ], [ 36.105207592170558, -0.173414286621842, 0.0 ], [ 36.105224851763396, -0.173503055996721, 0.0 ], [ 36.105264582244622, -0.173588886761092, 0.0 ], [ 36.105287551857863, -0.173689806418909, 0.0 ], [ 36.105304571757351, -0.173796756509195, 0.0 ], [ 36.10533767206357, -0.173907396520046, 0.0 ], [ 36.105379161874147, -0.174015776177321, 0.0 ], [ 36.105412862190626, -0.174105296234976, 0.0 ], [ 36.105446222251871, -0.174195396338383, 0.0 ], [ 36.105459041978612, -0.174276536220345, 0.0 ], [ 36.105461642203558, -0.174287856549167, 0.0 ], [ 36.105463992179232, -0.174286176266114, 0.0 ], [ 36.105454556994808, -0.1742828135451, 0.0 ] ] ] } },
{ "type": "Feature", "properties": { "Name": null, "Type": "Tarmac", "Length_Km": 11.2638920846, "main__road": 0, "Type2": 0 }, "geometry": { "type": "MultiLineString", "coordinates": [ [ [ 36.116163894580367, -0.154328217793497, 0.0 ], [ 36.11608299111623, -0.153831545553884, 0.0 ], [ 36.115820752215051, -0.152474536046563, 0.0 ], [ 36.117499652071771, -0.14585618668808, 0.0 ], [ 36.121445181662828, -0.135982726565815, 0.0 ], [ 36.122248921700283, -0.134484796253075, 0.0 ], [ 36.124264931504925, -0.131836446775583, 0.0 ], [ 36.12510866197168, -0.131450296809791, 0.0 ], [ 36.125358522100854, -0.130628446341932, 0.0 ], [ 36.126376002041489, -0.130391326113582, 0.0 ], [ 36.12686274215509, -0.129970046084005, 0.0 ], [ 36.127116291554223, -0.129170666643559, 0.0 ], [ 36.127205221847433, -0.127014256452013, 0.0 ], [ 36.130568882054675, -0.120620706691024, 0.0 ], [ 36.130492851960305, -0.118062386902449, 0.0 ], [ 36.129866562391015, -0.114949926749449, 0.0 ], [ 36.129463642064991, -0.111121496811978, 0.0 ], [ 36.127797571704868, -0.107167246783035, 0.0 ], [ 36.127016041992576, -0.105921196621883, 0.0 ], [ 36.126479431943061, -0.103211496684219, 0.0 ], [ 36.126827952401236, -0.101082486821867, 0.0 ], [ 36.126780261904514, -0.097588576332148, 0.0 ], [ 36.127114951607659, -0.094318546414281, 0.0 ], [ 36.12658622239131, -0.092073706565915, 0.0 ], [ 36.127553572051504, -0.087200046691733, 0.0 ], [ 36.127620291629171, -0.084746666306795, 0.0 ], [ 36.127418461716886, -0.080087666534549, 0.0 ], [ 36.126434422115672, -0.077351726201892, 0.0 ], [ 36.125931092382046, -0.073050886846779, 0.0 ], [ 36.126165281936665, -0.069422956859052, 0.0 ], [ 36.126781181712609, -0.066510076392271, 0.0 ], [ 36.126815552065651, -0.063919976394797, 0.0 ], [ 36.125984232265253, -0.06020763676263, 0.0 ], [ 36.125973191007617, -0.058250389639817, 0.0 ] ] ] } },
{ "type": "Feature", "properties": { "Name": "Pipeline road", "Type": "Murram", "Length_Km": 0.83248059567, "main__road": 0, "Type2": 0 }, "geometry": { "type": "MultiLineString", "coordinates": [ [ [ 36.060838679291017, -0.209117785540355, 0.0 ], [ 36.060749472294624, -0.209145336637677, 0.0 ], [ 36.060657181682004, -0.209182976045803, 0.0 ], [ 36.060550651807738, -0.209233436654715, 0.0 ], [ 36.060464151762766, -0.20927140601334, 0.0 ], [ 36.060350662083636, -0.20931574657347, 0.0 ], [ 36.060263322307684, -0.209352036091444, 0.0 ], [ 36.060163741799457, -0.209402156423971, 0.0 ], [ 36.060074391572158, -0.209463266530419, 0.0 ], [ 36.059973222196192, -0.209524865942761, 0.0 ], [ 36.059875572256246, -0.209584466480346, 0.0 ], [ 36.059766941897379, -0.209617656476821, 0.0 ], [ 36.059675582101058, -0.20964037593173, 0.0 ], [ 36.059583381911004, -0.209679596456162, 0.0 ], [ 36.059465532181626, -0.20972452612535, 0.0 ], [ 36.059377772228743, -0.209752185852556, 0.0 ], [ 36.059255061724407, -0.209797026049155, 0.0 ], [ 36.059140731657294, -0.209848576534913, 0.0 ], [ 36.059043002109284, -0.209902135957583, 0.0 ], [ 36.058949372055061, -0.209952175973067, 0.0 ], [ 36.058851972221454, -0.209994256053356, 0.0 ], [ 36.058745691946442, -0.210030296154008, 0.0 ], [ 36.058624822247474, -0.210075146572763, 0.0 ], [ 36.058525162248166, -0.21011403673467, 0.0 ], [ 36.058425421805772, -0.210160886091435, 0.0 ], [ 36.058303041873408, -0.210214286324342, 0.0 ], [ 36.058178071615274, -0.210258956130172, 0.0 ], [ 36.0580529315381, -0.210309586494782, 0.0 ], [ 36.057930971651501, -0.210358196242101, 0.0 ], [ 36.057821342255892, -0.210412346038333, 0.0 ], [ 36.057741041902311, -0.210452076439634, 0.0 ], [ 36.057658981775553, -0.210495576039344, 0.0 ], [ 36.057549091809619, -0.210561126521542, 0.0 ], [ 36.057442562221979, -0.210625746079903, 0.0 ], [ 36.057323032041495, -0.210673525871748, 0.0 ], [ 36.057217422093046, -0.210725245858364, 0.0 ], [ 36.057106022129503, -0.210773856598038, 0.0 ], [ 36.057018852136672, -0.210815175867317, 0.0 ], [ 36.056922881676321, -0.210879046518072, 0.0 ], [ 36.056817771696892, -0.210935376373651, 0.0 ], [ 36.056733031589125, -0.210979546715673, 0.0 ], [ 36.056637221761633, -0.211029086458759, 0.0 ], [ 36.056555671729711, -0.21108080638704, 0.0 ], [ 36.056468081867223, -0.211145596550918, 0.0 ], [ 36.056391631723088, -0.211200246669501, 0.0 ], [ 36.056310581813896, -0.21125564674736, 0.0 ], [ 36.056234562259441, -0.211316246680492, 0.0 ], [ 36.056146631553517, -0.211375176441288, 0.0 ], [ 36.056064241941677, -0.211424466566543, 0.0 ], [ 36.055982602129177, -0.211481285944949, 0.0 ], [ 36.055903722263913, -0.211546836649793, 0.0 ], [ 36.055815042307977, -0.211614646127475, 0.0 ], [ 36.055730892145398, -0.211691176419992, 0.0 ], [ 36.055642121652063, -0.211777676283064, 0.0 ], [ 36.055547491686575, -0.211867776495085, 0.0 ], [ 36.055447751778971, -0.211951176049345, 0.0 ], [ 36.055348252323569, -0.212010946517961, 0.0 ], [ 36.055242062152615, -0.212056036059095, 0.0 ], [ 36.055144071474587, -0.212096106227889, 0.0 ], [ 36.055045581687374, -0.21213197668838, 0.0 ], [ 36.054958501693186, -0.212167686667122, 0.0 ], [ 36.054865291951302, -0.212207745973602, 0.0 ], [ 36.05477963169929, -0.212243955860322, 0.0 ], [ 36.05468122181253, -0.212279836247452, 0.0 ], [ 36.054589191695037, -0.21231344636394, 0.0 ], [ 36.054500931973216, -0.212346806007841, 0.0 ], [ 36.054407221763938, -0.212370866393658, 0.0 ], [ 36.054301942288838, -0.212403296681847, 0.0 ], [ 36.054194920136972, -0.212415292420419, 0.0 ] ] ] } },
{ "type": "Feature", "properties": { "Name": null, "Type": "Tarmac", "Length_Km": 15.3718929602, "main__road": 0, "Type2": 11 }, "geometry": { "type": "MultiLineString", "coordinates": [ [ [ 36.116162990230016, -0.154325807382344, 0.0 ], [ 36.116202459694314, -0.15443100737393, 0.0 ], [ 36.116243790133829, -0.154573827241953, 0.0 ], [ 36.116284189801256, -0.154757308063397, 0.0 ], [ 36.116306400092597, -0.154859237510074, 0.0 ], [ 36.116331459588999, -0.154964597331884, 0.0 ], [ 36.11635727982847, -0.15507263727729, 0.0 ], [ 36.116385779916023, -0.155182017597469, 0.0 ], [ 36.116415949484313, -0.155290818050622, 0.0 ], [ 36.116444370152749, -0.155396597607143, 0.0 ], [ 36.116478559586902, -0.155499947320417, 0.0 ], [ 36.11652231954001, -0.155602377587579, 0.0 ], [ 36.116571940102638, -0.155700187750523, 0.0 ], [ 36.116628939509987, -0.155796327299571, 0.0 ], [ 36.116691549621379, -0.155890797803705, 0.0 ], [ 36.116757929620043, -0.155983417394796, 0.0 ], [ 36.116826250196993, -0.156075197834377, 0.0 ], [ 36.116895559854129, -0.156166977515588, 0.0 ], [ 36.116967229978364, -0.156259097274603, 0.0 ], [ 36.117041239759061, -0.156352807663782, 0.0 ], [ 36.117116180146603, -0.156447517551011, 0.0 ], [ 36.117188600320937, -0.156541737367083, 0.0 ], [ 36.117257490107654, -0.15663879756983, 0.0 ], [ 36.117322289494119, -0.156744997843184, 0.0 ], [ 36.117379530031855, -0.156863097248317, 0.0 ], [ 36.117427479574836, -0.156992347383848, 0.0 ], [ 36.117464440322088, -0.15713022793079, 0.0 ], [ 36.117495539530424, -0.157272717751518, 0.0 ], [ 36.117521270215583, -0.157417807349181, 0.0 ], [ 36.117543650272147, -0.157563737727545, 0.0 ], [ 36.117566449504409, -0.157709337458711, 0.0 ], [ 36.117593189785012, -0.157855007312392, 0.0 ], [ 36.11762595947058, -0.1580022773386, 0.0 ], [ 36.117664019640181, -0.158152988031433, 0.0 ], [ 36.117707100010364, -0.158308057393841, 0.0 ], [ 36.11775847950495, -0.158465797991885, 0.0 ], [ 36.117817819499265, -0.158628077483577, 0.0 ], [ 36.117881439988189, -0.158795707683705, 0.0 ], [ 36.117949249852735, -0.15896552785745, 0.0 ], [ 36.118018739632063, -0.159137187974041, 0.0 ], [ 36.118086969472436, -0.159313797752162, 0.0 ], [ 36.118157879472214, -0.159495937837472, 0.0 ], [ 36.118232479907697, -0.159679587437782, 0.0 ], [ 36.118310680059103, -0.159865248029957, 0.0 ], [ 36.118388300045709, -0.160053337392374, 0.0 ], [ 36.118464070060597, -0.16024234727156, 0.0 ], [ 36.118539929977715, -0.160430097596241, 0.0 ], [ 36.118614779949382, -0.160612738053314, 0.0 ], [ 36.118687949772415, -0.160788427952651, 0.0 ], [ 36.11876104011094, -0.160961097191136, 0.0 ], [ 36.118836389505191, -0.161133927605637, 0.0 ], [ 36.118912839842253, -0.161309027993713, 0.0 ], [ 36.118989700067125, -0.161486047669691, 0.0 ], [ 36.119067479989113, -0.161664918033623, 0.0 ], [ 36.119145349445013, -0.161845217900436, 0.0 ], [ 36.119221629984253, -0.162027357260112, 0.0 ], [ 36.119298239792386, -0.162210247566836, 0.0 ], [ 36.1193772798838, -0.162394737580879, 0.0 ], [ 36.119456990120725, -0.162581317699842, 0.0 ], [ 36.119534020150383, -0.162768897730542, 0.0 ], [ 36.119606860194722, -0.162958337668002, 0.0 ], [ 36.119672989809182, -0.163150777473429, 0.0 ], [ 36.119732079555668, -0.163346497207643, 0.0 ], [ 36.119787659951456, -0.163541877619763, 0.0 ], [ 36.119844990158079, -0.163733407232958, 0.0 ], [ 36.11990734970864, -0.163921578063629, 0.0 ], [ 36.119967780140875, -0.16410539789111, 0.0 ], [ 36.120021339866639, -0.164283097697416, 0.0 ], [ 36.12007004003268, -0.164456347586177, 0.0 ], [ 36.120116059363937, -0.164622307907165, 0.0 ], [ 36.120161489503758, -0.164778298029082, 0.0 ], [ 36.120206250201257, -0.164920617769026, 0.0 ], [ 36.12025008947699, -0.165047687626829, 0.0 ], [ 36.12029023001098, -0.165161937838466, 0.0 ], [ 36.120324520101953, -0.165265537593908, 0.0 ], [ 36.120357369619427, -0.165362937668636, 0.0 ], [ 36.120391819896682, -0.165463437267437, 0.0 ], [ 36.120430039543741, -0.165572227785203, 0.0 ], [ 36.120472289584526, -0.165690417957334, 0.0 ], [ 36.120519060194574, -0.165817147646048, 0.0 ], [ 36.120565999352856, -0.165951427706488, 0.0 ], [ 36.120617379528255, -0.166091907900459, 0.0 ], [ 36.120666829552917, -0.166235407601682, 0.0 ], [ 36.120722569675245, -0.166377727242478, 0.0 ], [ 36.120786779356465, -0.166510917418357, 0.0 ], [ 36.120864399896014, -0.166632537365469, 0.0 ], [ 36.120953579631021, -0.166742927467941, 0.0 ], [ 36.121071259717652, -0.16684124804426, 0.0 ], [ 36.12121634974249, -0.166926917935332, 0.0 ], [ 36.121375939732651, -0.167004777570866, 0.0 ], [ 36.121539469897478, -0.167082898031364, 0.0 ], [ 36.121705349621394, -0.167162527839106, 0.0 ], [ 36.121874749692793, -0.167240897681176, 0.0 ], [ 36.122048419558425, -0.167318007666667, 0.0 ], [ 36.122223190069271, -0.167393448011101, 0.0 ], [ 36.122397189773999, -0.167467797639022, 0.0 ], [ 36.122568940147964, -0.167542987294166, 0.0 ], [ 36.122737329965702, -0.167619507460989, 0.0 ], [ 36.122899689427932, -0.16769469759755, 0.0 ], [ 36.123056849800626, -0.167767537676267, 0.0 ], [ 36.123212249617154, -0.167837608029754, 0.0 ], [ 36.123362539347156, -0.167910527562658, 0.0 ], [ 36.12350738010845, -0.16798981749674, 0.0 ], [ 36.123644169444866, -0.168078837886614, 0.0 ], [ 36.123771989945631, -0.168178418091309, 0.0 ], [ 36.12388832930607, -0.168289137846729, 0.0 ], [ 36.123980369805182, -0.168416798103668, 0.0 ], [ 36.124057149712499, -0.168554847379773, 0.0 ], [ 36.124117329841042, -0.168703627934438, 0.0 ], [ 36.12416669933333, -0.168856848042184, 0.0 ], [ 36.124202319940864, -0.169012417274436, 0.0 ], [ 36.12422319014027, -0.169169407496221, 0.0 ], [ 36.124222689644164, -0.169327997541332, 0.0 ], [ 36.124209779767192, -0.169486327333768, 0.0 ], [ 36.124184469439321, -0.169638538020725, 0.0 ], [ 36.124158399800322, -0.169784387346443, 0.0 ], [ 36.124134180042198, -0.169923607331328, 0.0 ], [ 36.12411388993786, -0.170055038079931, 0.0 ], [ 36.12410106939361, -0.170166347982262, 0.0 ], [ 36.124095789657915, -0.170249077684183, 0.0 ], [ 36.124094029963388, -0.170357127275854, 0.0 ], [ 36.124086729564418, -0.170454098088291, 0.0 ], [ 36.124064859517219, -0.170556277718153, 0.0 ], [ 36.124044739836812, -0.170687957862032, 0.0 ], [ 36.124035690141021, -0.170839837489997, 0.0 ], [ 36.124025549459148, -0.171000938043001, 0.0 ], [ 36.124010959363446, -0.171157848005683, 0.0 ], [ 36.123983049843204, -0.171314087328423, 0.0 ], [ 36.123952789835059, -0.171487338095451, 0.0 ], [ 36.123932259935295, -0.171642987557694, 0.0 ], [ 36.123921189597816, -0.171759327944761, 0.0 ], [ 36.123906939743208, -0.171908947807083, 0.0 ], [ 36.123899479881473, -0.172002997277901, 0.0 ], [ 36.123893360142368, -0.172108517963901, 0.0 ], [ 36.123887829401284, -0.172224697429606, 0.0 ], [ 36.123883889982203, -0.172346988080137, 0.0 ], [ 36.123878359675125, -0.172472207915021, 0.0 ], [ 36.123873579986075, -0.172601547306757, 0.0 ], [ 36.123872159409032, -0.17273942789018, 0.0 ], [ 36.123872829814282, -0.172885188051443, 0.0 ], [ 36.123873749346295, -0.173039497974733, 0.0 ], [ 36.123874169464656, -0.173202278031973, 0.0 ], [ 36.123877189238016, -0.173374437696731, 0.0 ], [ 36.123883219734225, -0.173555987875317, 0.0 ], [ 36.12388891976763, -0.173744497420186, 0.0 ], [ 36.123892529520013, -0.173938207688177, 0.0 ], [ 36.123894870014446, -0.174138617850578, 0.0 ], [ 36.123900069223509, -0.174344477970181, 0.0 ], [ 36.123909959288369, -0.174554027238696, 0.0 ], [ 36.123923789851041, -0.1747673477711, 0.0 ], [ 36.123936699775527, -0.174978817625754, 0.0 ], [ 36.123948939475014, -0.175188447683242, 0.0 ], [ 36.123961589866333, -0.175394397504465, 0.0 ], [ 36.12397248999109, -0.175594557791345, 0.0 ], [ 36.123983129971904, -0.175787587849746, 0.0 ], [ 36.123994949781171, -0.175977357955969, 0.0 ], [ 36.124002079884839, -0.17616728728255, 0.0 ], [ 36.12400483943626, -0.176359827303342, 0.0 ], [ 36.124008449330461, -0.176555627591765, 0.0 ], [ 36.124012719363009, -0.176754187532732, 0.0 ], [ 36.124018089312273, -0.176955607492258, 0.0 ], [ 36.124028479700449, -0.177159457968064, 0.0 ], [ 36.124042139348497, -0.177366237472125, 0.0 ], [ 36.124055719516079, -0.177576037655036, 0.0 ], [ 36.124069549599177, -0.177788857664208, 0.0 ], [ 36.124082629389193, -0.178001087521042, 0.0 ], [ 36.124090759202097, -0.17821331751937, 0.0 ], [ 36.124097299161619, -0.178427307458592, 0.0 ], [ 36.124097549639423, -0.178643727971957, 0.0 ], [ 36.124090169927314, -0.178861147567922, 0.0 ], [ 36.124079360041122, -0.179076817285385, 0.0 ], [ 36.124066029412212, -0.17928929785256, 0.0 ], [ 36.124049689792599, -0.179498507869211, 0.0 ], [ 36.124030159751293, -0.17970528763995, 0.0 ], [ 36.124006939203426, -0.179910647293424, 0.0 ], [ 36.123979859296149, -0.180115337680704, 0.0 ], [ 36.123951279563116, -0.180320017883471, 0.0 ], [ 36.1239214396184, -0.180524877691445, 0.0 ], [ 36.123890349441844, -0.180729227669885, 0.0 ], [ 36.123861429808905, -0.180931478046264, 0.0 ], [ 36.123836369279637, -0.181129797520519, 0.0 ], [ 36.12381683932729, -0.181322577976756, 0.0 ], [ 36.123805939356636, -0.181508577477655, 0.0 ], [ 36.123800159950015, -0.181688027694532, 0.0 ], [ 36.123799229513438, -0.181864387511358, 0.0 ], [ 36.123804679577319, -0.182041327536235, 0.0 ], [ 36.123815079328566, -0.182219697819117, 0.0 ], [ 36.123828989270812, -0.182398477986228, 0.0 ], [ 36.123846259958199, -0.182574837986351, 0.0 ], [ 36.123866789588384, -0.182745487850646, 0.0 ], [ 36.123888419548187, -0.182910617893329, 0.0 ], [ 36.1239109698354, -0.183073387923886, 0.0 ], [ 36.123933849180368, -0.183238177526577, 0.0 ], [ 36.123954299386362, -0.1834053178775, 0.0 ], [ 36.123974669834233, -0.183571527528688, 0.0 ], [ 36.123990589404301, -0.183737407569388, 0.0 ], [ 36.12400575909362, -0.183905888013544, 0.0 ], [ 36.12402235959609, -0.184079057396085, 0.0 ], [ 36.124041389899624, -0.184256747811061, 0.0 ], [ 36.124063259477623, -0.184437717799117, 0.0 ], [ 36.124083879691817, -0.184618427360808, 0.0 ], [ 36.124105929501347, -0.184800147367376, 0.0 ], [ 36.124130739667471, -0.184984717733866, 0.0 ], [ 36.124155549552377, -0.185170877515251, 0.0 ], [ 36.124186479381592, -0.185359307194809, 0.0 ], [ 36.124217739064044, -0.185550327517665, 0.0 ], [ 36.124247499313569, -0.185744537265905, 0.0 ], [ 36.124275239541412, -0.185942017677475, 0.0 ], [ 36.12430113934839, -0.186142177835661, 0.0 ], [ 36.124324949243544, -0.186344847825115, 0.0 ], [ 36.124346739284839, -0.186549707786936, 0.0 ], [ 36.124367859538495, -0.186755727851747, 0.0 ], [ 36.124384789294815, -0.1869607478768, 0.0 ], [ 36.12439644968169, -0.18716493755822, 0.0 ], [ 36.124403819650013, -0.187369957843301, 0.0 ], [ 36.124409439160026, -0.18757631786298, 0.0 ], [ 36.124412119499887, -0.187786287229487, 0.0 ], [ 36.124409189147244, -0.187997007462598, 0.0 ], [ 36.124402729445869, -0.18820881774464, 0.0 ], [ 36.124394849753912, -0.188420878084632, 0.0 ], [ 36.124384379798471, -0.188632437410025, 0.0 ], [ 36.124373139834603, -0.188843247532337, 0.0 ], [ 36.124361239297947, -0.189053707854065, 0.0 ], [ 36.124347159829362, -0.189262087758232, 0.0 ], [ 36.124331149673552, -0.189465177748297, 0.0 ], [ 36.124313549408747, -0.189660477658161, 0.0 ], [ 36.124293769068835, -0.189849737635292, 0.0 ], [ 36.12427071944451, -0.190035987221377, 0.0 ], [ 36.124242719306118, -0.190220057435462, 0.0 ], [ 36.124208189051991, -0.19040151790682, 0.0 ], [ 36.124167279871067, -0.190583407415752, 0.0 ], [ 36.124123029833427, -0.190766387888045, 0.0 ], [ 36.124078179023691, -0.190951127526952, 0.0 ], [ 36.124032919570517, -0.191137287519368, 0.0 ], [ 36.123985149278354, -0.191325797304241, 0.0 ], [ 36.123931839068668, -0.191515897363391, 0.0 ], [ 36.123877769260062, -0.191707508072329, 0.0 ], [ 36.123824379108868, -0.191897607178104, 0.0 ], [ 36.1237733295089, -0.192083517635975, 0.0 ], [ 36.123724379839437, -0.19226029770005, 0.0 ], [ 36.123676779002857, -0.192427097876661, 0.0 ], [ 36.123630589401358, -0.192586517792516, 0.0 ], [ 36.123586329745528, -0.192738987642657, 0.0 ], [ 36.123543749377177, -0.192885997398332, 0.0 ], [ 36.123500169008395, -0.193028327308009, 0.0 ], [ 36.123456579209531, -0.193167887717082, 0.0 ], [ 36.123414249291841, -0.193308957314137, 0.0 ], [ 36.123371249208653, -0.193453537214967, 0.0 ], [ 36.123331359621289, -0.193600307918727, 0.0 ], [ 36.12329304974498, -0.193746737323433, 0.0 ], [ 36.123253069400029, -0.193893927254475, 0.0 ], [ 36.123209229121933, -0.194044047751834, 0.0 ], [ 36.123163719667481, -0.194197937710662, 0.0 ], [ 36.123118119612755, -0.194356777478612, 0.0 ], [ 36.123070599810603, -0.194520307416364, 0.0 ], [ 36.123020559817625, -0.194688447905258, 0.0 ], [ 36.122968759050664, -0.19486060722452, 0.0 ], [ 36.122916539441853, -0.195036127791132, 0.0 ], [ 36.122866239197862, -0.195214327795694, 0.0 ], [ 36.122815199170851, -0.195393617381175, 0.0 ], [ 36.122764739728396, -0.195573487150373, 0.0 ], [ 36.122714619668869, -0.195752527470749, 0.0 ], [ 36.122664239662932, -0.195929387381694, 0.0 ], [ 36.122615288982402, -0.19610347803501, 0.0 ], [ 36.122564999598247, -0.196274887509712, 0.0 ], [ 36.122513788925232, -0.196443277936462, 0.0 ], [ 36.122464579242362, -0.196609327503931, 0.0 ], [ 36.122419239188993, -0.196773277790556, 0.0 ], [ 36.122375739269401, -0.196936057334618, 0.0 ], [ 36.122330219036662, -0.197098407316655, 0.0 ], [ 36.122284619367072, -0.197258007665608, 0.0 ], [ 36.122237179292696, -0.197414827357061, 0.0 ], [ 36.122193259735198, -0.197569387777741, 0.0 ], [ 36.122153869160194, -0.197713307458662, 0.0 ], [ 36.122120759686162, -0.197840627568923, 0.0 ], [ 36.122091838992581, -0.197957557179653, 0.0 ], [ 36.122064679448599, -0.198068117725744, 0.0 ], [ 36.122038029658526, -0.198173637260281, 0.0 ], [ 36.122010869627189, -0.198276407999719, 0.0 ], [ 36.121980189478442, -0.198378917893509, 0.0 ], [ 36.121949848888136, -0.198484947299134, 0.0 ], [ 36.121921939133422, -0.198599697606311, 0.0 ], [ 36.121896959131313, -0.198723827614068, 0.0 ], [ 36.121870059667117, -0.198856177184537, 0.0 ], [ 36.121841639546723, -0.198994988011773, 0.0 ], [ 36.121807689588081, -0.199139487738494, 0.0 ], [ 36.121775339745405, -0.199290277579915, 0.0 ], [ 36.121743149664901, -0.199446187145019, 0.0 ], [ 36.12171112942147, -0.199606027319196, 0.0 ], [ 36.121680368914163, -0.199768127566013, 0.0 ], [ 36.121650619679727, -0.199931577933902, 0.0 ], [ 36.12162353954826, -0.200095947702998, 0.0 ], [ 36.121598819026161, -0.20026031787603, 0.0 ], [ 36.121577439067941, -0.200425017529734, 0.0 ], [ 36.121558579247406, -0.200590477531479, 0.0 ], [ 36.121541149691573, -0.20075819764006, 0.0 ], [ 36.121523969205676, -0.200928357462263, 0.0 ], [ 36.121506949210477, -0.201099347700509, 0.0 ], [ 36.121491279464685, -0.201273357946119, 0.0 ], [ 36.12147811964762, -0.201450047752325, 0.0 ], [ 36.121468229163575, -0.201628917572084, 0.0 ], [ 36.12146235948687, -0.20180861758554, 0.0 ], [ 36.121458919391578, -0.201988497837981, 0.0 ], [ 36.121455989305659, -0.202167027322034, 0.0 ], [ 36.121452889619881, -0.202340037688053, 0.0 ], [ 36.121449788931656, -0.202508347612291, 0.0 ], [ 36.121446518906083, -0.202674807870522, 0.0 ], [ 36.121443919289234, -0.202841437216392, 0.0 ], [ 36.121440399596025, -0.203008487468424, 0.0 ], [ 36.121433859640256, -0.203175627542713, 0.0 ], [ 36.121428078921234, -0.203343097557531, 0.0 ], [ 36.121425899005423, -0.203511157345834, 0.0 ], [ 36.121423719683825, -0.203680807440202, 0.0 ], [ 36.121420449311991, -0.203853387660681, 0.0 ], [ 36.121417348930834, -0.204028907266889, 0.0 ], [ 36.121416179456403, -0.204207687344524, 0.0 ], [ 36.121416089104137, -0.20438982713682, 0.0 ], [ 36.12141692903031, -0.204574477249443, 0.0 ], [ 36.121419439425225, -0.204758127393784, 0.0 ], [ 36.121423219192984, -0.204940187459058, 0.0 ], [ 36.121425648884987, -0.205123077677091, 0.0 ], [ 36.121423469041169, -0.205309577789637, 0.0 ], [ 36.121414668948525, -0.205500937993388, 0.0 ], [ 36.12140527922174, -0.205696907266822, 0.0 ], [ 36.121400248925077, -0.205897317528001, 0.0 ], [ 36.121399498819443, -0.206103597330139, 0.0 ], [ 36.121401089111259, -0.206316907431128, 0.0 ], [ 36.121405869370925, -0.206534427901794, 0.0 ], [ 36.12141164882518, -0.206755457168384, 0.0 ], [ 36.121414669302965, -0.20697589770642, 0.0 ], [ 36.121415338839029, -0.2071926575259, 0.0 ], [ 36.121415249270342, -0.207402957491115, 0.0 ], [ 36.121413158792194, -0.207604627873263, 0.0 ], [ 36.121410559348412, -0.207796397600001, 0.0 ], [ 36.121408628811245, -0.207981637250521, 0.0 ], [ 36.121408798787606, -0.208165207459738, 0.0 ], [ 36.12140954908471, -0.208350777404274, 0.0 ], [ 36.121409049462244, -0.208539207866429, 0.0 ], [ 36.121411399138715, -0.208729647512751, 0.0 ], [ 36.121417939432199, -0.208919907206719, 0.0 ], [ 36.12142748880585, -0.209107077196646, 0.0 ], [ 36.121440989574339, -0.209291737756461, 0.0 ], [ 36.121457579038896, -0.209474797735224, 0.0 ], [ 36.121478449193802, -0.209655927544412, 0.0 ], [ 36.121502929026605, -0.209833207852015, 0.0 ], [ 36.121531759012328, -0.21000662795212, 0.0 ], [ 36.121563948892828, -0.210177697552794, 0.0 ], [ 36.121600329319627, -0.210349027260343, 0.0 ], [ 36.121640138877765, -0.210522277723337, 0.0 ], [ 36.121684649454799, -0.210697047986146, 0.0 ], [ 36.121734189052397, -0.21087113788543, 0.0 ], [ 36.121786739312952, -0.211043387754093, 0.0 ], [ 36.121843318857664, -0.211214287523213, 0.0 ], [ 36.12190559893633, -0.211383687507595, 0.0 ], [ 36.121971138894672, -0.211552917334434, 0.0 ], [ 36.122036518917838, -0.211722987483973, 0.0 ], [ 36.122100638727623, -0.211893307712652, 0.0 ], [ 36.122163419294573, -0.212064127394534, 0.0 ], [ 36.12222644920211, -0.212235797413715, 0.0 ], [ 36.122290828764328, -0.212408707418955, 0.0 ], [ 36.122356789441149, -0.212578527479187, 0.0 ], [ 36.122421838994114, -0.212743987596486, 0.0 ], [ 36.122485369221394, -0.21290818785406, 0.0 ], [ 36.122547818990022, -0.21307129730285, 0.0 ], [ 36.122609339162132, -0.213232907550182, 0.0 ], [ 36.122670358798302, -0.213392827115402, 0.0 ], [ 36.122731629557371, -0.213553677436231, 0.0 ], [ 36.122793568954464, -0.213719477734155, 0.0 ], [ 36.122855849294709, -0.213890717691942, 0.0 ], [ 36.122921569198077, -0.214065727161289, 0.0 ], [ 36.122990548952203, -0.214245607580381, 0.0 ], [ 36.12305692915595, -0.214431687932617, 0.0 ], [ 36.123117949245263, -0.214622457811256, 0.0 ], [ 36.123173939450034, -0.214813397545512, 0.0 ], [ 36.123226329029968, -0.215002487888988, 0.0 ], [ 36.123272678819355, -0.215187817300122, 0.0 ], [ 36.123313169274759, -0.215369117444776, 0.0 ], [ 36.123343678975637, -0.215545887862746, 0.0 ], [ 36.123362789307002, -0.215720817350762, 0.0 ], [ 36.123376279363107, -0.215890047780397, 0.0 ], [ 36.123381898912797, -0.216054087443338, 0.0 ], [ 36.123379548959342, -0.216219207196444, 0.0 ], [ 36.123372758847317, -0.216389107882135, 0.0 ], [ 36.123364468752435, -0.216564707192201, 0.0 ], [ 36.123354988635249, -0.216744337166732, 0.0 ], [ 36.123345519282431, -0.216928657649159, 0.0 ], [ 36.123333789357623, -0.217115817667589, 0.0 ], [ 36.123316268883052, -0.217305507525858, 0.0 ], [ 36.123294218925153, -0.217497617222757, 0.0 ], [ 36.123266058923562, -0.217692077783338, 0.0 ], [ 36.123229268689194, -0.217888297780911, 0.0 ], [ 36.123187519263674, -0.218085777323056, 0.0 ], [ 36.123139748745004, -0.218285097209759, 0.0 ], [ 36.12308425942264, -0.218483917733472, 0.0 ], [ 36.123022739057411, -0.218680217893275, 0.0 ], [ 36.122954339487187, -0.218873927948451, 0.0 ], [ 36.122880239141928, -0.219065287570928, 0.0 ], [ 36.122796259114743, -0.219254047473225, 0.0 ], [ 36.122710678933856, -0.219441797737001, 0.0 ], [ 36.122620659155501, -0.219626537282055, 0.0 ], [ 36.122535749137917, -0.219810857610329, 0.0 ], [ 36.122452099166281, -0.219995587475867, 0.0 ], [ 36.122369278971533, -0.220177817255877, 0.0 ], [ 36.122286888788246, -0.220359447111626, 0.0 ], [ 36.122205748948751, -0.220540587438516, 0.0 ], [ 36.122126119085948, -0.220719957908976, 0.0 ], [ 36.122048088840607, -0.22089815761744, 0.0 ], [ 36.121970049293012, -0.221077947606449, 0.0 ], [ 36.12189125894556, -0.221259997288006, 0.0 ], [ 36.121809959140172, -0.221441557620065, 0.0 ], [ 36.121727899094303, -0.221623107839064, 0.0 ], [ 36.121645759094854, -0.221804907404792, 0.0 ], [ 36.121568559168246, -0.221986547966463, 0.0 ], [ 36.121497058716265, -0.222167597761013, 0.0 ], [ 36.121429669363962, -0.222346627917904, 0.0 ], [ 36.121352638968325, -0.222519047372587, 0.0 ], [ 36.121282228993657, -0.222685847802852, 0.0 ], [ 36.121209899192642, -0.222847787464883, 0.0 ], [ 36.121130438569779, -0.223008887192449, 0.0 ], [ 36.121057258575917, -0.223162437780993, 0.0 ], [ 36.120991879375381, -0.223305187535899, 0.0 ], [ 36.120930439253634, -0.223439717245185, 0.0 ], [ 36.120872188728029, -0.22357088713751, 0.0 ], [ 36.120818459334146, -0.223696197260988, 0.0 ], [ 36.120768838609557, -0.223813547611014, 0.0 ], [ 36.120722488666807, -0.22392544727543, 0.0 ], [ 36.120674958934586, -0.224034827511146, 0.0 ], [ 36.12062793856623, -0.224141787139233, 0.0 ], [ 36.120582758765622, -0.224245547532603, 0.0 ], [ 36.120529788772075, -0.224346887500805, 0.0 ], [ 36.120480759380605, -0.224446127402225, 0.0 ], [ 36.120435829237451, -0.224539757754888, 0.0 ], [ 36.120393328986196, -0.224627427643054, 0.0 ], [ 36.120353099095198, -0.224712587818012, 0.0 ], [ 36.120315049195057, -0.224798417065729, 0.0 ], [ 36.120280339035105, -0.224884257806478, 0.0 ], [ 36.120244968688844, -0.224967987643776, 0.0 ], [ 36.120206828899803, -0.225049797722548, 0.0 ], [ 36.120124268727018, -0.225211317606234, 0.0 ], [ 36.120087059070926, -0.225296227137782, 0.0 ], [ 36.120047829162758, -0.22538515720671, 0.0 ], [ 36.120007089146611, -0.225476347734543, 0.0 ], [ 36.119966529333546, -0.225568547592421, 0.0 ], [ 36.11992109903678, -0.225662927730723, 0.0 ], [ 36.119875248553036, -0.225762597347777, 0.0 ], [ 36.119827638967017, -0.225871057559015, 0.0 ], [ 36.119779439050916, -0.225987397782876, 0.0 ], [ 36.119724958938093, -0.226108847415647, 0.0 ], [ 36.119668298867218, -0.226233987737691, 0.0 ], [ 36.119610799370122, -0.226364827675233, 0.0 ], [ 36.119553379131297, -0.226503387817791, 0.0 ], [ 36.119497388641904, -0.226646627879028, 0.0 ], [ 36.119440638930996, -0.22678928767593, 0.0 ], [ 36.119383979026871, -0.226927007595097, 0.0 ], [ 36.119326148853951, -0.227059437701273, 0.0 ], [ 36.119258838544404, -0.227188857888726, 0.0 ], [ 36.119202098811307, -0.227316937437875, 0.0 ], [ 36.119146268580621, -0.227448027888132, 0.0 ], [ 36.119089948848185, -0.227580797082149, 0.0 ], [ 36.119034878822681, -0.2277118072384, 0.0 ], [ 36.11898206926795, -0.227840377258517, 0.0 ], [ 36.118930519292348, -0.227967197280345, 0.0 ], [ 36.118879388948791, -0.228091507225318, 0.0 ], [ 36.118829438572078, -0.228212707267615, 0.0 ], [ 36.118779058642531, -0.228331977163888, 0.0 ], [ 36.118725918701244, -0.228451587148373, 0.0 ], [ 36.118669428767255, -0.228573047889806, 0.0 ], [ 36.118610838967044, -0.228697097862409, 0.0 ], [ 36.118553839015043, -0.228824087488828, 0.0 ], [ 36.118499439058262, -0.228951907109802, 0.0 ], [ 36.118443029296202, -0.229076207771757, 0.0 ], [ 36.118390558984288, -0.229195147361446, 0.0 ], [ 36.118343618974656, -0.229302107470218, 0.0 ], [ 36.118301538558683, -0.22938927741431, 0.0 ], [ 36.118266338504007, -0.229468227050559, 0.0 ], [ 36.118234318907874, -0.229553807795466, 0.0 ], [ 36.11816323864479, -0.229678957528073, 0.0 ], [ 36.118077499138629, -0.229852537124043, 0.0 ], [ 36.118032818813553, -0.229951787375941, 0.0 ], [ 36.117984788468831, -0.230053037473393, 0.0 ], [ 36.117938359240682, -0.230159237698218, 0.0 ], [ 36.117891328467941, -0.230270887286831, 0.0 ], [ 36.11784397895979, -0.230383037385322, 0.0 ], [ 36.117797618680754, -0.230494427762497, 0.0 ], [ 36.117745988661056, -0.230602717787216, 0.0 ], [ 36.117698298565458, -0.230703307381656, 0.0 ], [ 36.117657729247306, -0.230791817536174, 0.0 ], [ 36.117593939243072, -0.230941187256752, 0.0 ], [ 36.117541469082077, -0.231058527330112, 0.0 ], [ 36.117509288814475, -0.231148137004651, 0.0 ], [ 36.117457488659838, -0.231281157020502, 0.0 ], [ 36.117397139241469, -0.231410657656612, 0.0 ], [ 36.117316668718907, -0.231567477560037, 0.0 ], [ 36.117269558939228, -0.231701087617751, 0.0 ], [ 36.117219188734929, -0.231873337694975, 0.0 ], [ 36.117185998511573, -0.231972747342572, 0.0 ], [ 36.11715154917615, -0.232075927367474, 0.0 ], [ 36.117115918863703, -0.232182627493221, 0.0 ], [ 36.117078788426092, -0.232295447253413, 0.0 ], [ 36.117040318621093, -0.23241388700005, 0.0 ], [ 36.117001679009647, -0.232537597284632, 0.0 ], [ 36.116963539099444, -0.232666847509569, 0.0 ], [ 36.116925319165261, -0.232801207452488, 0.0 ], [ 36.116885088918096, -0.232939097262302, 0.0 ], [ 36.116842338762133, -0.233079487656749, 0.0 ], [ 36.116799168763144, -0.233223237463667, 0.0 ], [ 36.116757768796127, -0.233370927227639, 0.0 ], [ 36.116717868766855, -0.233522227087189, 0.0 ], [ 36.116677718613538, -0.233676447253706, 0.0 ], [ 36.116635888687945, -0.233832937760648, 0.0 ], [ 36.116591379116009, -0.23399177701377, 0.0 ], [ 36.11654486857266, -0.234152287466133, 0.0 ], [ 36.116497839093292, -0.234313477290364, 0.0 ], [ 36.116450228852479, -0.234474827818956, 0.0 ], [ 36.116402879011865, -0.234635507027782, 0.0 ], [ 36.116356858453813, -0.234795937108171, 0.0 ], [ 36.116311678850813, -0.234956447766706, 0.0 ], [ 36.116266749200527, -0.235114697708597, 0.0 ], [ 36.11622475920344, -0.235271777204333, 0.0 ], [ 36.116185618800955, -0.23542918708165, 0.0 ], [ 36.116145378909692, -0.235586517206264, 0.0 ], [ 36.11610011915392, -0.235743427023274, 0.0 ], [ 36.116052338885538, -0.235901347412067, 0.0 ], [ 36.116005238675186, -0.236060517577479, 0.0 ], [ 36.115958549242542, -0.236221027821827, 0.0 ], [ 36.11591311899911, -0.236381707282461, 0.0 ], [ 36.115869369146964, -0.236541297361767, 0.0 ], [ 36.115826278372474, -0.236699387624238, 0.0 ], [ 36.115783288949601, -0.236857717343844, 0.0 ], [ 36.115738529217417, -0.237017727340424, 0.0 ], [ 36.115692588943574, -0.237178997571346, 0.0 ], [ 36.115646738905738, -0.237342187008752, 0.0 ], [ 36.11560097842456, -0.23750622762238, 0.0 ], [ 36.115553788523371, -0.237668417396198, 0.0 ], [ 36.115506348583565, -0.237828677060422, 0.0 ], [ 36.115460159046016, -0.23798818700132, 0.0 ], [ 36.115415658498144, -0.238148447251193, 0.0 ], [ 36.115370728508431, -0.238310637442192, 0.0 ], [ 36.115323958942021, -0.238475256958376, 0.0 ], [ 36.115275838885395, -0.238642647453384, 0.0 ], [ 36.115224378344848, -0.238813547637256, 0.0 ], [ 36.115169388780501, -0.238988227638427, 0.0 ], [ 36.115112978541134, -0.239166517119838, 0.0 ], [ 36.115055228614075, -0.239347397764633, 0.0 ], [ 36.114995468693536, -0.239530117654158, 0.0 ], [ 36.114933778777576, -0.239714107549692, 0.0 ], [ 36.114871168686165, -0.239898927619709, 0.0 ], [ 36.114805028414551, -0.240084417381579, 0.0 ], [ 36.114735878430373, -0.240271077525093, 0.0 ], [ 36.11466823850121, -0.240460007750884, 0.0 ], [ 36.11460361858034, -0.240649777110333, 0.0 ], [ 36.114539158549441, -0.240838787476065, 0.0 ], [ 36.114473028487708, -0.241026287588958, 0.0 ], [ 36.114406388577791, -0.241213877025993, 0.0 ], [ 36.114340258970266, -0.241403227621119, 0.0 ], [ 36.114273619148513, -0.241594417769591, 0.0 ], [ 36.114206398467381, -0.241786197808197, 0.0 ], [ 36.114140348514368, -0.241976207059925, 0.0 ], [ 36.114077818771108, -0.242161447050701, 0.0 ], [ 36.1140201485915, -0.242336547203667, 0.0 ], [ 36.113967348485197, -0.242494207523931, 0.0 ], [ 36.113919648350191, -0.242638127310242, 0.0 ], [ 36.113874058904344, -0.242779197650499, 0.0 ], [ 36.113825359056136, -0.242922277776493, 0.0 ], [ 36.113773388745358, -0.243068787172322, 0.0 ], [ 36.113718738370956, -0.243219577131671, 0.0 ], [ 36.113662079112061, -0.243375487218983, 0.0 ], [ 36.113604068865023, -0.24353649769435, 0.0 ], [ 36.113545148507896, -0.243701707784253, 0.0 ], [ 36.113486218746459, -0.243868846991306, 0.0 ], [ 36.113427548404715, -0.24403572781309, 0.0 ], [ 36.113368458660972, -0.244203697337535, 0.0 ], [ 36.113309278855198, -0.244373017672065, 0.0 ], [ 36.113250188976366, -0.244541407323764, 0.0 ], [ 36.11319235846512, -0.244704857373877, 0.0 ], [ 36.113139048482736, -0.244861427640908, 0.0 ], [ 36.113088078541722, -0.245012887766129, 0.0 ], [ 36.113033518623787, -0.245159237380681, 0.0 ], [ 36.112973588401829, -0.245302907625475, 0.0 ], [ 36.112909888320004, -0.245447486945199, 0.0 ], [ 36.112847688928134, -0.245587717658071, 0.0 ], [ 36.112788428307312, -0.245718306924819, 0.0 ], [ 36.112730428733805, -0.245840347713843, 0.0 ], [ 36.11267233829426, -0.245959127463719, 0.0 ], [ 36.112612498412538, -0.246082757220848, 0.0 ], [ 36.112549038517464, -0.246215946922645, 0.0 ], [ 36.112488858445936, -0.246356427369524, 0.0 ], [ 36.112430778628685, -0.246496737479061, 0.0 ], [ 36.112376038964314, -0.246626577657096, 0.0 ], [ 36.112323238221755, -0.246738387383013, 0.0 ], [ 36.112276878655543, -0.246831177315014, 0.0 ], [ 36.112239748936979, -0.246913237466156, 0.0 ], [ 36.112176718745104, -0.247068047028013, 0.0 ], [ 36.112121988251126, -0.247196707079865, 0.0 ], [ 36.112075468314778, -0.247279607303974, 0.0 ], [ 36.112013438429969, -0.247394357008874, 0.0 ], [ 36.111950158450519, -0.247529217313459, 0.0 ], [ 36.111906988957621, -0.247616477086931, 0.0 ], [ 36.111856868711826, -0.247713207526938, 0.0 ], [ 36.111804558419138, -0.247814377652549, 0.0 ], [ 36.111753178628071, -0.247920827562614, 0.0 ], [ 36.111700128512382, -0.248035657762065, 0.0 ], [ 36.111644388704001, -0.248157777411749, 0.0 ], [ 36.111587139045014, -0.248284937767458, 0.0 ], [ 36.111527878411749, -0.24841434757445, 0.0 ], [ 36.11146651877133, -0.248542177460428, 0.0 ], [ 36.111405578919516, -0.248666977735942, 0.0 ], [ 36.111346488445491, -0.248789607109997, 0.0 ], [ 36.111287988990341, -0.248910137594872, 0.0 ], [ 36.111230568185981, -0.249027316942525, 0.0 ], [ 36.111175078800848, -0.249140637530938, 0.0 ], [ 36.111119848936276, -0.249253297651376, 0.0 ], [ 36.111062928734896, -0.249367207034946, 0.0 ], [ 36.111006018595383, -0.249480197473268, 0.0 ], [ 36.110950698397488, -0.249591257308509, 0.0 ], [ 36.110892358295807, -0.249700887015704, 0.0 ], [ 36.110839218262797, -0.249811617501372, 0.0 ], [ 36.110786248655337, -0.249918646971583, 0.0 ], [ 36.110737038591736, -0.250018397154767, 0.0 ], [ 36.11069454826449, -0.25010615746408, 0.0 ], [ 36.110628668571451, -0.25024185720539, 0.0 ], [ 36.110588939031658, -0.250321397382232, 0.0 ], [ 36.110541748765826, -0.250415277449486, 0.0 ], [ 36.110474938703895, -0.250553247631669, 0.0 ], [ 36.110397488954455, -0.250721557486217, 0.0 ], [ 36.110352728754442, -0.250809147369858, 0.0 ], [ 36.110307468185688, -0.250898747589189, 0.0 ], [ 36.110264469032273, -0.250990027140285, 0.0 ], [ 36.110222478720388, -0.25108121745268, 0.0 ], [ 36.110179898351227, -0.251169986952646, 0.0 ], [ 36.110138488796586, -0.251252626856368, 0.0 ], [ 36.110074368445957, -0.25140760731443, 0.0 ], [ 36.110011338290711, -0.251568037450698, 0.0 ], [ 36.109972359030465, -0.251651607641286, 0.0 ], [ 36.109930538703999, -0.251736856942501, 0.0 ], [ 36.109887868810702, -0.251820257337022, 0.0 ], [ 36.109847718968552, -0.25190054727696, 0.0 ], [ 36.109786028779986, -0.252036257672769, 0.0 ], [ 36.109755188235447, -0.252116137627651, 0.0 ], [ 36.109717128770242, -0.252220907633488, 0.0 ], [ 36.109686458689616, -0.252309257717326, 0.0 ], [ 36.109651668337648, -0.252416707530689, 0.0 ], [ 36.109602468781034, -0.252545537217293, 0.0 ], [ 36.109533148146291, -0.25269557743758, 0.0 ], [ 36.109502388481815, -0.252782997696332, 0.0 ], [ 36.109472888339262, -0.252877297136286, 0.0 ], [ 36.109439938730638, -0.252972677382884, 0.0 ], [ 36.109403398537374, -0.253070077216821, 0.0 ], [ 36.109365428908831, -0.253174097210408, 0.0 ], [ 36.10932686877819, -0.253285917616175, 0.0 ], [ 36.109287388204429, -0.253403927288132, 0.0 ], [ 36.109247158829461, -0.253527147693411, 0.0 ], [ 36.10920616835017, -0.253654377075747, 0.0 ], [ 36.109166278814321, -0.253783046990022, 0.0 ], [ 36.109127888805425, -0.253912796999517, 0.0 ], [ 36.109091678761146, -0.254043137519652, 0.0 ], [ 36.109058568987834, -0.254172547138998, 0.0 ], [ 36.109027558565955, -0.254301797286858, 0.0 ], [ 36.108997378895246, -0.254432636998522, 0.0 ], [ 36.108965778793532, -0.254565827483251, 0.0 ], [ 36.108932338761484, -0.254702957128303, 0.0 ], [ 36.108898558482927, -0.254844447333336, 0.0 ], [ 36.108866458454159, -0.254989617256001, 0.0 ], [ 36.108837118319748, -0.255134797727861, 0.0 ], [ 36.108810968615302, -0.255277197709059, 0.0 ], [ 36.108786658512045, -0.255417007551968, 0.0 ], [ 36.108762518229099, -0.255555897589429, 0.0 ], [ 36.108738968636864, -0.255694197720252, 0.0 ], [ 36.108716918427284, -0.255830157024212, 0.0 ], [ 36.108696718272974, -0.255960917579267, 0.0 ], [ 36.108677018603508, -0.256085046919542, 0.0 ], [ 36.108654898825186, -0.256202647395808, 0.0 ], [ 36.108631758852489, -0.256314797285388, 0.0 ], [ 36.108609298748171, -0.256424936873508, 0.0 ], [ 36.108589518276062, -0.256536837220975, 0.0 ], [ 36.108572078861243, -0.256651417185954, 0.0 ], [ 36.108555228143253, -0.256766327084194, 0.0 ], [ 36.108539138069325, -0.256879237543659, 0.0 ], [ 36.108523298378124, -0.256988197635566, 0.0 ], [ 36.108510638634662, -0.25709313754293, 0.0 ], [ 36.108499828546478, -0.257194727417406, 0.0 ], [ 36.108488178713714, -0.257290696876773, 0.0 ], [ 36.108474938592309, -0.257381977334967, 0.0 ], [ 36.10844903894062, -0.257540816877976, 0.0 ], [ 36.108430598335438, -0.257668977285948, 0.0 ], [ 36.108404528217783, -0.257795206834208, 0.0 ], [ 36.108378038788267, -0.257922107636151, 0.0 ], [ 36.108352228550316, -0.258054036968497, 0.0 ], [ 36.108323978153841, -0.258200897281109, 0.0 ], [ 36.108295398554503, -0.258346816892357, 0.0 ], [ 36.108264048459013, -0.258507837277702, 0.0 ], [ 36.108221378416381, -0.258681927067806, 0.0 ], [ 36.10819782859592, -0.258771537148983, 0.0 ], [ 36.108173018302331, -0.258858616936338, 0.0 ], [ 36.108124238696739, -0.259020727550205, 0.0 ], [ 36.108069168875737, -0.259172107697186, 0.0 ], [ 36.108001528844738, -0.259312586977657, 0.0 ], [ 36.1079312883369, -0.259438477471104, 0.0 ], [ 36.107863898326883, -0.259552647457476, 0.0 ], [ 36.107806058160307, -0.259654397295892, 0.0 ], [ 36.107743778286029, -0.259754397698005, 0.0 ], [ 36.107665498242802, -0.259861687167238, 0.0 ], [ 36.107547648362207, -0.259998227055409, 0.0 ], [ 36.107476738374274, -0.260083717688718, 0.0 ], [ 36.107402468718014, -0.260182037361826, 0.0 ], [ 36.107324858042787, -0.260290076884437, 0.0 ], [ 36.107247828457552, -0.260404327677769, 0.0 ], [ 36.107172218137769, -0.260521337384692, 0.0 ], [ 36.107095528652643, -0.260639777182333, 0.0 ], [ 36.107013048687797, -0.260760386919219, 0.0 ], [ 36.106923028797105, -0.260883857424043, 0.0 ], [ 36.106830988327587, -0.261008326795081, 0.0 ], [ 36.106744828688299, -0.261131877659037, 0.0 ], [ 36.1066674581634, -0.261249307018163, 0.0 ], [ 36.106597728272305, -0.261359027037937, 0.0 ], [ 36.1065322587976, -0.261461537523798, 0.0 ], [ 36.10646905865454, -0.261558427402323, 0.0 ], [ 36.106407118790365, -0.261654657048946, 0.0 ], [ 36.106346348234133, -0.261751636917782, 0.0 ], [ 36.106288268835527, -0.261847017170842, 0.0 ], [ 36.106233778562668, -0.261942827436518, 0.0 ], [ 36.106183068098439, -0.262041227294401, 0.0 ], [ 36.106136218005638, -0.262143157381129, 0.0 ], [ 36.106091368811249, -0.262247677554865, 0.0 ], [ 36.106049048125591, -0.26235144743584, 0.0 ], [ 36.10601006873145, -0.262452197442367, 0.0 ], [ 36.105974698055064, -0.262550097508742, 0.0 ], [ 36.105941168303886, -0.262647576929922, 0.0 ], [ 36.105908478729404, -0.262748576851158, 0.0 ], [ 36.105875788591341, -0.26285594694031, 0.0 ], [ 36.105840338588685, -0.26297094704002, 0.0 ], [ 36.105799848605848, -0.26309525726278, 0.0 ], [ 36.1057565181288, -0.263230457556495, 0.0 ], [ 36.105715698044349, -0.263377386768045, 0.0 ], [ 36.105677058437514, -0.26353437682935, 0.0 ], [ 36.105640428717436, -0.263697747457679, 0.0 ], [ 36.105603038536387, -0.263862117247815, 0.0 ], [ 36.105563568220788, -0.264024887224068, 0.0 ], [ 36.105522748627862, -0.264184897370945, 0.0 ], [ 36.105481758428631, -0.264341227223887, 0.0 ], [ 36.105441438519499, -0.264494277260502, 0.0 ], [ 36.105401628174505, -0.264648257178493, 0.0 ], [ 36.105360638090048, -0.264803817155252, 0.0 ], [ 36.105318058608844, -0.264958717143797, 0.0 ], [ 36.105275728052362, -0.265112186826673, 0.0 ], [ 36.105234658794657, -0.265264407154405, 0.0 ], [ 36.105194848648246, -0.265413186969343, 0.0 ], [ 36.105156538047765, -0.265555087340318, 0.0 ], [ 36.105120158057538, -0.265689037638731, 0.0 ], [ 36.10508361842075, -0.265818536904497, 0.0 ], [ 36.105044558225536, -0.265945347450998, 0.0 ], [ 36.105004828314186, -0.266068896847392, 0.0 ], [ 36.104966268633909, -0.266193037443725, 0.0 ], [ 36.10492854813991, -0.266321027436251, 0.0 ], [ 36.104891418348672, -0.266452287578283, 0.0 ], [ 36.104854368520229, -0.266583127570226, 0.0 ], [ 36.104815818702377, -0.26671095741005, 0.0 ], [ 36.104775158190812, -0.266837436812087, 0.0 ], [ 36.104734088644101, -0.266962827307062, 0.0 ], [ 36.104695618270966, -0.267084616774125, 0.0 ], [ 36.104661668430431, -0.267200037128268, 0.0 ], [ 36.104631748311967, -0.267308497321482, 0.0 ], [ 36.104606348122509, -0.267409336961349, 0.0 ], [ 36.104586568707902, -0.267500526891071, 0.0 ], [ 36.104562848265104, -0.267634057166783, 0.0 ], [ 36.104535358499717, -0.267731447375146, 0.0 ], [ 36.104506188744267, -0.267839577011962, 0.0 ], [ 36.104470148709815, -0.267934717113305, 0.0 ], [ 36.10443544821792, -0.268047277442979, 0.0 ], [ 36.104398568154899, -0.268199916887508, 0.0 ], [ 36.104369898401032, -0.268292117588781, 0.0 ], [ 36.104333938113783, -0.268391527048515, 0.0 ], [ 36.104297138118888, -0.268493117520171, 0.0 ], [ 36.104259838013711, -0.268599316974722, 0.0 ], [ 36.104221618395556, -0.268711216824322, 0.0 ], [ 36.104183988541536, -0.268826546755166, 0.0 ], [ 36.10414743877292, -0.268944147603636, 0.0 ], [ 36.104109978057913, -0.269061497036353, 0.0 ], [ 36.104071588041187, -0.269176487021499, 0.0 ], [ 36.104033778771871, -0.269291236786808, 0.0 ], [ 36.103996738459756, -0.269406907463664, 0.0 ], [ 36.103961618403517, -0.269520657600045, 0.0 ], [ 36.103931858729354, -0.269629116796332, 0.0 ], [ 36.103902437989561, -0.269731287225707, 0.0 ], [ 36.103872517942115, -0.269830787484203, 0.0 ], [ 36.103843428104398, -0.2699302770917, 0.0 ], [ 36.103815268198211, -0.270029346755331, 0.0 ], [ 36.103785348125648, -0.270128846997916, 0.0 ], [ 36.103755168417742, -0.270233197532091, 0.0 ], [ 36.103714768042558, -0.270343417020289, 0.0 ], [ 36.103660368646047, -0.270469907349073, 0.0 ], [ 36.103604878336107, -0.27059428757205, 0.0 ], [ 36.103551658222017, -0.270724797231285, 0.0 ], [ 36.103495328232427, -0.270862597033559, 0.0 ], [ 36.103430538246592, -0.27100743721885, 0.0 ], [ 36.10335719836376, -0.271156127259855, 0.0 ], [ 36.10327848785932, -0.271303907008199, 0.0 ], [ 36.103194918324974, -0.27144697707807, 0.0 ], [ 36.103103388209142, -0.271584027456201, 0.0 ], [ 36.103006668650963, -0.271713107096009, 0.0 ], [ 36.102904738052146, -0.271834477123732, 0.0 ], [ 36.102797618479336, -0.271949726921557, 0.0 ], [ 36.102686057938826, -0.272061127335608, 0.0 ], [ 36.102572148061491, -0.272170847430308, 0.0 ], [ 36.102456978271768, -0.272279637428094, 0.0 ], [ 36.102341478306528, -0.27238793758945, 0.0 ], [ 36.102223378677039, -0.272494216725887, 0.0 ], [ 36.102109968533654, -0.272597147439069, 0.0 ], [ 36.102005278498105, -0.272693707362092, 0.0 ], [ 36.101907878421414, -0.272777947066718, 0.0 ], [ 36.101824988351602, -0.272852287143354, 0.0 ], [ 36.101755248367837, -0.272917417595982, 0.0 ], [ 36.101646618059334, -0.273010707401247, 0.0 ], [ 36.101584168534764, -0.273061416844872, 0.0 ], [ 36.101517027894609, -0.273126126832208, 0.0 ], [ 36.101413688678853, -0.273218747422004, 0.0 ], [ 36.101295248409656, -0.273327047571669, 0.0 ], [ 36.101199698385564, -0.273414047101587, 0.0 ], [ 36.101129368505724, -0.273476327487129, 0.0 ], [ 36.101039428511974, -0.273549997116637, 0.0 ], [ 36.100921168406998, -0.273644216953831, 0.0 ], [ 36.100779428708485, -0.273762147020943, 0.0 ], [ 36.100704238697709, -0.273828277187087, 0.0 ], [ 36.100641128318244, -0.273895246962023, 0.0 ], [ 36.100552028645986, -0.27399432682182, 0.0 ], [ 36.100478098263899, -0.274058787471045, 0.0 ], [ 36.100393018465226, -0.274143437415243, 0.0 ], [ 36.100324458288171, -0.274214187260178, 0.0 ], [ 36.100230497965512, -0.274300437055947, 0.0 ], [ 36.100153717963643, -0.27438357730235, 0.0 ], [ 36.100045257920115, -0.274496816694697, 0.0 ], [ 36.099907787955537, -0.27464400685836, 0.0 ], [ 36.099829167933528, -0.274727487254, 0.0 ], [ 36.099744428536638, -0.274818606707743, 0.0 ], [ 36.099648958510144, -0.274920107324297, 0.0 ], [ 36.099549378651936, -0.275029326991517, 0.0 ], [ 36.099436137901257, -0.275144486979296, 0.0 ], [ 36.099331117801754, -0.275270047169538, 0.0 ], [ 36.099229028565041, -0.275404996995252, 0.0 ], [ 36.099131458333972, -0.275547576695535, 0.0 ], [ 36.099037417897136, -0.275694597347978, 0.0 ], [ 36.098944038523669, -0.2758432870207, 0.0 ], [ 36.098848488338099, -0.275990646995316, 0.0 ], [ 36.098753188458844, -0.276134647550179, 0.0 ], [ 36.098657968104277, -0.276272606863878, 0.0 ], [ 36.098565768648953, -0.276403787442475, 0.0 ], [ 36.09847884827451, -0.27652817718957, 0.0 ], [ 36.098396368230055, -0.276647696882656, 0.0 ], [ 36.098317577815642, -0.276763876979597, 0.0 ], [ 36.09824062801173, -0.276877196823608, 0.0 ], [ 36.09816552805448, -0.276986576658465, 0.0 ], [ 36.098093947787284, -0.277090177236363, 0.0 ], [ 36.098026887972601, -0.277187917483327, 0.0 ], [ 36.097963778645997, -0.277279947253949, 0.0 ], [ 36.097906867798002, -0.277363847354938, 0.0 ], [ 36.097856657940717, -0.277440047105045, 0.0 ], [ 36.097806198550657, -0.277516317265046, 0.0 ], [ 36.097706958570512, -0.277663337197812, 0.0 ], [ 36.097607297971074, -0.277801557189773, 0.0 ], [ 36.097505868410181, -0.277946896807042, 0.0 ], [ 36.097452397858746, -0.278022916796525, 0.0 ], [ 36.097395488088509, -0.278102216775296, 0.0 ], [ 36.097333878242473, -0.278184107013317, 0.0 ], [ 36.097269838161026, -0.278268597102024, 0.0 ], [ 36.097205968631059, -0.278356687020742, 0.0 ], [ 36.097145288575916, -0.278446126733388, 0.0 ], [ 36.097086278097976, -0.27853480694933, 0.0 ], [ 36.097026598468801, -0.278621807266305, 0.0 ], [ 36.096967918125834, -0.278707387417513, 0.0 ], [ 36.096911598433579, -0.278792296792554, 0.0 ], [ 36.096854517982329, -0.278875777437648, 0.0 ], [ 36.096797268443908, -0.278956997316586, 0.0 ], [ 36.096741447966366, -0.279037377224885, 0.0 ], [ 36.096688557963652, -0.279117517498947, 0.0 ], [ 36.09664077863146, -0.279193286681625, 0.0 ], [ 36.09654262863512, -0.279338127177286, 0.0 ], [ 36.096440947804702, -0.279479106753884, 0.0 ], [ 36.096386717921355, -0.279551277226866, 0.0 ], [ 36.096328718102704, -0.27962847689775, 0.0 ], [ 36.096269377928742, -0.27971078678192, 0.0 ], [ 36.096211878004532, -0.279795437339673, 0.0 ], [ 36.096157558312036, -0.279878837239526, 0.0 ], [ 36.096105847947001, -0.279957626894456, 0.0 ], [ 36.096008868054874, -0.280103306948679, 0.0 ], [ 36.095896468138335, -0.280254857222992, 0.0 ], [ 36.095833348234379, -0.280338086834877, 0.0 ], [ 36.095772498143532, -0.280425086662294, 0.0 ], [ 36.095716167735794, -0.280513096878717, 0.0 ], [ 36.095662438266423, -0.280601447469909, 0.0 ], [ 36.095611478350108, -0.280690627305553, 0.0 ], [ 36.095563447845826, -0.280780227112102, 0.0 ], [ 36.095517937726548, -0.280869247448746, 0.0 ], [ 36.095478458152137, -0.28095792682392, 0.0 ], [ 36.095443167913345, -0.281044176649594, 0.0 ], [ 36.09539019821981, -0.281189096707062, 0.0 ], [ 36.095348287824649, -0.281333937273858, 0.0 ], [ 36.095318448382422, -0.281467126684013, 0.0 ], [ 36.095301847722858, -0.281566116837445, 0.0 ], [ 36.095279048072477, -0.281697126787746, 0.0 ], [ 36.095256337872058, -0.281829306867963, 0.0 ], [ 36.095247617839981, -0.281933996835654, 0.0 ], [ 36.095238568390293, -0.282027796988084, 0.0 ], [ 36.095229848025781, -0.282144716666614, 0.0 ], [ 36.095229688395122, -0.282239097311386, 0.0 ], [ 36.095238317854651, -0.28235317689971, 0.0 ], [ 36.0952605285893, -0.282441947485844, 0.0 ], [ 36.095265978401514, -0.282726086633242, 0.0 ] ] ] } },
{ "type": "Feature", "properties": { "Name": null, "Type": "Tarmac", "Length_Km": 4.3319041557200002, "main__road": 0, "Type2": 11 }, "geometry": { "type": "MultiLineString", "coordinates": [ [ [ 36.101390638350892, -0.284056046763119, 0.0 ], [ 36.101281418164419, -0.284048087005865, 0.0 ], [ 36.101156528365671, -0.284002407538228, 0.0 ], [ 36.100992497717527, -0.283929726935215, 0.0 ], [ 36.100895098352758, -0.283887737306189, 0.0 ], [ 36.100789068328417, -0.283842227035668, 0.0 ], [ 36.100671638212013, -0.283795457059767, 0.0 ], [ 36.100544398512106, -0.283747087133238, 0.0 ], [ 36.10041254797158, -0.28369972715382, 0.0 ], [ 36.100278858468769, -0.283652127279079, 0.0 ], [ 36.100137787784071, -0.283600576984513, 0.0 ], [ 36.09998934789585, -0.283543827547121, 0.0 ], [ 36.099834198115374, -0.283483397125277, 0.0 ], [ 36.099675027904688, -0.283421037503922, 0.0 ], [ 36.099511248240901, -0.283357746977223, 0.0 ], [ 36.099340668339181, -0.283293206943763, 0.0 ], [ 36.099164987965146, -0.283231687175878, 0.0 ], [ 36.098985447929095, -0.28317510715516, 0.0 ], [ 36.098805658108027, -0.283123387363816, 0.0 ], [ 36.098627788195401, -0.283075027520029, 0.0 ], [ 36.098452948330603, -0.283030437214009, 0.0 ], [ 36.098281277835909, -0.282988777067052, 0.0 ], [ 36.098115067908793, -0.282950806643709, 0.0 ], [ 36.097949188429638, -0.282915937344652, 0.0 ], [ 36.097778868064395, -0.282884506814119, 0.0 ], [ 36.097601848277783, -0.282854336897539, 0.0 ], [ 36.097418948310199, -0.28282625727074, 0.0 ], [ 36.097232878506482, -0.282801026699304, 0.0 ], [ 36.097045288458958, -0.282778896784268, 0.0 ], [ 36.096856858470858, -0.282759957146679, 0.0 ], [ 36.096669187916298, -0.28274427685489, 0.0 ], [ 36.096484618394108, -0.282732037204332, 0.0 ], [ 36.096309268394762, -0.282722986722801, 0.0 ], [ 36.096146747927222, -0.282716446830709, 0.0 ], [ 36.095997468318473, -0.282711336968842, 0.0 ], [ 36.095856148444952, -0.282707987426246, 0.0 ], [ 36.095715328356611, -0.282708907340676, 0.0 ], [ 36.095570488034703, -0.282714437128811, 0.0 ], [ 36.095420957854799, -0.282721227115852, 0.0 ], [ 36.095265978401514, -0.282726086633242, 0.0 ], [ 36.095107478537955, -0.28272868726655, 0.0 ], [ 36.094952237979449, -0.282729777051665, 0.0 ], [ 36.094803378022647, -0.282730536820582, 0.0 ], [ 36.094655268272668, -0.282731876861365, 0.0 ], [ 36.094502718099761, -0.282734806962885, 0.0 ], [ 36.094342798214804, -0.282738407470598, 0.0 ], [ 36.094175238145766, -0.282740337188881, 0.0 ], [ 36.094001568195637, -0.282740507047828, 0.0 ], [ 36.093821858487928, -0.282742096696818, 0.0 ], [ 36.093636117966327, -0.282748886635906, 0.0 ], [ 36.093444168324652, -0.282763307395957, 0.0 ], [ 36.093247197992149, -0.282784927367544, 0.0 ], [ 36.093043677897541, -0.282812507382791, 0.0 ], [ 36.092831957998122, -0.282844026664399, 0.0 ], [ 36.092615618578421, -0.282879226782468, 0.0 ], [ 36.092394588167224, -0.282916776772572, 0.0 ], [ 36.092169027692236, -0.282955586979813, 0.0 ], [ 36.091939867720804, -0.282996327173141, 0.0 ], [ 36.091707777850502, -0.28303881680645, 0.0 ], [ 36.091475258131887, -0.283081226796704, 0.0 ], [ 36.091243918028418, -0.283122717236987, 0.0 ], [ 36.091011737763964, -0.283164717052259, 0.0 ], [ 36.090776298317188, -0.283208046970831, 0.0 ], [ 36.090537077743193, -0.283251047023757, 0.0 ], [ 36.090295428506579, -0.283294126861393, 0.0 ], [ 36.090053187768596, -0.283337547168446, 0.0 ], [ 36.089812287828856, -0.283381556907522, 0.0 ], [ 36.089571568195424, -0.283426146751845, 0.0 ], [ 36.089329577741907, -0.283470656740125, 0.0 ], [ 36.089085328344652, -0.283514906816348, 0.0 ], [ 36.088838648531969, -0.283559086684234, 0.0 ], [ 36.088590037856825, -0.283604677398408, 0.0 ], [ 36.088340427690341, -0.283652706535325, 0.0 ], [ 36.088090397893644, -0.283702916725223, 0.0 ], [ 36.087840367920471, -0.283754046707441, 0.0 ], [ 36.087591678221671, -0.283804257178192, 0.0 ], [ 36.087345827925091, -0.283852447080593, 0.0 ], [ 36.08710384835679, -0.283898296817171, 0.0 ], [ 36.086865968153298, -0.28394272717064, 0.0 ], [ 36.08663018823291, -0.283986977317565, 0.0 ], [ 36.086392058489217, -0.28403190722673, 0.0 ], [ 36.086150238035302, -0.284077506620692, 0.0 ], [ 36.085905318170376, -0.284124446988284, 0.0 ], [ 36.085658558487893, -0.284171216998598, 0.0 ], [ 36.085412047989905, -0.284215887185642, 0.0 ], [ 36.08516636772039, -0.28425704724932, 0.0 ], [ 36.084922878361446, -0.284294506885117, 0.0 ], [ 36.084683488526096, -0.284329886648515, 0.0 ], [ 36.084450468330346, -0.284365586951791, 0.0 ], [ 36.08423077833362, -0.284400286748674, 0.0 ], [ 36.084024918235407, -0.284434826472193, 0.0 ], [ 36.083823838028813, -0.284470616998643, 0.0 ], [ 36.083620918429247, -0.284508086749346, 0.0 ], [ 36.083414218114349, -0.28454722710127, 0.0 ], [ 36.083204088221301, -0.284587206873223, 0.0 ], [ 36.082992187817275, -0.284626186850505, 0.0 ], [ 36.08278096808322, -0.284663896586642, 0.0 ], [ 36.082570828470068, -0.284700106681183, 0.0 ], [ 36.082359188269649, -0.284732637116318, 0.0 ], [ 36.082144698046051, -0.284759787068883, 0.0 ], [ 36.081925758092524, -0.284779317136979, 0.0 ], [ 36.081701877744386, -0.284790136614223, 0.0 ], [ 36.081474648426173, -0.284791727269289, 0.0 ], [ 36.081245318098475, -0.284786026636118, 0.0 ], [ 36.081015488155337, -0.284772117116314, 0.0 ], [ 36.080785648226005, -0.284748057108618, 0.0 ], [ 36.080553637889693, -0.284714277066835, 0.0 ], [ 36.080322718416745, -0.284671947015136, 0.0 ], [ 36.080093137664058, -0.284624086685306, 0.0 ], [ 36.079866658115002, -0.284568016597379, 0.0 ], [ 36.079646047676633, -0.284503807028619, 0.0 ], [ 36.079432648057832, -0.284431726676208, 0.0 ], [ 36.079226288376226, -0.284349577165189, 0.0 ], [ 36.079029898452966, -0.284255956931427, 0.0 ], [ 36.078845238012541, -0.284148416901876, 0.0 ], [ 36.078676178366564, -0.284029136513407, 0.0 ], [ 36.078518767988307, -0.283900816381159, 0.0 ], [ 36.078375688470864, -0.283764106832751, 0.0 ], [ 36.078249287985138, -0.283621447135574, 0.0 ], [ 36.07813361841184, -0.283481296614852, 0.0 ], [ 36.078018958056802, -0.283346686934076, 0.0 ], [ 36.077907898288117, -0.283216596830233, 0.0 ], [ 36.077800768177099, -0.283092296772205, 0.0 ], [ 36.077696418308662, -0.282972596495444, 0.0 ], [ 36.077594998017055, -0.282856096439595, 0.0 ], [ 36.077502877901878, -0.282746126873691, 0.0 ], [ 36.077420238283381, -0.282646626403734, 0.0 ], [ 36.077346887966854, -0.282557697077957, 0.0 ], [ 36.077277238030874, -0.282476226574684, 0.0 ], [ 36.077205068207917, -0.28240070711703, 0.0 ], [ 36.077125358493177, -0.282328456619199, 0.0 ], [ 36.077036848201502, -0.282258207088515, 0.0 ], [ 36.076935758191524, -0.282192496546418, 0.0 ], [ 36.076820258434552, -0.28213499655098, 0.0 ], [ 36.076696037875813, -0.282087216547977, 0.0 ], [ 36.076563438052162, -0.282050847157273, 0.0 ], [ 36.076425978044867, -0.282026116951273, 0.0 ], [ 36.076286327947805, -0.282016647107491, 0.0 ], [ 36.076145177760822, -0.282023186833394, 0.0 ], [ 36.076005117897672, -0.282041286805097, 0.0 ], [ 36.075868238230321, -0.282069036541426, 0.0 ], [ 36.075731618303294, -0.282102646736589, 0.0 ], [ 36.075590967790482, -0.282139436393863, 0.0 ], [ 36.07544763801986, -0.282177076508457, 0.0 ], [ 36.075304638570969, -0.282214626339871, 0.0 ], [ 36.075167428460531, -0.282250586468462, 0.0 ], [ 36.075042628123271, -0.282283277058619, 0.0 ], [ 36.074935338074638, -0.282312777098391, 0.0 ], [ 36.074848918245792, -0.282340436427975, 0.0 ], [ 36.074752698428604, -0.282386626819587, 0.0 ], [ 36.074711117934143, -0.282443957187597, 0.0 ], [ 36.074660158502915, -0.282522916978839, 0.0 ], [ 36.074562428342752, -0.282575716400836, 0.0 ], [ 36.074408948061361, -0.282554676721607, 0.0 ], [ 36.074215328128837, -0.282571606577012, 0.0 ], [ 36.074105698546923, -0.282596676793204, 0.0 ], [ 36.07399387772972, -0.282627096342513, 0.0 ], [ 36.073879128561778, -0.282656686597571, 0.0 ], [ 36.073757087703285, -0.282687697191152, 0.0 ], [ 36.073626078278451, -0.282721476692344, 0.0 ], [ 36.073486527753637, -0.28275701685087, 0.0 ], [ 36.073339418150923, -0.282793726993927, 0.0 ], [ 36.073187378183611, -0.282831956549729, 0.0 ], [ 36.073036168244563, -0.282870926304749, 0.0 ], [ 36.072885378020594, -0.282907636389043, 0.0 ], [ 36.072740787975327, -0.282943597177672, 0.0 ], [ 36.072605757910445, -0.282977046703816, 0.0 ], [ 36.072478937789221, -0.283008726438943, 0.0 ], [ 36.072357057825251, -0.283039316832836, 0.0 ], [ 36.072238797741349, -0.28306899645537, 0.0 ], [ 36.072120278271903, -0.283098746481402, 0.0 ], [ 36.071995467735157, -0.283130347178216, 0.0 ], [ 36.071862697692623, -0.283163706865954, 0.0 ], [ 36.071722127902646, -0.283198826486858, 0.0 ], [ 36.071574948355533, -0.283236126486806, 0.0 ], [ 36.071424997870636, -0.283274856988118, 0.0 ], [ 36.071272858204274, -0.283314326926332, 0.0 ], [ 36.071119478283933, -0.283353476684696, 0.0 ], [ 36.070966337809409, -0.283393456846247, 0.0 ], [ 36.070815798198289, -0.2834339364067, 0.0 ], [ 36.070668858474207, -0.283474506313757, 0.0 ], [ 36.070526878459923, -0.283514746764227, 0.0 ], [ 36.07039141833323, -0.28355338686923, 0.0 ], [ 36.070265438540375, -0.283588506447874, 0.0 ], [ 36.070148517877001, -0.283621196874748, 0.0 ], [ 36.070038458083836, -0.283652536425123, 0.0 ], [ 36.069937957761923, -0.283679696793056, 0.0 ], [ 36.069778868040103, -0.283722616375612, 0.0 ], [ 36.069659178476783, -0.283755887046323, 0.0 ], [ 36.069562867838123, -0.283782626497826, 0.0 ], [ 36.069474278078424, -0.283807186747505, 0.0 ], [ 36.069350557769638, -0.283840797012442, 0.0 ], [ 36.069247798380722, -0.283868376915756, 0.0 ], [ 36.069140587696864, -0.283894697054275, 0.0 ], [ 36.069046967944004, -0.283946076720655, 0.0 ], [ 36.069042517782954, -0.284044476629655, 0.0 ], [ 36.069098598190138, -0.284120336769857, 0.0 ], [ 36.069100777955313, -0.284218406762332, 0.0 ], [ 36.069106558391482, -0.284338436425365, 0.0 ], [ 36.069036737993891, -0.284464076889246, 0.0 ], [ 36.068907988349018, -0.284514616336931, 0.0 ], [ 36.06876708799593, -0.284552086586882, 0.0 ], [ 36.068630128243285, -0.284587376677981, 0.0 ], [ 36.068467688089939, -0.284631046957702, 0.0 ], [ 36.068302068512814, -0.284665916835752, 0.0 ], [ 36.06817163770453, -0.284688626751099, 0.0 ], [ 36.068089418017699, -0.284715116658672, 0.0 ], [ 36.068006857720533, -0.284729116839824, 0.0 ], [ 36.067873918082171, -0.284756776597336, 0.0 ], [ 36.067740897929248, -0.284787036714168, 0.0 ], [ 36.067652388389348, -0.284825006284865, 0.0 ], [ 36.067531098016936, -0.284864817068728, 0.0 ], [ 36.067430177935364, -0.284888036800671, 0.0 ], [ 36.067327168361885, -0.284918876449576, 0.0 ], [ 36.067217198479646, -0.284936146774073, 0.0 ], [ 36.06711099833214, -0.284938236782737, 0.0 ], [ 36.066997758283868, -0.284968586807676, 0.0 ], [ 36.066880497770811, -0.285001186519676, 0.0 ], [ 36.06676264818212, -0.285027926622544, 0.0 ], [ 36.066658377875591, -0.285050806637938, 0.0 ], [ 36.066541868235397, -0.285077716933941, 0.0 ], [ 36.066433658175704, -0.285106716508514, 0.0 ], [ 36.066327537676393, -0.285135047085632, 0.0 ], [ 36.066199548073598, -0.285169326413277, 0.0 ], [ 36.066068118464436, -0.285203196456917, 0.0 ], [ 36.065974748011051, -0.285227496860627, 0.0 ], [ 36.065879028471919, -0.285249546851033, 0.0 ], [ 36.065786988485918, -0.285272426317985, 0.0 ], [ 36.065666878091285, -0.285299586827835, 0.0 ], [ 36.065500158230925, -0.28535004674775, 0.0 ], [ 36.065405028477819, -0.285378877013737, 0.0 ], [ 36.065306628470843, -0.285406786639526, 0.0 ], [ 36.065208057973464, -0.285431017009897, 0.0 ], [ 36.065116437760004, -0.285451546447715, 0.0 ], [ 36.064971427786908, -0.285487006793035, 0.0 ], [ 36.064850567937867, -0.285521786592582, 0.0 ] ] ] } },
{ "type": "Feature", "properties": { "Name": "Eastern Bypass", "Type": "Murram", "Length_Km": 0.27871171061, "main__road": 0, "Type2": 2 }, "geometry": { "type": "MultiLineString", "coordinates": [ [ [ 36.080961421797085, -0.204824135963745, 0.0 ], [ 36.081005286891624, -0.204897820346438, 0.0 ], [ 36.081016547574627, -0.204919854570266, 0.0 ], [ 36.081021147542387, -0.204928554791267, 0.0 ], [ 36.081028047429683, -0.204939454671874, 0.0 ], [ 36.081035847445783, -0.204950754988752, 0.0 ], [ 36.0810435469946, -0.204961755308689, 0.0 ], [ 36.081050647419438, -0.204970455079688, 0.0 ], [ 36.081055947028617, -0.204976454714415, 0.0 ], [ 36.081059647564636, -0.204980854774312, 0.0 ], [ 36.081060747605278, -0.204982555456422, 0.0 ], [ 36.081061547141864, -0.204983355243862, 0.0 ], [ 36.081065447714842, -0.204988355297851, 0.0 ], [ 36.081072346901216, -0.204998154654136, 0.0 ], [ 36.081081647693587, -0.205008654697794, 0.0 ], [ 36.081091547231075, -0.205018554892375, 0.0 ], [ 36.081102047165707, -0.205028654880727, 0.0 ], [ 36.081113247174358, -0.205038655605561, 0.0 ], [ 36.081124647399108, -0.205048255190285, 0.0 ], [ 36.081135647299448, -0.205058055290917, 0.0 ], [ 36.081146347414197, -0.205067955631534, 0.0 ], [ 36.081157547530502, -0.205077355495759, 0.0 ], [ 36.081169247523107, -0.205086955135588, 0.0 ], [ 36.081179947709579, -0.205096455203694, 0.0 ], [ 36.081190547464608, -0.205105455590062, 0.0 ], [ 36.081201647131813, -0.205114455163705, 0.0 ], [ 36.081212547355349, -0.205124555226461, 0.0 ], [ 36.081224247258625, -0.205134655434468, 0.0 ], [ 36.08123634739686, -0.205145055694182, 0.0 ], [ 36.081248347050135, -0.205155255347567, 0.0 ], [ 36.081260447260114, -0.205165255334637, 0.0 ], [ 36.08127194698352, -0.205175555191912, 0.0 ], [ 36.081283647748641, -0.205185855989433, 0.0 ], [ 36.081294047827654, -0.205197256172817, 0.0 ], [ 36.081304047761357, -0.205207855737568, 0.0 ], [ 36.081314847517973, -0.205217655804912, 0.0 ], [ 36.081326647045024, -0.205227756032802, 0.0 ], [ 36.081338047180978, -0.205237856188423, 0.0 ], [ 36.081348947476577, -0.205247555980404, 0.0 ], [ 36.081359547250152, -0.205256456075284, 0.0 ], [ 36.081369947705433, -0.205265755503765, 0.0 ], [ 36.081381447464942, -0.205275855678217, 0.0 ], [ 36.081393047655965, -0.205286455534887, 0.0 ], [ 36.081404847075873, -0.205297155722088, 0.0 ], [ 36.081416647429094, -0.205307656224888, 0.0 ], [ 36.08142764720516, -0.205318155679031, 0.0 ], [ 36.08143784739071, -0.205328156227963, 0.0 ], [ 36.081446447498188, -0.205337156255424, 0.0 ], [ 36.081455547517791, -0.205346156373768, 0.0 ], [ 36.081465747846806, -0.205355356376856, 0.0 ], [ 36.081476247099843, -0.205364256455367, 0.0 ], [ 36.081487947057809, -0.205374056689066, 0.0 ], [ 36.081500747128253, -0.20538515642938, 0.0 ], [ 36.081514847598619, -0.205396756973478, 0.0 ], [ 36.081529947049773, -0.205408056816683, 0.0 ], [ 36.08154624722394, -0.205420156521118, 0.0 ], [ 36.081562447703085, -0.205432656480992, 0.0 ], [ 36.081575247988766, -0.205442557210143, 0.0 ], [ 36.081587047445311, -0.20545305681224, 0.0 ], [ 36.081600047445399, -0.205465357410377, 0.0 ], [ 36.081612647389974, -0.205476356822221, 0.0 ], [ 36.081625047333389, -0.205486557458593, 0.0 ], [ 36.081638247657445, -0.205497856959012, 0.0 ], [ 36.081653747955095, -0.205511057046051, 0.0 ], [ 36.081671747509198, -0.205525957167663, 0.0 ], [ 36.081688747436147, -0.205539757486058, 0.0 ], [ 36.081702247582129, -0.205550757063117, 0.0 ], [ 36.081714547830927, -0.205561357052667, 0.0 ], [ 36.081728847406012, -0.205573757280196, 0.0 ], [ 36.081746848019556, -0.2055877574667, 0.0 ], [ 36.081766447939657, -0.205602057923397, 0.0 ], [ 36.0817854473013, -0.205617057620254, 0.0 ], [ 36.08180354728772, -0.205632457427406, 0.0 ], [ 36.081821147595036, -0.205646557837145, 0.0 ], [ 36.081835947298252, -0.205657758241384, 0.0 ], [ 36.08184764745527, -0.205666457955344, 0.0 ], [ 36.081859647469919, -0.20567465805999, 0.0 ], [ 36.081872147253478, -0.205683657898786, 0.0 ], [ 36.081885947311875, -0.205693857890672, 0.0 ], [ 36.081901148094282, -0.20570565832727, 0.0 ], [ 36.081916447369622, -0.205718758089268, 0.0 ], [ 36.081931647883081, -0.205732058422106, 0.0 ], [ 36.081946747929493, -0.205745058757879, 0.0 ], [ 36.081962248175202, -0.205758558830812, 0.0 ], [ 36.081978547957739, -0.205772858692723, 0.0 ], [ 36.081995048028332, -0.205786358948264, 0.0 ], [ 36.082011047307148, -0.205799758818857, 0.0 ], [ 36.082026347480586, -0.205812858583482, 0.0 ], [ 36.082041247418886, -0.205825659200037, 0.0 ], [ 36.082055547911267, -0.205837959140211, 0.0 ], [ 36.082070647796961, -0.205846859161129, 0.0 ], [ 36.082085447932862, -0.205855658833486, 0.0 ], [ 36.082103248045904, -0.205866659200408, 0.0 ], [ 36.082123747542717, -0.205879459030402, 0.0 ], [ 36.082145447924688, -0.205892158785142, 0.0 ], [ 36.082167947969367, -0.205904958980137, 0.0 ], [ 36.082189548010128, -0.20592165874132, 0.0 ], [ 36.082211447406465, -0.205935658744822, 0.0 ], [ 36.082231747262526, -0.205950658689529, 0.0 ], [ 36.08225204715464, -0.205965458949797, 0.0 ], [ 36.082271847296148, -0.205979359181953, 0.0 ], [ 36.082291947977751, -0.205993958818438, 0.0 ], [ 36.082310247233167, -0.206009258380126, 0.0 ], [ 36.082327047756301, -0.206023958614459, 0.0 ], [ 36.082346047500209, -0.206036858470759, 0.0 ], [ 36.082500247871586, -0.206150459428468, 0.0 ], [ 36.082517447877628, -0.206164659172183, 0.0 ], [ 36.082534047539831, -0.206178360046189, 0.0 ], [ 36.082551047635334, -0.206191259542854, 0.0 ], [ 36.08256624763294, -0.206202460033896, 0.0 ], [ 36.082580547482834, -0.206213360381875, 0.0 ], [ 36.082592447697216, -0.206227560065089, 0.0 ], [ 36.082603347404543, -0.206240559649, 0.0 ], [ 36.082615647943918, -0.206254559720731, 0.0 ], [ 36.082627347152055, -0.206268559683132, 0.0 ], [ 36.082638047612257, -0.206281559231488, 0.0 ], [ 36.082649847953007, -0.206292159146097, 0.0 ], [ 36.082658847544877, -0.206300659598581, 0.0 ], [ 36.082665747342901, -0.206307058909536, 0.0 ], [ 36.082672447086097, -0.20631295942327, 0.0 ], [ 36.082677847559637, -0.206317059824234, 0.0 ], [ 36.082684747447601, -0.20632295947103, 0.0 ], [ 36.08269444770643, -0.206333060242721, 0.0 ], [ 36.082704047570374, -0.206342459839751, 0.0 ], [ 36.082713147611535, -0.206351359681403, 0.0 ], [ 36.082720748058321, -0.20635946050957, 0.0 ], [ 36.082728447285263, -0.206367260472954, 0.0 ], [ 36.082737347917423, -0.206377060216657, 0.0 ], [ 36.082747048086375, -0.206387660653627, 0.0 ], [ 36.082756247499077, -0.206397961020075, 0.0 ], [ 36.082764048000662, -0.206406560646176, 0.0 ], [ 36.08276914764442, -0.206416560285699, 0.0 ], [ 36.082773273208318, -0.206438099013527, 0.0 ], [ 36.082775711283908, -0.20646556835067, 0.0 ], [ 36.082774894290147, -0.206481968578698, 0.0 ], [ 36.082775298584998, -0.206499598764216, 0.0 ] ] ] } },
{ "type": "Feature", "properties": { "Name": null, "Type": "Murram", "Length_Km": 0.22676186784, "main__road": 0, "Type2": 0 }, "geometry": { "type": "MultiLineString", "coordinates": [ [ [ 36.067702981899828, -0.215767918879879, 0.0 ], [ 36.067764481038488, -0.215806419674187, 0.0 ], [ 36.067830881090892, -0.215856118985473, 0.0 ], [ 36.067898881516754, -0.215905119269424, 0.0 ], [ 36.06796928150667, -0.215951218751915, 0.0 ], [ 36.068041681428213, -0.215995719357505, 0.0 ], [ 36.06811608143375, -0.216037819645846, 0.0 ], [ 36.068191480579173, -0.216074019108854, 0.0 ], [ 36.068263980593962, -0.216106619217895, 0.0 ], [ 36.068331580821386, -0.216136319831692, 0.0 ], [ 36.068393881128301, -0.21616231943202, 0.0 ], [ 36.068447681072207, -0.216184419527727, 0.0 ], [ 36.068489681542601, -0.216202118922453, 0.0 ], [ 36.068519380931022, -0.21621491966797, 0.0 ], [ 36.068570880711214, -0.216226920451602, 0.0 ], [ 36.068602280596195, -0.216241120206388, 0.0 ], [ 36.068642781294713, -0.21625912019618, 0.0 ], [ 36.068687180557987, -0.216278019959507, 0.0 ], [ 36.068734680990289, -0.216300020368918, 0.0 ], [ 36.068788280983519, -0.216325920731448, 0.0 ], [ 36.068844980655236, -0.216353320666578, 0.0 ], [ 36.068903680450141, -0.216378119694311, 0.0 ], [ 36.068963579970109, -0.21639941954064, 0.0 ], [ 36.069023180335421, -0.216417519892503, 0.0 ], [ 36.069079880284917, -0.216429320199511, 0.0 ], [ 36.069133180518513, -0.216431620021765, 0.0 ], [ 36.069182180420832, -0.216421919989738, 0.0 ], [ 36.069223480858398, -0.216401819620058, 0.0 ], [ 36.069257380583018, -0.216371919824442, 0.0 ], [ 36.069278680229331, -0.216333019237414, 0.0 ], [ 36.06928357965802, -0.216290518499585, 0.0 ], [ 36.069274480361841, -0.216255018420656, 0.0 ], [ 36.069261680151783, -0.216227018831167, 0.0 ], [ 36.069248679874967, -0.21619861803155, 0.0 ], [ 36.069234879634543, -0.216167018542889, 0.0 ], [ 36.069220180497261, -0.216133319052528, 0.0 ], [ 36.069207080596335, -0.216104918235915, 0.0 ], [ 36.06919858014566, -0.216087218038187, 0.0 ] ] ] } },
{ "type": "Feature", "properties": { "Name": null, "Type": "Murram", "Length_Km": 0.85374154956000003, "main__road": 0, "Type2": 0 }, "geometry": { "type": "MultiLineString", "coordinates": [ [ [ 36.054528988108721, -0.206675909110218, 0.0 ], [ 36.054528988072391, -0.206676108790182, 0.0 ], [ 36.054528888414879, -0.206676309355308, 0.0 ], [ 36.054528888378542, -0.206676509035269, 0.0 ], [ 36.054528788739276, -0.206676609308664, 0.0 ], [ 36.054528888342048, -0.206676709618776, 0.0 ], [ 36.054528788702939, -0.206676808988624, 0.0 ], [ 36.054527788023464, -0.20667670941585, 0.0 ], [ 36.054526987374324, -0.206677209823415, 0.0 ], [ 36.054526588853939, -0.206677409429888, 0.0 ], [ 36.0545264893967, -0.206676509496377, 0.0 ], [ 36.0545275879144, -0.206671609859598, 0.0 ], [ 36.054531688258443, -0.206658309760972, 0.0 ], [ 36.054538588754504, -0.20664011033917, 0.0 ], [ 36.054551288693872, -0.206617610283351, 0.0 ], [ 36.054567288303211, -0.206592309894377, 0.0 ], [ 36.054583288148443, -0.206565710229513, 0.0 ], [ 36.054599488089956, -0.206534410441018, 0.0 ], [ 36.054616088321538, -0.206498109690311, 0.0 ], [ 36.054632988966802, -0.206458210236293, 0.0 ], [ 36.054649887925066, -0.206417709933684, 0.0 ], [ 36.054667488789178, -0.206376810399068, 0.0 ], [ 36.054685887663112, -0.206335110482984, 0.0 ], [ 36.054705988134252, -0.206293610558692, 0.0 ], [ 36.054729288678935, -0.206254109828962, 0.0 ], [ 36.054755589103223, -0.20621691003553, 0.0 ], [ 36.054784388192537, -0.206184310568669, 0.0 ], [ 36.054816688367936, -0.206156710069413, 0.0 ], [ 36.054853487580687, -0.206134410500298, 0.0 ], [ 36.054895487575827, -0.206117910738971, 0.0 ], [ 36.054941187375157, -0.206109310312666, 0.0 ], [ 36.054987388117851, -0.206109810328495, 0.0 ], [ 36.055031086975923, -0.206118510319789, 0.0 ], [ 36.055071387976149, -0.206132011043856, 0.0 ], [ 36.055110087516212, -0.206147410693864, 0.0 ], [ 36.055150088304913, -0.206163410527963, 0.0 ], [ 36.055192687211203, -0.206180010784835, 0.0 ], [ 36.055238487346912, -0.206197210672027, 0.0 ], [ 36.055287087753442, -0.206213810228263, 0.0 ], [ 36.055337488720959, -0.206229310521095, 0.0 ], [ 36.0553875872194, -0.206244910147843, 0.0 ], [ 36.055437688303371, -0.206261110623785, 0.0 ], [ 36.055488387741406, -0.206278810167549, 0.0 ], [ 36.055541786369766, -0.206299010277338, 0.0 ], [ 36.055596287831072, -0.206320209896221, 0.0 ], [ 36.055651987240786, -0.206342510237289, 0.0 ], [ 36.055708487193854, -0.206364910116097, 0.0 ], [ 36.055765386567892, -0.206387109486775, 0.0 ], [ 36.055823786798165, -0.206407909567349, 0.0 ], [ 36.055883587275538, -0.20642780999141, 0.0 ], [ 36.055945187400745, -0.206446709637041, 0.0 ], [ 36.056007586511342, -0.206464409543143, 0.0 ], [ 36.056067887916342, -0.206478709982762, 0.0 ], [ 36.056126087110172, -0.206489709439276, 0.0 ], [ 36.056184685816234, -0.206500009637572, 0.0 ], [ 36.056243086035224, -0.206511109424881, 0.0 ], [ 36.056301486130039, -0.206522909449435, 0.0 ], [ 36.056362087348269, -0.206537009366301, 0.0 ], [ 36.056425586449883, -0.206551709762724, 0.0 ], [ 36.056491685287682, -0.206568009889164, 0.0 ], [ 36.056560385966137, -0.206584209301116, 0.0 ], [ 36.05662858574108, -0.206601009470632, 0.0 ], [ 36.056693386513409, -0.206619009808467, 0.0 ], [ 36.05675628727014, -0.206637209478452, 0.0 ], [ 36.056819085516537, -0.206656509632329, 0.0 ], [ 36.056883085194386, -0.206677509551775, 0.0 ], [ 36.056947385261672, -0.206700009390657, 0.0 ], [ 36.057011984966266, -0.206723209523885, 0.0 ], [ 36.057075286062812, -0.206746109447772, 0.0 ], [ 36.057137386249927, -0.206769409417075, 0.0 ], [ 36.057198085660296, -0.206791609532684, 0.0 ], [ 36.057258886120103, -0.206810909332933, 0.0 ], [ 36.057317885983657, -0.20683150988851, 0.0 ], [ 36.057376886711459, -0.206852309223179, 0.0 ], [ 36.057437285602397, -0.206873809958284, 0.0 ], [ 36.05749918608678, -0.206894809512355, 0.0 ], [ 36.057563286174421, -0.206916610003391, 0.0 ], [ 36.057626284991926, -0.206938709362591, 0.0 ], [ 36.057688084912606, -0.206960009780673, 0.0 ], [ 36.05774888505173, -0.206981209724412, 0.0 ], [ 36.057809186171667, -0.207002509870212, 0.0 ], [ 36.057869484693313, -0.207023309460882, 0.0 ], [ 36.057930785089091, -0.207042610278763, 0.0 ], [ 36.057992885533864, -0.20705980963048, 0.0 ], [ 36.058055485495878, -0.207074209933412, 0.0 ], [ 36.058119785616221, -0.207086910103851, 0.0 ], [ 36.058185584693661, -0.20709881002259, 0.0 ], [ 36.058252385337056, -0.207110909807984, 0.0 ], [ 36.058317784729688, -0.207124510103213, 0.0 ], [ 36.058381885791306, -0.207141210179894, 0.0 ], [ 36.058444784625884, -0.207160609791398, 0.0 ], [ 36.058507085443964, -0.207181610354116, 0.0 ], [ 36.058566883972382, -0.207203110110419, 0.0 ], [ 36.058623785406063, -0.207224610237366, 0.0 ], [ 36.058679783603125, -0.207248109717336, 0.0 ], [ 36.05873318476231, -0.207274910228402, 0.0 ], [ 36.058784184426855, -0.207305609945695, 0.0 ], [ 36.058832484683926, -0.20733990974516, 0.0 ], [ 36.058879085409728, -0.207377410450327, 0.0 ], [ 36.058924684942717, -0.20741760982616, 0.0 ], [ 36.058968684984457, -0.207458709731845, 0.0 ], [ 36.059009183293014, -0.207498310032058, 0.0 ], [ 36.059045483871991, -0.207533909618307, 0.0 ], [ 36.05907738407064, -0.207564510048367, 0.0 ], [ 36.059105184420766, -0.207590809808081, 0.0 ], [ 36.059131085166996, -0.207615010310378, 0.0 ], [ 36.05915748519201, -0.207637710137713, 0.0 ], [ 36.059182484855391, -0.207657009711947, 0.0 ], [ 36.05920398390154, -0.207673609785871, 0.0 ], [ 36.059221285035029, -0.207687210257141, 0.0 ], [ 36.05923398464094, -0.207696409670927, 0.0 ], [ 36.059241484989997, -0.207701210626924, 0.0 ], [ 36.059244883457986, -0.207703010190325, 0.0 ], [ 36.059245384221214, -0.207703209963821, 0.0 ], [ 36.059244685149054, -0.207702810472806, 0.0 ], [ 36.059243785020875, -0.207702510333217, 0.0 ], [ 36.059242784392069, -0.207702109882862, 0.0 ], [ 36.059241783781417, -0.207701610043873, 0.0 ], [ 36.059240985124269, -0.2077010108536, 0.0 ], [ 36.059242584288157, -0.207701910165015, 0.0 ], [ 36.059243684574845, -0.207702110952983, 0.0 ], [ 36.059243284458418, -0.207701210959924, 0.0 ], [ 36.059242884177671, -0.207701210885848, 0.0 ], [ 36.059242283647002, -0.207701810720731, 0.0 ], [ 36.059241983793939, -0.207702310319066, 0.0 ], [ 36.059240984868708, -0.207702410426378, 0.0 ], [ 36.059240184307043, -0.207702411181766, 0.0 ], [ 36.059239583867772, -0.207702510459291, 0.0 ], [ 36.059239083965572, -0.207702510366782, 0.0 ], [ 36.059238784240208, -0.207702310630497, 0.0 ], [ 36.059238784258525, -0.207702210338326, 0.0 ], [ 36.059238784294983, -0.207702010657508, 0.0 ], [ 36.059238783452265, -0.207701710684352, 0.0 ], [ 36.059238884007669, -0.207701511022145, 0.0 ], [ 36.059239084184661, -0.207701310474816, 0.0 ], [ 36.059239183860875, -0.207701010520266, 0.0 ], [ 36.059239384074168, -0.207700611195674, 0.0 ], [ 36.059239284598888, -0.2076998106469, 0.0 ], [ 36.059238984067271, -0.207699111256628, 0.0 ], [ 36.059238883603122, -0.207698811265038, 0.0 ], [ 36.059238084836586, -0.207698811117219, 0.0 ], [ 36.059237785038306, -0.207699010742567, 0.0 ], [ 36.059240384703138, -0.207701010742488, 0.0 ], [ 36.05924568447864, -0.207705411026124, 0.0 ], [ 36.059256984951631, -0.20771431111188, 0.0 ], [ 36.059273983576631, -0.207728210597885, 0.0 ], [ 36.05929728375947, -0.207745510342498, 0.0 ], [ 36.059321484292532, -0.207766810195964, 0.0 ], [ 36.059346484161139, -0.207789910036496, 0.0 ], [ 36.059375183707679, -0.207816710531686, 0.0 ], [ 36.059407884525932, -0.207847010249991, 0.0 ], [ 36.059441685010185, -0.207880909850362, 0.0 ], [ 36.059475284200715, -0.207916209892092, 0.0 ], [ 36.059508384532649, -0.207950710216467, 0.0 ], [ 36.059540283949026, -0.207985609682057, 0.0 ], [ 36.059569984403126, -0.208021109591795, 0.0 ], [ 36.059598083696947, -0.208056808887486, 0.0 ], [ 36.05962568387568, -0.20809310894214, 0.0 ], [ 36.059654083462341, -0.208130808720145, 0.0 ], [ 36.059683884490219, -0.208170908544905, 0.0 ], [ 36.059711583118045, -0.208213608351273, 0.0 ], [ 36.059737583325919, -0.208258309171443, 0.0 ], [ 36.059761584710778, -0.208303608665502, 0.0 ], [ 36.059782583748941, -0.208350208692575, 0.0 ], [ 36.059800584762684, -0.208399009172651, 0.0 ], [ 36.059816484510051, -0.208449109448973, 0.0 ], [ 36.05983028333906, -0.208498609390156, 0.0 ], [ 36.059843282868314, -0.2085461087606, 0.0 ], [ 36.059857683837514, -0.208591109218506, 0.0 ], [ 36.059873583414763, -0.208632308790022, 0.0 ], [ 36.059893283738425, -0.208669308541173, 0.0 ], [ 36.059918283545777, -0.208702509016188, 0.0 ], [ 36.059948184094857, -0.208733308811305, 0.0 ], [ 36.059982283437996, -0.208762308646102, 0.0 ], [ 36.060020582803482, -0.208787708681714, 0.0 ], [ 36.060062982552068, -0.20880960919167, 0.0 ], [ 36.060108882885139, -0.208829509026921, 0.0 ], [ 36.060156483105196, -0.208849208595395, 0.0 ], [ 36.060203883808484, -0.208870408898148, 0.0 ], [ 36.060250482723326, -0.208893408893019, 0.0 ], [ 36.060295883341773, -0.208917209197849, 0.0 ], [ 36.060339583380689, -0.208940109268097, 0.0 ], [ 36.060381783786227, -0.208962608795339, 0.0 ], [ 36.060422783147125, -0.208986209508666, 0.0 ], [ 36.06046248365535, -0.209010809290602, 0.0 ], [ 36.060500983577953, -0.209034009276244, 0.0 ], [ 36.060539983937183, -0.209054309011822, 0.0 ], [ 36.060579982730886, -0.209072308536492, 0.0 ], [ 36.060619682553479, -0.209086008990647, 0.0 ], [ 36.060655883060079, -0.209094808927532, 0.0 ], [ 36.060687082323888, -0.209101009368854, 0.0 ], [ 36.060714383307094, -0.20910490868603, 0.0 ], [ 36.060734982336413, -0.209106009412862, 0.0 ], [ 36.060747681790396, -0.209106309040668, 0.0 ], [ 36.060753583751627, -0.20910600926284, 0.0 ], [ 36.060754181720064, -0.209104709188238, 0.0 ], [ 36.060754082190449, -0.209104208611656, 0.0 ], [ 36.060760383535559, -0.209103908908186, 0.0 ], [ 36.060772583380761, -0.209102609187059, 0.0 ], [ 36.060787482955142, -0.209100908799354, 0.0 ], [ 36.060804382873663, -0.209100108704378, 0.0 ], [ 36.060820482943257, -0.20910030957655, 0.0 ], [ 36.060830146882644, -0.209107017625299, 0.0 ], [ 36.060838679291017, -0.209117785540355, 0.0 ] ] ] } },
{ "type": "Feature", "properties": { "Name": "Link road", "Type": "Murram", "Length_Km": 2.1416488131800002, "main__road": 0, "Type2": 2 }, "geometry": { "type": "MultiLineString", "coordinates": [ [ [ 36.040957083081487, -0.205488853665795, 0.0 ], [ 36.040933912655618, -0.205574436059687, 0.0 ], [ 36.040918164644523, -0.20567317775317, 0.0 ], [ 36.040909662076757, -0.205741603228879, 0.0 ], [ 36.040904882697696, -0.205802546453176, 0.0 ], [ 36.040896482056425, -0.205873046423484, 0.0 ], [ 36.040892482193428, -0.205945946045812, 0.0 ], [ 36.040890382426923, -0.206018046404965, 0.0 ], [ 36.04088858303232, -0.206086746880599, 0.0 ], [ 36.040887882362568, -0.206154245879945, 0.0 ], [ 36.040888682873181, -0.206223346190851, 0.0 ], [ 36.040888182809773, -0.206293146487888, 0.0 ], [ 36.040885082113483, -0.206361546754146, 0.0 ], [ 36.040879682592042, -0.206427146591953, 0.0 ], [ 36.040872582898572, -0.206489746434234, 0.0 ], [ 36.04086378226404, -0.206548646054074, 0.0 ], [ 36.040853183010199, -0.206603046723199, 0.0 ], [ 36.040841783002982, -0.206653646142324, 0.0 ], [ 36.040829482604465, -0.206700546390507, 0.0 ], [ 36.040815582810005, -0.206743046208217, 0.0 ], [ 36.040798582289845, -0.206780346607087, 0.0 ], [ 36.040775583224764, -0.206811745919803, 0.0 ], [ 36.04074388245575, -0.206837046677978, 0.0 ], [ 36.040703883170302, -0.206855047277372, 0.0 ], [ 36.040657082871107, -0.206862947090428, 0.0 ], [ 36.040606482442222, -0.206862246514501, 0.0 ], [ 36.040553282761522, -0.206857547389907, 0.0 ], [ 36.040498583567171, -0.206851947180224, 0.0 ], [ 36.040443683377674, -0.206846147256199, 0.0 ], [ 36.040389383528506, -0.206840747702253, 0.0 ], [ 36.040336783170467, -0.206837148271063, 0.0 ], [ 36.040285683668671, -0.206836948151721, 0.0 ], [ 36.040236283346495, -0.206840247671019, 0.0 ], [ 36.040188284058772, -0.206848047870642, 0.0 ], [ 36.040140384137302, -0.206862147411985, 0.0 ], [ 36.040093083346953, -0.206883247516503, 0.0 ], [ 36.040046583655922, -0.2069111467364, 0.0 ], [ 36.040000383649414, -0.206944346945991, 0.0 ], [ 36.039952783931149, -0.206980546570494, 0.0 ], [ 36.039901783223712, -0.207019246496241, 0.0 ], [ 36.039846682651053, -0.207059046140953, 0.0 ], [ 36.039786783612293, -0.207097045987462, 0.0 ], [ 36.039722783592808, -0.207132445648865, 0.0 ], [ 36.039656883915242, -0.207166245727622, 0.0 ], [ 36.039594183682176, -0.207200344557266, 0.0 ], [ 36.039535783616799, -0.207237345375205, 0.0 ], [ 36.039481283519763, -0.207271945365932, 0.0 ], [ 36.039429783774345, -0.207301144686749, 0.0 ], [ 36.039379083773262, -0.207324944736496, 0.0 ], [ 36.039326883472128, -0.207347244666864, 0.0 ], [ 36.039273083196527, -0.207368344427003, 0.0 ], [ 36.039220583748708, -0.20738734375045, 0.0 ], [ 36.039171583097691, -0.207403943982477, 0.0 ], [ 36.039125183952834, -0.207417143860136, 0.0 ], [ 36.039081383805168, -0.207425943190608, 0.0 ], [ 36.039039183618769, -0.207431143207831, 0.0 ], [ 36.038996782767065, -0.207434342801484, 0.0 ], [ 36.038953482996924, -0.207435642132225, 0.0 ], [ 36.038910083096795, -0.207434842575275, 0.0 ], [ 36.038865383950139, -0.20743244174532, 0.0 ], [ 36.038816983879904, -0.207428641583261, 0.0 ], [ 36.03876598253094, -0.20742214123036, 0.0 ], [ 36.038712482837646, -0.207414440543282, 0.0 ], [ 36.038656282868644, -0.207405540388141, 0.0 ], [ 36.038598583462694, -0.207395339794845, 0.0 ], [ 36.038541582551176, -0.207383739785769, 0.0 ], [ 36.03848668306896, -0.207369739526284, 0.0 ], [ 36.038435783227435, -0.207353038498964, 0.0 ], [ 36.038388983248929, -0.207335238656699, 0.0 ], [ 36.038347582564654, -0.207316938368817, 0.0 ], [ 36.038310882519234, -0.207295538089594, 0.0 ], [ 36.038275482970562, -0.207268937415622, 0.0 ], [ 36.038239582066673, -0.20723563707926, 0.0 ], [ 36.038205082394143, -0.207200837169085, 0.0 ], [ 36.038170182283608, -0.207166937088409, 0.0 ], [ 36.038131882892955, -0.207131136284121, 0.0 ], [ 36.038089682736285, -0.207092335988294, 0.0 ], [ 36.038044582826529, -0.207048735680632, 0.0 ], [ 36.038000881693584, -0.207002335640957, 0.0 ], [ 36.037958283097566, -0.206953535168322, 0.0 ], [ 36.037915082022124, -0.206901335561457, 0.0 ], [ 36.037867582929493, -0.206844334782135, 0.0 ], [ 36.037817082045194, -0.206785934808357, 0.0 ], [ 36.037763482552933, -0.206730434549861, 0.0 ], [ 36.037709482770232, -0.206679935180727, 0.0 ], [ 36.037656182468375, -0.206632434713956, 0.0 ], [ 36.037603581757025, -0.206587335021789, 0.0 ], [ 36.037553482615799, -0.206545434241966, 0.0 ], [ 36.037504682686738, -0.206505334412674, 0.0 ], [ 36.037456782704403, -0.206466434621897, 0.0 ], [ 36.037410582298712, -0.206428834404197, 0.0 ], [ 36.037365482085683, -0.206391834327438, 0.0 ], [ 36.03732188299788, -0.206356734624088, 0.0 ], [ 36.037279182666929, -0.206324434179804, 0.0 ], [ 36.037234981305936, -0.206294634389858, 0.0 ], [ 36.037186881675041, -0.20626783445408, 0.0 ], [ 36.037134781335205, -0.206244734577499, 0.0 ], [ 36.037077782705246, -0.206225934527638, 0.0 ], [ 36.037017482629452, -0.206215034203142, 0.0 ], [ 36.036952983067309, -0.206210234538372, 0.0 ], [ 36.036886682175222, -0.206210934235321, 0.0 ], [ 36.036821781750469, -0.206219234557566, 0.0 ], [ 36.036759681721421, -0.206235834179876, 0.0 ], [ 36.036700582974625, -0.206261533652206, 0.0 ], [ 36.036644182382453, -0.206295133953277, 0.0 ], [ 36.036588982446901, -0.206334534133298, 0.0 ], [ 36.036536383680414, -0.206377234426258, 0.0 ], [ 36.036487383466245, -0.206421633989134, 0.0 ], [ 36.036438983752276, -0.206465534015731, 0.0 ], [ 36.03639108414977, -0.206508234263853, 0.0 ], [ 36.036341483087419, -0.206550133678816, 0.0 ], [ 36.036286382977778, -0.206593334033983, 0.0 ], [ 36.036223783045898, -0.206639534467601, 0.0 ], [ 36.036155782570631, -0.206688233917351, 0.0 ], [ 36.03608528353594, -0.206736933800461, 0.0 ], [ 36.036014383608055, -0.206784134672647, 0.0 ], [ 36.035946183093586, -0.206832334422817, 0.0 ], [ 36.035884183485237, -0.206883935241986, 0.0 ], [ 36.035831384351404, -0.206937735110841, 0.0 ], [ 36.03578728321623, -0.206993135810869, 0.0 ], [ 36.03575088502155, -0.207048836098222, 0.0 ], [ 36.035719083765116, -0.207104035786593, 0.0 ], [ 36.035691183979687, -0.207158335394241, 0.0 ], [ 36.035663284375644, -0.207211635712825, 0.0 ], [ 36.035635883855505, -0.207264435574893, 0.0 ], [ 36.035607383802478, -0.207317935452739, 0.0 ], [ 36.035575384231549, -0.207372934508814, 0.0 ], [ 36.035542883906224, -0.207427734695305, 0.0 ], [ 36.035511384682273, -0.207480234719142, 0.0 ], [ 36.035481484128653, -0.207531234301672, 0.0 ], [ 36.035452584161696, -0.20758273371095, 0.0 ], [ 36.035421285252511, -0.207634233573598, 0.0 ], [ 36.035383483523667, -0.20768433358112, 0.0 ], [ 36.035338283484016, -0.207732033376105, 0.0 ], [ 36.035285385089573, -0.207774033270444, 0.0 ], [ 36.035226984619399, -0.207809432871049, 0.0 ], [ 36.035162584728539, -0.207839033501919, 0.0 ], [ 36.035095783595459, -0.207866533012092, 0.0 ], [ 36.035031383807933, -0.207890733336485, 0.0 ], [ 36.034966683579057, -0.207908933370092, 0.0 ], [ 36.03489968418674, -0.207921432707005, 0.0 ], [ 36.034832384943748, -0.207924732415196, 0.0 ], [ 36.034762883981095, -0.207919532363748, 0.0 ], [ 36.034688884353166, -0.2079124322879, 0.0 ], [ 36.034614284027619, -0.207906932221947, 0.0 ], [ 36.034540184053348, -0.207903831980124, 0.0 ], [ 36.034468783883106, -0.207894732917364, 0.0 ], [ 36.034394184107086, -0.207886332576708, 0.0 ], [ 36.034318384565857, -0.207877132403976, 0.0 ], [ 36.03425108565186, -0.207864232128508, 0.0 ], [ 36.034184584360624, -0.207862332269436, 0.0 ], [ 36.034115985520046, -0.207861331917025, 0.0 ], [ 36.034057285273342, -0.207853331191424, 0.0 ], [ 36.034008184934343, -0.20784713115283, 0.0 ], [ 36.03396298548833, -0.207848031643939, 0.0 ], [ 36.033917185255547, -0.207846131134208, 0.0 ], [ 36.033869385037733, -0.207846531496923, 0.0 ], [ 36.033823484747273, -0.207847031600686, 0.0 ], [ 36.033781385082918, -0.207843532565326, 0.0 ], [ 36.033745885155035, -0.207841432496334, 0.0 ], [ 36.033709384764975, -0.207843033026626, 0.0 ], [ 36.033671185097511, -0.207846632711773, 0.0 ], [ 36.03363248523295, -0.207847032966575, 0.0 ], [ 36.033595984857875, -0.207838834003639, 0.0 ], [ 36.033560187110574, -0.207831134814597, 0.0 ], [ 36.033522986250844, -0.207825435739642, 0.0 ], [ 36.033487987414091, -0.207821736548428, 0.0 ], [ 36.033456787493272, -0.207818437419301, 0.0 ], [ 36.033427986841104, -0.207813338039027, 0.0 ], [ 36.033400988087081, -0.207809439762945, 0.0 ], [ 36.033371287796058, -0.207796640486194, 0.0 ], [ 36.033340189082551, -0.207784740846802, 0.0 ], [ 36.033314787660494, -0.207781741864238, 0.0 ], [ 36.033288589194164, -0.207779242375009, 0.0 ], [ 36.033264088679765, -0.207781942913712, 0.0 ], [ 36.033238588416538, -0.207789342430603, 0.0 ], [ 36.033216988937049, -0.207799541755353, 0.0 ], [ 36.033198687970916, -0.20780804128658, 0.0 ], [ 36.033178689772583, -0.207807442136747, 0.0 ], [ 36.033158488796403, -0.207811441823949, 0.0 ], [ 36.033132589314555, -0.207813141912562, 0.0 ], [ 36.033100589200288, -0.207817742037583, 0.0 ], [ 36.033069988414198, -0.207831142627646, 0.0 ], [ 36.033025689212302, -0.207841541902282, 0.0 ], [ 36.032978089851873, -0.207852842263948, 0.0 ], [ 36.032926790013548, -0.207875041896717, 0.0 ], [ 36.032877689154695, -0.207901140590559, 0.0 ], [ 36.032831288547897, -0.207923640196818, 0.0 ], [ 36.032783788874987, -0.207944339800724, 0.0 ], [ 36.032736089473893, -0.207962839315038, 0.0 ], [ 36.032684687210036, -0.20798083849343, 0.0 ], [ 36.032628688340566, -0.207992738108847, 0.0 ], [ 36.032573188729685, -0.208012938374459, 0.0 ], [ 36.03251238908809, -0.208035738855372, 0.0 ], [ 36.032459888693495, -0.208056638091466, 0.0 ], [ 36.032410388028765, -0.208075438126685, 0.0 ], [ 36.032361888006477, -0.208094438023242, 0.0 ], [ 36.032310888314193, -0.208114638216423, 0.0 ], [ 36.032258388019322, -0.208135038706169, 0.0 ], [ 36.032206988023027, -0.208155438496222, 0.0 ], [ 36.032157688067933, -0.208176038353236, 0.0 ], [ 36.032104288264605, -0.208192938467035, 0.0 ], [ 36.032048488522264, -0.208210438060885, 0.0 ], [ 36.031995089510126, -0.208227938102276, 0.0 ], [ 36.031949288873442, -0.208243238612504, 0.0 ], [ 36.031905489629672, -0.208258338916797, 0.0 ], [ 36.031865789449327, -0.208276539932731, 0.0 ], [ 36.031822289400061, -0.208299539684159, 0.0 ], [ 36.031777589241834, -0.20831873994657, 0.0 ], [ 36.03173458940725, -0.208335140546522, 0.0 ], [ 36.031689089328893, -0.208346140393924, 0.0 ], [ 36.031649890874625, -0.208354441731708, 0.0 ], [ 36.031610090175334, -0.208367841465665, 0.0 ], [ 36.031565891329052, -0.208384241836024, 0.0 ], [ 36.03152039075767, -0.208397941368262, 0.0 ], [ 36.031466189032635, -0.208412741550837, 0.0 ], [ 36.031409790493647, -0.208426541133989, 0.0 ], [ 36.031357889760699, -0.208437140421843, 0.0 ], [ 36.031305889688596, -0.208446239862893, 0.0 ], [ 36.031252590742618, -0.208456638307009, 0.0 ], [ 36.031198088664667, -0.208465037959864, 0.0 ], [ 36.031145389694437, -0.208472937405228, 0.0 ], [ 36.031092689042538, -0.208480237822167, 0.0 ], [ 36.031039090000405, -0.208492537190731, 0.0 ], [ 36.030973089531777, -0.208506037707049, 0.0 ], [ 36.030903988584967, -0.208522937547666, 0.0 ], [ 36.030833989388121, -0.208539238190299, 0.0 ], [ 36.030754390458512, -0.208557839172296, 0.0 ], [ 36.030679790619914, -0.208589939524673, 0.0 ], [ 36.03059299128202, -0.208618440710536, 0.0 ], [ 36.030511491086401, -0.208649140221529, 0.0 ], [ 36.030430590967562, -0.208681640534701, 0.0 ], [ 36.030358990454737, -0.208709039567658, 0.0 ], [ 36.030292591341215, -0.208733339632864, 0.0 ], [ 36.030231690576841, -0.208755139813798, 0.0 ], [ 36.03017179120306, -0.208777939461504, 0.0 ], [ 36.030105491884449, -0.20880133964113, 0.0 ], [ 36.030045990954463, -0.208824339033616, 0.0 ], [ 36.029994491884899, -0.208851939692446, 0.0 ], [ 36.029953292244976, -0.208883840277512, 0.0 ], [ 36.029919392005922, -0.208918941558196, 0.0 ], [ 36.029892491487509, -0.208956841417037, 0.0 ], [ 36.029871893034731, -0.208994442494296, 0.0 ], [ 36.029851992246769, -0.209030243007822, 0.0 ], [ 36.02982809191321, -0.209063543661523, 0.0 ], [ 36.029797492770562, -0.209092644446773, 0.0 ], [ 36.029756493599542, -0.2091227443609, 0.0 ], [ 36.029705993340592, -0.209150745439942, 0.0 ], [ 36.029647093075546, -0.209177245110045, 0.0 ], [ 36.029585392748878, -0.209198745135508, 0.0 ], [ 36.029529093242395, -0.209216144245462, 0.0 ], [ 36.029484493951564, -0.209233843714824, 0.0 ], [ 36.029441893059513, -0.209252943093986, 0.0 ], [ 36.029397193584423, -0.209264042410448, 0.0 ], [ 36.02934909322083, -0.209277242646323, 0.0 ], [ 36.029299292927988, -0.209291142779795, 0.0 ], [ 36.029245593430652, -0.209308342693929, 0.0 ], [ 36.029190293572512, -0.209331342829232, 0.0 ], [ 36.029141293830506, -0.209350043449053, 0.0 ], [ 36.029095993264292, -0.209374543481346, 0.0 ], [ 36.029055893045239, -0.20939674325591, 0.0 ], [ 36.029023092559775, -0.209425142472331, 0.0 ], [ 36.028984192816573, -0.209449143161835, 0.0 ], [ 36.028944293762436, -0.209470642750116, 0.0 ], [ 36.028907993305438, -0.209493443163832, 0.0 ], [ 36.028873794561207, -0.209512243237905, 0.0 ], [ 36.028843593893576, -0.209526943944619, 0.0 ], [ 36.028814894031498, -0.209540343881805, 0.0 ], [ 36.028787393537804, -0.20955184487035, 0.0 ], [ 36.028751693447731, -0.209570043824049, 0.0 ], [ 36.028717193962692, -0.209589343475942, 0.0 ], [ 36.028672293841055, -0.209608143330761, 0.0 ], [ 36.028620193018575, -0.209628742516332, 0.0 ], [ 36.028567194259658, -0.209642242668006, 0.0 ], [ 36.028509392717687, -0.209658142532138, 0.0 ], [ 36.028450694479929, -0.209674742443697, 0.0 ], [ 36.02839169349798, -0.209688141167822, 0.0 ], [ 36.028338192854733, -0.20969314011337, 0.0 ], [ 36.028286892631478, -0.209699039367456, 0.0 ], [ 36.028241292216322, -0.209709738226688, 0.0 ], [ 36.028203993055875, -0.209717238428386, 0.0 ], [ 36.02817039225517, -0.209720437727967, 0.0 ], [ 36.028137293126051, -0.209733336276503, 0.0 ], [ 36.028103291461569, -0.209739734819977, 0.0 ], [ 36.028071691830789, -0.209753533543801, 0.0 ], [ 36.02804029232977, -0.209757732536772, 0.0 ], [ 36.028008690021188, -0.209761831201822, 0.0 ], [ 36.02797779104079, -0.209757830958142, 0.0 ], [ 36.027950289938744, -0.2097534311027, 0.0 ], [ 36.027924190174531, -0.209751732095927, 0.0 ], [ 36.027900791429715, -0.209756732203574, 0.0 ], [ 36.027867191175723, -0.209752231810347, 0.0 ], [ 36.027829091126002, -0.209747232734749, 0.0 ], [ 36.027793991918323, -0.209738932810369, 0.0 ], [ 36.027754591258187, -0.209734932768793, 0.0 ], [ 36.027712892436746, -0.209734433384035, 0.0 ], [ 36.027661291647355, -0.209740032609602, 0.0 ], [ 36.027610691788539, -0.209734634533908, 0.0 ], [ 36.027569692379757, -0.209737436696151, 0.0 ], [ 36.027532593807543, -0.209747437836354, 0.0 ], [ 36.027488292951418, -0.209758137833047, 0.0 ], [ 36.0274339932852, -0.209755239061819, 0.0 ], [ 36.027379893753675, -0.209747539995757, 0.0 ], [ 36.027327493373249, -0.209748139962788, 0.0 ], [ 36.027273994181883, -0.209750439218498, 0.0 ], [ 36.027218993833301, -0.209751138079462, 0.0 ], [ 36.027159993810201, -0.209759737351669, 0.0 ], [ 36.02710259394825, -0.209763635979329, 0.0 ], [ 36.027046492605564, -0.209763336255942, 0.0 ], [ 36.026985493208997, -0.209771034351478, 0.0 ], [ 36.026923491609267, -0.20977733182124, 0.0 ], [ 36.026860692523734, -0.209786530298957, 0.0 ], [ 36.026799191883356, -0.209791929775817, 0.0 ], [ 36.026743791534095, -0.209796128741263, 0.0 ], [ 36.026690790911005, -0.209796028372547, 0.0 ], [ 36.026641390429042, -0.209793728646057, 0.0 ], [ 36.026592391787219, -0.20978782852275, 0.0 ], [ 36.026538390643857, -0.209777327703595, 0.0 ], [ 36.026484191123942, -0.209762227097364, 0.0 ], [ 36.026428090775624, -0.209742326708112, 0.0 ], [ 36.026370990578052, -0.209718026960177, 0.0 ], [ 36.026313390868715, -0.209691726757616, 0.0 ], [ 36.0262569903227, -0.209664626277751, 0.0 ], [ 36.026203991706865, -0.20963462709225, 0.0 ], [ 36.026153790505944, -0.209604527245166, 0.0 ], [ 36.026107491851128, -0.209572427775502, 0.0 ], [ 36.026069190685035, -0.209544128157464, 0.0 ], [ 36.026027891860906, -0.209516529095921, 0.0 ], [ 36.025992391966319, -0.209496329037116, 0.0 ], [ 36.025952492840318, -0.209480229162083, 0.0 ], [ 36.025911091585328, -0.20946292914884, 0.0 ], [ 36.025870592580588, -0.209444028294898, 0.0 ], [ 36.025832292306312, -0.209425428724644, 0.0 ], [ 36.025792792217906, -0.209406328386983, 0.0 ], [ 36.025751192103591, -0.209387028883082, 0.0 ], [ 36.025707391541111, -0.209367028748459, 0.0 ], [ 36.025664192634196, -0.20934512865656, 0.0 ], [ 36.025625192247588, -0.209322229177698, 0.0 ], [ 36.025591391745159, -0.209299429163347, 0.0 ], [ 36.025562891809763, -0.209275828740719, 0.0 ], [ 36.025541292245386, -0.209253428572441, 0.0 ], [ 36.025518692232957, -0.209229828361095, 0.0 ], [ 36.025495192213697, -0.209205429282152, 0.0 ], [ 36.025477292852607, -0.209183228585391, 0.0 ], [ 36.025466992613495, -0.209164227731132, 0.0 ], [ 36.025452191782762, -0.209144227655345, 0.0 ], [ 36.025436691474859, -0.20912612752014, 0.0 ], [ 36.025422991142847, -0.209109828410926, 0.0 ], [ 36.025409991660126, -0.209098728204172, 0.0 ], [ 36.025397191693131, -0.209086128216366, 0.0 ], [ 36.025383192938733, -0.209072328147801, 0.0 ], [ 36.025367392822226, -0.209054528825469, 0.0 ], [ 36.025335892663691, -0.20902613204209, 0.0 ], [ 36.02531269486628, -0.2090029337868, 0.0 ], [ 36.025286495390063, -0.208977935184519, 0.0 ], [ 36.025262395042361, -0.2089531375569, 0.0 ], [ 36.025242694676692, -0.208929838770661, 0.0 ], [ 36.02522069611291, -0.208905439986615, 0.0 ], [ 36.025206494842116, -0.208885140971241, 0.0 ], [ 36.025185896660439, -0.208863742089748, 0.0 ], [ 36.02516309692826, -0.208842743047398, 0.0 ], [ 36.025146196540838, -0.208824844139056, 0.0 ], [ 36.025127097518187, -0.208806145215342, 0.0 ], [ 36.025107297614284, -0.208787246485736, 0.0 ], [ 36.025090897881292, -0.208770046986269, 0.0 ], [ 36.025071046033375, -0.208750562776805, 0.0 ], [ 36.025047899636, -0.208726049942326, 0.0 ], [ 36.025039698689575, -0.208720850534591, 0.0 ] ] ] } },
{ "type": "Feature", "properties": { "Name": "Link road", "Type": "Murram", "Length_Km": 1.02913976765, "main__road": 0, "Type2": 2 }, "geometry": { "type": "MultiLineString", "coordinates": [ [ [ 36.024415886326295, -0.207682145619893, 0.0 ], [ 36.024408899442378, -0.207678052339548, 0.0 ], [ 36.024398000891793, -0.207671952546769, 0.0 ], [ 36.024385899177119, -0.207664052747781, 0.0 ], [ 36.024376799750513, -0.207654651886506, 0.0 ], [ 36.024365600716571, -0.207647652147339, 0.0 ], [ 36.024357999663643, -0.207640352214865, 0.0 ], [ 36.024349000623339, -0.207631652492286, 0.0 ], [ 36.024339500688441, -0.207623552603077, 0.0 ], [ 36.024332899973309, -0.20761805263913, 0.0 ], [ 36.024319299959188, -0.207607652563806, 0.0 ], [ 36.024305599964805, -0.20759435312413, 0.0 ], [ 36.024287600156349, -0.207581452229058, 0.0 ], [ 36.024272000216754, -0.20756825182, 0.0 ], [ 36.024262500319182, -0.207559951353898, 0.0 ], [ 36.024250499109918, -0.207547251256783, 0.0 ], [ 36.024237598920507, -0.207533052077897, 0.0 ], [ 36.024221499083538, -0.207515051257633, 0.0 ], [ 36.024203098031897, -0.207492850518969, 0.0 ], [ 36.024185198753585, -0.20747015023695, 0.0 ], [ 36.024166998788395, -0.207447650477385, 0.0 ], [ 36.024149300209366, -0.207426749111502, 0.0 ], [ 36.02413309789533, -0.207409649068839, 0.0 ], [ 36.024117399770482, -0.207393548396706, 0.0 ], [ 36.024104499507239, -0.207379748570133, 0.0 ], [ 36.024086000428682, -0.207358649189379, 0.0 ], [ 36.024069298283763, -0.207341249091771, 0.0 ], [ 36.024044999591894, -0.207316449681741, 0.0 ], [ 36.024011598818554, -0.20728204793556, 0.0 ], [ 36.023975899602014, -0.207238148125686, 0.0 ], [ 36.023944100624668, -0.207194948359468, 0.0 ], [ 36.023901999645112, -0.207137350236401, 0.0 ], [ 36.02386839848208, -0.207084849467953, 0.0 ], [ 36.023834100979485, -0.207031849838403, 0.0 ], [ 36.023800199693291, -0.206981350281776, 0.0 ], [ 36.023764398457146, -0.206935849461516, 0.0 ], [ 36.023726698937494, -0.206896049400254, 0.0 ], [ 36.023690599937098, -0.206859249273372, 0.0 ], [ 36.023655298614621, -0.206823348284026, 0.0 ], [ 36.023624399538726, -0.206791248255268, 0.0 ], [ 36.023596397979396, -0.206761248511508, 0.0 ], [ 36.02356989794653, -0.206730848796943, 0.0 ], [ 36.023544598422738, -0.206702048509375, 0.0 ], [ 36.023518898009449, -0.206671748332034, 0.0 ], [ 36.023492397795962, -0.206637448195673, 0.0 ], [ 36.023465600926919, -0.206600947973956, 0.0 ], [ 36.023438999850946, -0.206563648189591, 0.0 ], [ 36.023411699306131, -0.206523347740817, 0.0 ], [ 36.023383898546825, -0.206479947279576, 0.0 ], [ 36.023358798832454, -0.20643824771731, 0.0 ], [ 36.02333459989292, -0.206398047237152, 0.0 ], [ 36.023310800595816, -0.206361247620884, 0.0 ], [ 36.023287198684493, -0.206324748006117, 0.0 ], [ 36.023266698561322, -0.206292248780456, 0.0 ], [ 36.023243399568713, -0.20625804864159, 0.0 ], [ 36.023218600551019, -0.206225849485626, 0.0 ], [ 36.023189198912704, -0.206196049180652, 0.0 ], [ 36.023155300956617, -0.206171349222189, 0.0 ], [ 36.023119199294307, -0.206149048560766, 0.0 ], [ 36.023083100049952, -0.206128248620452, 0.0 ], [ 36.023045000714497, -0.206105549145437, 0.0 ], [ 36.023006201085515, -0.206084349357395, 0.0 ], [ 36.022969098427758, -0.206063849197741, 0.0 ], [ 36.022934900851567, -0.206043349579249, 0.0 ], [ 36.022903798178525, -0.206025249338365, 0.0 ], [ 36.022873198945021, -0.206007348866222, 0.0 ], [ 36.022842199371304, -0.205989848572588, 0.0 ], [ 36.022809499073489, -0.205972548541644, 0.0 ], [ 36.022774697747678, -0.205955648373326, 0.0 ], [ 36.022736498508564, -0.205939447789813, 0.0 ], [ 36.022697498497344, -0.205924548103157, 0.0 ], [ 36.02265750117062, -0.205910947469727, 0.0 ], [ 36.022615498918285, -0.205897347368345, 0.0 ], [ 36.022572600012879, -0.205884246738564, 0.0 ], [ 36.022528300759049, -0.205872847145836, 0.0 ], [ 36.022482300691365, -0.205862146549384, 0.0 ], [ 36.022434399163295, -0.205850046978086, 0.0 ], [ 36.02238590077134, -0.205838246356343, 0.0 ], [ 36.022338500176865, -0.205825346376321, 0.0 ], [ 36.022293799785942, -0.205808946728696, 0.0 ], [ 36.022253799048023, -0.205789547421962, 0.0 ], [ 36.022217000944039, -0.205767447237803, 0.0 ], [ 36.022182899983534, -0.205743846837624, 0.0 ], [ 36.022150899941138, -0.205720447406312, 0.0 ], [ 36.022121000780245, -0.205697447714356, 0.0 ], [ 36.022091799788996, -0.205674747212512, 0.0 ], [ 36.022062600647949, -0.205651746749303, 0.0 ], [ 36.02203189864607, -0.20562664626842, 0.0 ], [ 36.02199710061786, -0.205596746526966, 0.0 ], [ 36.021958600604243, -0.205566646426706, 0.0 ], [ 36.021916898985779, -0.205538546089357, 0.0 ], [ 36.02187299937912, -0.205511046175671, 0.0 ], [ 36.021829100579765, -0.205484045901074, 0.0 ], [ 36.021786098453752, -0.205456445869129, 0.0 ], [ 36.021743399266676, -0.20542614532681, 0.0 ], [ 36.021700600956031, -0.205393146006917, 0.0 ], [ 36.021658099210306, -0.20535794581283, 0.0 ], [ 36.021619499236145, -0.20532484608345, 0.0 ], [ 36.021585698895009, -0.205291646956583, 0.0 ], [ 36.021553298260386, -0.205255346367843, 0.0 ], [ 36.021532301169948, -0.205221646365014, 0.0 ], [ 36.021510699882924, -0.205179246429136, 0.0 ], [ 36.021492000725907, -0.205143147152632, 0.0 ], [ 36.021475398547814, -0.205109147100883, 0.0 ], [ 36.021459600492754, -0.205075147198943, 0.0 ], [ 36.021444599308083, -0.205041546793341, 0.0 ], [ 36.021430798959919, -0.20500774693679, 0.0 ], [ 36.02141769917673, -0.204970947583697, 0.0 ], [ 36.021405198932058, -0.204933947764853, 0.0 ], [ 36.02139259923635, -0.204900946828673, 0.0 ], [ 36.021380799913018, -0.204873747427951, 0.0 ], [ 36.021368600654412, -0.204849647869451, 0.0 ], [ 36.021356000522864, -0.204823948135262, 0.0 ], [ 36.021342800300573, -0.204796547899924, 0.0 ], [ 36.02132930004872, -0.204765747731701, 0.0 ], [ 36.021316100445112, -0.204734947619746, 0.0 ], [ 36.021300898754731, -0.204703347539463, 0.0 ], [ 36.021284000132013, -0.204670847258653, 0.0 ], [ 36.021265400290041, -0.204636347214855, 0.0 ], [ 36.021246901217765, -0.204600447666275, 0.0 ], [ 36.021230799349695, -0.204564048021298, 0.0 ], [ 36.021217099227592, -0.204526848317892, 0.0 ], [ 36.021207300596856, -0.204488348292534, 0.0 ], [ 36.021201801346642, -0.204451748222051, 0.0 ], [ 36.021198900039764, -0.204416248192937, 0.0 ], [ 36.021198099174441, -0.204383548503837, 0.0 ], [ 36.021199800206325, -0.204352049126634, 0.0 ], [ 36.021205800031083, -0.204320749312313, 0.0 ], [ 36.021213300685993, -0.204292849652036, 0.0 ], [ 36.021218100394101, -0.204267650060858, 0.0 ], [ 36.021221302290328, -0.204239350259842, 0.0 ], [ 36.021223799898436, -0.204209850478303, 0.0 ], [ 36.021224600610267, -0.204179249918644, 0.0 ], [ 36.021224299695476, -0.204146150069664, 0.0 ], [ 36.021221201264751, -0.204108850228464, 0.0 ], [ 36.021216602219269, -0.204066949479319, 0.0 ], [ 36.021210999423722, -0.204022249496765, 0.0 ], [ 36.021206600391835, -0.203976049019504, 0.0 ], [ 36.021204099121221, -0.203931849245088, 0.0 ], [ 36.021201100918731, -0.203891148642381, 0.0 ], [ 36.021196902293298, -0.203858249558143, 0.0 ], [ 36.021193500310687, -0.203831949798651, 0.0 ], [ 36.021190002208691, -0.203806149658208, 0.0 ], [ 36.02118609975112, -0.203778149416439, 0.0 ], [ 36.021182401306369, -0.203748549110484, 0.0 ], [ 36.02117410052724, -0.203709948176354, 0.0 ], [ 36.021165399289494, -0.203667448558542, 0.0 ], [ 36.021154199560023, -0.203624748808432, 0.0 ], [ 36.021140399599986, -0.203583647779852, 0.0 ], [ 36.021124701385475, -0.203543247521137, 0.0 ], [ 36.021107199403424, -0.2035021485254, 0.0 ], [ 36.021088099490271, -0.203463548323681, 0.0 ], [ 36.021070200122885, -0.203426348771458, 0.0 ], [ 36.021051300478334, -0.203391948085422, 0.0 ], [ 36.021030899973518, -0.203359248418994, 0.0 ], [ 36.021009702524559, -0.203326548607571, 0.0 ], [ 36.02098610008391, -0.203292748794593, 0.0 ], [ 36.02096009974089, -0.203258348618098, 0.0 ], [ 36.020932599189706, -0.203222049007512, 0.0 ], [ 36.020903300455956, -0.20318394929369, 0.0 ], [ 36.020875900166459, -0.203149048325712, 0.0 ], [ 36.020848399035472, -0.20311594892319, 0.0 ], [ 36.020818400529414, -0.203081448637147, 0.0 ], [ 36.020787000662381, -0.203044348722133, 0.0 ], [ 36.020755601692628, -0.203007248809345, 0.0 ], [ 36.020727800056868, -0.202973348856431, 0.0 ], [ 36.020704701851926, -0.202945249342735, 0.0 ], [ 36.020684701024351, -0.202920749043805, 0.0 ], [ 36.020668199888377, -0.202898449412649, 0.0 ], [ 36.020653001651482, -0.20287234898996, 0.0 ], [ 36.020640001796359, -0.202843449019404, 0.0 ], [ 36.02062929983245, -0.202812348540526, 0.0 ], [ 36.020619301299988, -0.202777249293614, 0.0 ], [ 36.020609599686324, -0.202737948819979, 0.0 ], [ 36.020599700810664, -0.202697649941864, 0.0 ], [ 36.02058930253191, -0.20265964948077, 0.0 ], [ 36.02057870068645, -0.202625749976036, 0.0 ], [ 36.020567601233232, -0.202594149792046, 0.0 ], [ 36.020557503000425, -0.202564449855144, 0.0 ], [ 36.020549002275132, -0.202539550513603, 0.0 ], [ 36.0205419013826, -0.202520750062569, 0.0 ], [ 36.020534901722144, -0.202502950709783, 0.0 ], [ 36.020525899763236, -0.20248055036241, 0.0 ], [ 36.020513800659941, -0.202453250665204, 0.0 ], [ 36.020500400511501, -0.202424450918687, 0.0 ], [ 36.020486499490609, -0.202396150717632, 0.0 ], [ 36.02047140213886, -0.202367950587447, 0.0 ], [ 36.020455700418594, -0.202341850988194, 0.0 ], [ 36.020440003041237, -0.202316550989128, 0.0 ], [ 36.020424000743795, -0.202290051085398, 0.0 ], [ 36.020408103055615, -0.202260750347603, 0.0 ], [ 36.020392901527387, -0.202227950477316, 0.0 ], [ 36.020378500837396, -0.202193451268216, 0.0 ], [ 36.020365701230865, -0.202158850256487, 0.0 ], [ 36.020355002450096, -0.202119949866408, 0.0 ], [ 36.020349001847443, -0.202076149743269, 0.0 ], [ 36.020348001811733, -0.202027749904126, 0.0 ], [ 36.020351400021781, -0.20197545045198, 0.0 ], [ 36.020357102688735, -0.201919349486255, 0.0 ], [ 36.020363002631797, -0.201864149346605, 0.0 ], [ 36.020364199619976, -0.201810449968903, 0.0 ], [ 36.020361902368556, -0.201759150557667, 0.0 ], [ 36.020355802403202, -0.20171385060608, 0.0 ], [ 36.020348801549176, -0.201672649676091, 0.0 ], [ 36.020342001508808, -0.201632649536263, 0.0 ], [ 36.020334701385224, -0.201588749794744, 0.0 ], [ 36.020327300816263, -0.201539449808851, 0.0 ], [ 36.020320100432109, -0.201484848114983, 0.0 ], [ 36.020314399912479, -0.201424048676292, 0.0 ], [ 36.020312298789598, -0.201359948498944, 0.0 ], [ 36.020313199319773, -0.201292747147501, 0.0 ], [ 36.020317301547259, -0.20122794697999, 0.0 ], [ 36.020323901435432, -0.201167946663752, 0.0 ], [ 36.020327699851215, -0.201110746692106, 0.0 ], [ 36.020325798810077, -0.201051846200269, 0.0 ], [ 36.020320599623936, -0.200992846628782, 0.0 ], [ 36.020316901024081, -0.200938645824789, 0.0 ], [ 36.020314299243971, -0.200888745885674, 0.0 ], [ 36.020311601004302, -0.20084124653195, 0.0 ], [ 36.020311801002798, -0.200801845784778, 0.0 ], [ 36.020310500091952, -0.200764445117311, 0.0 ], [ 36.020309800262346, -0.200728245311883, 0.0 ], [ 36.020308899293866, -0.200692644491356, 0.0 ], [ 36.020308699256958, -0.20065694441267, 0.0 ], [ 36.020309299050865, -0.200620144014362, 0.0 ], [ 36.020308998634874, -0.200578642536377, 0.0 ], [ 36.020309699133094, -0.200535742619687, 0.0 ], [ 36.020310699648611, -0.200491342041737, 0.0 ], [ 36.020311700328087, -0.200451041552149, 0.0 ], [ 36.020315899012196, -0.200413742168286, 0.0 ], [ 36.020324896553234, -0.200380642221892, 0.0 ], [ 36.02033659964497, -0.20034914196121, 0.0 ], [ 36.020350897323631, -0.200317442495052, 0.0 ], [ 36.020365397327986, -0.200288542111453, 0.0 ], [ 36.020379898467155, -0.20026334066138, 0.0 ], [ 36.020392798088011, -0.200235640740271, 0.0 ], [ 36.020408198984725, -0.200212640380477, 0.0 ], [ 36.020420198769351, -0.200193240761785, 0.0 ], [ 36.020429996732091, -0.200175839289804, 0.0 ], [ 36.020430397698462, -0.200161839609741, 0.0 ] ] ] } },
{ "type": "Feature", "properties": { "Name": "Link road", "Type": "Murram", "Length_Km": 0.13616432976000001, "main__road": 0, "Type2": 2 }, "geometry": { "type": "MultiLineString", "coordinates": [ [ [ 36.025039698689575, -0.208720850534591, 0.0 ], [ 36.025033534973041, -0.208710872871874, 0.0 ], [ 36.025025463617617, -0.2086989188848, 0.0 ], [ 36.025017867296185, -0.208690311570005, 0.0 ], [ 36.025010269633576, -0.208684094929467, 0.0 ], [ 36.025000300983038, -0.208672458619724, 0.0 ], [ 36.024993600631497, -0.208667058916739, 0.0 ], [ 36.024984901605343, -0.208656959708166, 0.0 ], [ 36.024972502148593, -0.20864305966166, 0.0 ], [ 36.024955701546631, -0.208624260887052, 0.0 ], [ 36.024943402035312, -0.208603760755994, 0.0 ], [ 36.024935200746341, -0.208581059554282, 0.0 ], [ 36.024919801669846, -0.208554259604596, 0.0 ], [ 36.024903501125387, -0.208524859198898, 0.0 ], [ 36.024879402149992, -0.208492659173524, 0.0 ], [ 36.024853802338747, -0.208461959589175, 0.0 ], [ 36.024827602087761, -0.208431460471507, 0.0 ], [ 36.024804202227202, -0.208394460260173, 0.0 ], [ 36.024783301253549, -0.208355560448991, 0.0 ], [ 36.024755402652936, -0.208317261962908, 0.0 ], [ 36.024730002688187, -0.208283262823825, 0.0 ], [ 36.02470450356585, -0.208256464600985, 0.0 ], [ 36.02468920426039, -0.208233664495708, 0.0 ], [ 36.024669804504704, -0.20821056456134, 0.0 ], [ 36.024649103595074, -0.208186565396316, 0.0 ], [ 36.02462940341136, -0.208162266456397, 0.0 ], [ 36.024610604242852, -0.208138166457419, 0.0 ], [ 36.024608004139601, -0.208114764293608, 0.0 ], [ 36.024601203181184, -0.208090463258143, 0.0 ], [ 36.024594002796086, -0.208066462111631, 0.0 ], [ 36.024585603215876, -0.208043460920215, 0.0 ], [ 36.024575902842344, -0.208022459844636, 0.0 ], [ 36.024565101282363, -0.208001458562912, 0.0 ], [ 36.024554001089172, -0.207979257371389, 0.0 ], [ 36.024543801799659, -0.207957856854343, 0.0 ], [ 36.02453560082548, -0.207938255590092, 0.0 ], [ 36.024527501227162, -0.207918854923172, 0.0 ], [ 36.02451920054159, -0.207899754182375, 0.0 ], [ 36.024511000334599, -0.207880853135221, 0.0 ], [ 36.024500800480624, -0.207867351960851, 0.0 ], [ 36.024489299277626, -0.207849152318801, 0.0 ], [ 36.024475901042749, -0.207829852756587, 0.0 ], [ 36.024458900782669, -0.20780845367878, 0.0 ], [ 36.024446301177932, -0.207789754194216, 0.0 ], [ 36.024438200078492, -0.207768754326512, 0.0 ], [ 36.024430201318332, -0.207752454509117, 0.0 ], [ 36.024427001335539, -0.207740754428983, 0.0 ], [ 36.024427499627862, -0.207729954028573, 0.0 ], [ 36.024429800393769, -0.207717152703058, 0.0 ], [ 36.02442400061063, -0.207704652534646, 0.0 ], [ 36.024418699336231, -0.207694750938873, 0.0 ], [ 36.024416600132433, -0.207685251098758, 0.0 ] ] ] } },
{ "type": "Feature", "properties": { "Name": null, "Type": "Murram", "Length_Km": 0.00035279718, "main__road": 0, "Type2": 0 }, "geometry": { "type": "MultiLineString", "coordinates": [ [ [ 36.024416600132433, -0.207685251098758, 0.0 ], [ 36.024415886326295, -0.207682145619893, 0.0 ] ] ] } },
{ "type": "Feature", "properties": { "Name": null, "Type": "Tarmac", "Length_Km": 0.17843390332, "main__road": 0, "Type2": 11 }, "geometry": { "type": "MultiLineString", "coordinates": [ [ [ 36.06342790122487, -0.286243637811585, 0.0 ], [ 36.063465965446206, -0.286188723366783, 0.0 ], [ 36.064850567937867, -0.285521786592582, 0.0 ] ] ] } },
{ "type": "Feature", "properties": { "Name": "Ring road", "Type": "Murram", "Length_Km": 3.6194331480500002, "main__road": 0, "Type2": 2 }, "geometry": { "type": "MultiLineString", "coordinates": [ [ [ 36.069237270431877, -0.226359127945797, 0.0 ], [ 36.069234371208154, -0.226369678013703, 0.0 ], [ 36.069231470791422, -0.226395277464146, 0.0 ], [ 36.069230070457252, -0.226423577901238, 0.0 ], [ 36.069229370934387, -0.226457077455622, 0.0 ], [ 36.069225771195285, -0.226497077405152, 0.0 ], [ 36.069218870672735, -0.226540477619184, 0.0 ], [ 36.069211270916803, -0.226584277960415, 0.0 ], [ 36.069202271340956, -0.226631178069164, 0.0 ], [ 36.069192671259323, -0.226682977959895, 0.0 ], [ 36.06918457141694, -0.226736677395874, 0.0 ], [ 36.069178270780284, -0.226791777682707, 0.0 ], [ 36.069173471140765, -0.226849476855907, 0.0 ], [ 36.069170071020281, -0.226910076678301, 0.0 ], [ 36.069168370981572, -0.226974076868712, 0.0 ], [ 36.069167970498832, -0.22703817671075, 0.0 ], [ 36.069166570616169, -0.227100176521308, 0.0 ], [ 36.069164071053251, -0.227158875473664, 0.0 ], [ 36.069159370857598, -0.227217375202095, 0.0 ], [ 36.069153970290209, -0.227277474960106, 0.0 ], [ 36.069149870775128, -0.227339175151763, 0.0 ], [ 36.069147270619496, -0.227402674596571, 0.0 ], [ 36.069145870238202, -0.227462574575541, 0.0 ], [ 36.069145670170975, -0.227511673866109, 0.0 ], [ 36.069145870348152, -0.227551973650132, 0.0 ], [ 36.069147770507854, -0.227591673826635, 0.0 ], [ 36.069151070008132, -0.227630673138515, 0.0 ], [ 36.06915427026491, -0.227663273551977, 0.0 ], [ 36.069156670550157, -0.227692874046948, 0.0 ], [ 36.06915926984005, -0.227723673581435, 0.0 ], [ 36.069162770138867, -0.227754874470787, 0.0 ], [ 36.06916747053225, -0.227789874090596, 0.0 ], [ 36.069172570669849, -0.227827574476215, 0.0 ], [ 36.069177570983861, -0.227866275062112, 0.0 ], [ 36.069183770416288, -0.227904675012005, 0.0 ], [ 36.069188770387903, -0.227945075159504, 0.0 ], [ 36.069194171080539, -0.227987775804595, 0.0 ], [ 36.069200070641486, -0.228031175892126, 0.0 ], [ 36.069205670516112, -0.228074175650541, 0.0 ], [ 36.069209371319303, -0.228116976245188, 0.0 ], [ 36.069209570614383, -0.228161575984013, 0.0 ], [ 36.069207671052787, -0.228208675395634, 0.0 ], [ 36.069205771008548, -0.228258175516033, 0.0 ], [ 36.069203470777438, -0.228307174993107, 0.0 ], [ 36.069202171056183, -0.228357174893248, 0.0 ], [ 36.069204870848054, -0.228410374141328, 0.0 ], [ 36.069211570232902, -0.228466374276327, 0.0 ], [ 36.069218570693842, -0.228524774278547, 0.0 ], [ 36.069226070658402, -0.228585173919892, 0.0 ], [ 36.069235570304436, -0.228649773628128, 0.0 ], [ 36.069243470436412, -0.228719674088808, 0.0 ], [ 36.069248470541325, -0.228790574180825, 0.0 ], [ 36.069250170902336, -0.228855174112315, 0.0 ], [ 36.069244771070139, -0.228911174500583, 0.0 ], [ 36.06923027091451, -0.228961074132427, 0.0 ], [ 36.069200970910316, -0.229006874997308, 0.0 ], [ 36.069156371092326, -0.229048874257076, 0.0 ], [ 36.06910357116061, -0.22908917408932, 0.0 ], [ 36.069045670999955, -0.229128174489984, 0.0 ], [ 36.068982670785488, -0.229169474262684, 0.0 ], [ 36.068920671015896, -0.229216574063826, 0.0 ], [ 36.068862571297551, -0.229266074459257, 0.0 ], [ 36.068808471147577, -0.229309573442699, 0.0 ], [ 36.068754071260926, -0.229348474241122, 0.0 ], [ 36.068696871531472, -0.229390074244342, 0.0 ], [ 36.068642871621783, -0.229434973723203, 0.0 ], [ 36.068591671145079, -0.229483674060954, 0.0 ], [ 36.068539171354033, -0.229539973809539, 0.0 ], [ 36.068493771569322, -0.229601273389088, 0.0 ], [ 36.068451671262579, -0.229665673685111, 0.0 ], [ 36.068409971116921, -0.229730674008888, 0.0 ], [ 36.068372271697932, -0.229797273508447, 0.0 ], [ 36.068342171653214, -0.229867073993801, 0.0 ], [ 36.068320271399315, -0.22993567353975, 0.0 ], [ 36.068303771929116, -0.229997174166638, 0.0 ], [ 36.068288871457753, -0.230051473901163, 0.0 ], [ 36.068274371874409, -0.23010277396203, 0.0 ], [ 36.068255872013886, -0.230154674057046, 0.0 ], [ 36.068230271975082, -0.230206873575518, 0.0 ], [ 36.068199271540742, -0.230259774036569, 0.0 ], [ 36.068170071548408, -0.230312373984353, 0.0 ], [ 36.068143471669551, -0.230364673583146, 0.0 ], [ 36.06811447195706, -0.230416574226276, 0.0 ], [ 36.068083272452611, -0.230468573805148, 0.0 ], [ 36.068054972259695, -0.230523074071466, 0.0 ], [ 36.068032872177021, -0.230581073210899, 0.0 ], [ 36.068013871830104, -0.230640173495754, 0.0 ], [ 36.067995271906696, -0.230698573617289, 0.0 ], [ 36.067976671818471, -0.230757773369778, 0.0 ], [ 36.067958972248746, -0.23081977337623, 0.0 ], [ 36.067945372228174, -0.230882872927495, 0.0 ], [ 36.067932072313091, -0.23094427388324, 0.0 ], [ 36.067910572185177, -0.231000073914116, 0.0 ], [ 36.067887772714506, -0.231050273534013, 0.0 ], [ 36.067867472258996, -0.231094174183567, 0.0 ], [ 36.067850472366999, -0.231131373953268, 0.0 ], [ 36.067835572880327, -0.231162874622648, 0.0 ], [ 36.067821672938237, -0.231191274547115, 0.0 ], [ 36.067807972792814, -0.231221374070991, 0.0 ], [ 36.067792672654257, -0.231254673603692, 0.0 ], [ 36.067775072696584, -0.231290073393083, 0.0 ], [ 36.067756372063556, -0.231331572753453, 0.0 ], [ 36.067738372769334, -0.231379972592106, 0.0 ], [ 36.067721172088206, -0.231433572466191, 0.0 ], [ 36.067705271741595, -0.231492272186182, 0.0 ], [ 36.067688871935545, -0.231553172824962, 0.0 ], [ 36.067670772507761, -0.231612872307035, 0.0 ], [ 36.067652972208265, -0.231671272558364, 0.0 ], [ 36.067635472303586, -0.231730972160221, 0.0 ], [ 36.067616072187619, -0.231791672490518, 0.0 ], [ 36.067595372103803, -0.231854271791399, 0.0 ], [ 36.067575472342831, -0.231922472298756, 0.0 ], [ 36.067556172129009, -0.231994971970236, 0.0 ], [ 36.067537571918855, -0.232067671465881, 0.0 ], [ 36.06752057239239, -0.232138172073716, 0.0 ], [ 36.067504072237824, -0.232206872027585, 0.0 ], [ 36.067486172675018, -0.232276571908909, 0.0 ], [ 36.067466372981059, -0.232346871345435, 0.0 ], [ 36.067446772874284, -0.232415471262299, 0.0 ], [ 36.067428672952907, -0.23248177197858, 0.0 ], [ 36.06741037288576, -0.232548071747548, 0.0 ], [ 36.067392772536991, -0.232615971827988, 0.0 ], [ 36.067374572287498, -0.232685671633199, 0.0 ], [ 36.06735617236, -0.232757471221033, 0.0 ], [ 36.067337472786164, -0.232828671697455, 0.0 ], [ 36.067317772721907, -0.232898771452933, 0.0 ], [ 36.06729857304866, -0.232970871746359, 0.0 ], [ 36.067281072864667, -0.233044772240678, 0.0 ], [ 36.067265373140074, -0.233118271934568, 0.0 ], [ 36.067249672799662, -0.233190372043301, 0.0 ], [ 36.067234773211446, -0.23325717215263, 0.0 ], [ 36.067221672803967, -0.233316672937578, 0.0 ], [ 36.067209773025169, -0.233372872436564, 0.0 ], [ 36.067197973455905, -0.233430572734489, 0.0 ], [ 36.067185673059299, -0.233488372316401, 0.0 ], [ 36.06717267367717, -0.233540972785193, 0.0 ], [ 36.067161073338312, -0.233585572700685, 0.0 ], [ 36.067150773093324, -0.233623273457806, 0.0 ], [ 36.067141273216038, -0.233657573457617, 0.0 ], [ 36.067132273649285, -0.23369427336186, 0.0 ], [ 36.067124373409094, -0.233735872485626, 0.0 ], [ 36.067118173756761, -0.233782672735812, 0.0 ], [ 36.067110973201338, -0.233834772036647, 0.0 ], [ 36.067101173646037, -0.233890471400689, 0.0 ], [ 36.067086873291281, -0.233949772238591, 0.0 ], [ 36.067066773497757, -0.234012471886224, 0.0 ], [ 36.067042873137865, -0.234077871419448, 0.0 ], [ 36.067019473715014, -0.234146971951528, 0.0 ], [ 36.066999172815741, -0.234218670802449, 0.0 ], [ 36.066976573315586, -0.234290871539242, 0.0 ], [ 36.066950273466738, -0.2343628709157, 0.0 ], [ 36.066924973179759, -0.234436070397332, 0.0 ], [ 36.066900973280902, -0.234509670414945, 0.0 ], [ 36.066879072832265, -0.2345822697461, 0.0 ], [ 36.066861873247952, -0.234655970567004, 0.0 ], [ 36.066844373151056, -0.234724569939937, 0.0 ], [ 36.066821573156645, -0.234785270366299, 0.0 ], [ 36.066797373082686, -0.234845870204756, 0.0 ], [ 36.066780572930377, -0.234910570041515, 0.0 ], [ 36.06676627370976, -0.234977170542526, 0.0 ], [ 36.066746973450144, -0.235040270588009, 0.0 ], [ 36.066725773710843, -0.235096469905072, 0.0 ], [ 36.066704873269181, -0.235150570361025, 0.0 ], [ 36.066683173370301, -0.23520797037264, 0.0 ], [ 36.066661373855673, -0.235269670303819, 0.0 ], [ 36.066638073493387, -0.235332470428766, 0.0 ], [ 36.066614973455998, -0.235394370668096, 0.0 ], [ 36.066595173929926, -0.235454270257508, 0.0 ], [ 36.066575373958351, -0.235511969726835, 0.0 ], [ 36.066556373903019, -0.235568469462166, 0.0 ], [ 36.06654097358544, -0.235625569900452, 0.0 ], [ 36.0665310735342, -0.235685069483441, 0.0 ], [ 36.06652717371702, -0.235746670149436, 0.0 ], [ 36.066526473518692, -0.235808069997318, 0.0 ], [ 36.066522473630968, -0.235867469620294, 0.0 ], [ 36.066511774123967, -0.235925869425383, 0.0 ], [ 36.066492673611144, -0.235981969764912, 0.0 ], [ 36.066466873853372, -0.236035269530993, 0.0 ], [ 36.066442473775403, -0.23609057002402, 0.0 ], [ 36.066424473821549, -0.236149870019753, 0.0 ], [ 36.066408574181352, -0.236212669861614, 0.0 ], [ 36.066389373628233, -0.23627936958474, 0.0 ], [ 36.066368274177769, -0.2363493695336, 0.0 ], [ 36.066347274112722, -0.236416169165929, 0.0 ], [ 36.066324674485877, -0.236475369697125, 0.0 ], [ 36.066296774628285, -0.236532669871151, 0.0 ], [ 36.066265974474263, -0.236592269841095, 0.0 ], [ 36.066234574037381, -0.236651169438699, 0.0 ], [ 36.066202874647942, -0.236710469237434, 0.0 ], [ 36.066170974486724, -0.236768469701893, 0.0 ], [ 36.066138474770966, -0.236822269484981, 0.0 ], [ 36.066103274877939, -0.236874169456963, 0.0 ], [ 36.066068374164715, -0.236928869555019, 0.0 ], [ 36.066034073982195, -0.236987369156155, 0.0 ], [ 36.065998474722527, -0.237047768621079, 0.0 ], [ 36.06596427409675, -0.237110868150616, 0.0 ], [ 36.065930074742283, -0.237176468671103, 0.0 ], [ 36.065896174855823, -0.237239168892085, 0.0 ], [ 36.065863974721076, -0.237293768342219, 0.0 ], [ 36.065835274719767, -0.23734456914955, 0.0 ], [ 36.065810274515009, -0.237393868151768, 0.0 ], [ 36.065783874482825, -0.237441869374721, 0.0 ], [ 36.06575487508799, -0.237490868455475, 0.0 ], [ 36.06572767481903, -0.237541569277025, 0.0 ], [ 36.065703875041464, -0.237592868957837, 0.0 ], [ 36.06567987505715, -0.237644468568714, 0.0 ], [ 36.06565267474074, -0.237695369064818, 0.0 ], [ 36.065625074660964, -0.23774376938328, 0.0 ], [ 36.065596674638719, -0.237789169782756, 0.0 ], [ 36.065566275074467, -0.23783416948901, 0.0 ], [ 36.065534874986426, -0.237882568994972, 0.0 ], [ 36.065499874928712, -0.237935769137343, 0.0 ], [ 36.065462075029536, -0.237995869003852, 0.0 ], [ 36.065423974608969, -0.238063869339695, 0.0 ], [ 36.065387275134512, -0.238136368684119, 0.0 ], [ 36.065351175184169, -0.23820886905445, 0.0 ], [ 36.065313075567246, -0.238277268739842, 0.0 ], [ 36.065275475499995, -0.238343069047764, 0.0 ], [ 36.065238374979764, -0.238410568108503, 0.0 ], [ 36.065199475368964, -0.238480468386329, 0.0 ], [ 36.06515737527976, -0.238550368882627, 0.0 ], [ 36.065111575016608, -0.238619268370702, 0.0 ], [ 36.065066075307165, -0.238688668476843, 0.0 ], [ 36.065023575675831, -0.23875926820968, 0.0 ], [ 36.064982575738043, -0.238829967645292, 0.0 ], [ 36.064940975686007, -0.238899167978584, 0.0 ], [ 36.064897575777174, -0.238965867834749, 0.0 ], [ 36.064856875578521, -0.239032367674916, 0.0 ], [ 36.064822475784354, -0.239098967337837, 0.0 ], [ 36.06479327606278, -0.239165667493405, 0.0 ], [ 36.064764775733543, -0.239235467831989, 0.0 ], [ 36.0647346758929, -0.239306067456575, 0.0 ], [ 36.064703775824839, -0.239370767710045, 0.0 ], [ 36.064674575683412, -0.239430867509501, 0.0 ], [ 36.064649076171129, -0.23948976729389, 0.0 ], [ 36.064622676159154, -0.239545866820725, 0.0 ], [ 36.064590976118453, -0.23959916695798, 0.0 ], [ 36.064552575702237, -0.239650867303672, 0.0 ], [ 36.064509076542869, -0.239702866531391, 0.0 ], [ 36.06446487576293, -0.23975806683769, 0.0 ], [ 36.064421076301251, -0.239816866918095, 0.0 ], [ 36.064378875818321, -0.239877366888798, 0.0 ], [ 36.064339376090551, -0.239936966605613, 0.0 ], [ 36.064302076251153, -0.239995966839817, 0.0 ], [ 36.064263476433801, -0.240056866930479, 0.0 ], [ 36.064224676134529, -0.240119367138286, 0.0 ], [ 36.064186075805708, -0.240182667014653, 0.0 ], [ 36.064144376271017, -0.240246667367935, 0.0 ], [ 36.064102076699271, -0.240313067382026, 0.0 ], [ 36.064061276418798, -0.240381467239615, 0.0 ], [ 36.064019176264061, -0.240451268199349, 0.0 ], [ 36.063974076462387, -0.24052206782259, 0.0 ], [ 36.063927676427085, -0.240595968099748, 0.0 ], [ 36.063881877203166, -0.240672267389778, 0.0 ], [ 36.063835377348134, -0.240747067555531, 0.0 ], [ 36.063788676768326, -0.240820366897102, 0.0 ], [ 36.063743277893103, -0.240892068155125, 0.0 ], [ 36.063698477022932, -0.240962467539323, 0.0 ], [ 36.063653377544931, -0.241035868402341, 0.0 ], [ 36.063609377100761, -0.241115367464244, 0.0 ], [ 36.063563777150591, -0.241199868154522, 0.0 ], [ 36.063514077009636, -0.24128636748234, 0.0 ], [ 36.063461077344193, -0.241370167228686, 0.0 ], [ 36.063406078195889, -0.241449068465271, 0.0 ], [ 36.063350877400218, -0.241522367724449, 0.0 ], [ 36.06329077805907, -0.241587268454001, 0.0 ], [ 36.063221778071686, -0.241644567614817, 0.0 ], [ 36.063144878046536, -0.241698967425336, 0.0 ], [ 36.063061178596016, -0.241753368473043, 0.0 ], [ 36.062970978350037, -0.241804668078175, 0.0 ], [ 36.062874477830867, -0.241846867707869, 0.0 ], [ 36.062772178396784, -0.241877367095347, 0.0 ], [ 36.062668478594077, -0.241900767093, 0.0 ], [ 36.062567478189166, -0.241925466952255, 0.0 ], [ 36.06246877807655, -0.241954366032846, 0.0 ], [ 36.06237367850855, -0.241984267002183, 0.0 ], [ 36.062281578567891, -0.24201326688441, 0.0 ], [ 36.062191679461762, -0.242041466703781, 0.0 ], [ 36.062104379014315, -0.24206776694398, 0.0 ], [ 36.062017278586211, -0.24209466717012, 0.0 ], [ 36.061932679226679, -0.242122766019377, 0.0 ], [ 36.061847678409578, -0.242143767507864, 0.0 ], [ 36.061765679455455, -0.242153367027627, 0.0 ], [ 36.061687779271715, -0.242150767900051, 0.0 ], [ 36.061609179237507, -0.242143067262579, 0.0 ], [ 36.061530379922601, -0.242135566263874, 0.0 ], [ 36.061451978823527, -0.242129366441995, 0.0 ], [ 36.061369879603511, -0.242121066910428, 0.0 ], [ 36.06128647996038, -0.242108366884637, 0.0 ], [ 36.061202279418147, -0.242097265943673, 0.0 ], [ 36.061115779289132, -0.242087165623473, 0.0 ], [ 36.06102717986154, -0.24207316700306, 0.0 ], [ 36.060936479171133, -0.242056066096556, 0.0 ], [ 36.060844379614394, -0.242037466830299, 0.0 ], [ 36.060752579442344, -0.242016466036952, 0.0 ], [ 36.060661980035924, -0.241991667047703, 0.0 ], [ 36.06057188015501, -0.241964465672309, 0.0 ], [ 36.060480980081337, -0.241939766917584, 0.0 ], [ 36.060389179832235, -0.241919265790858, 0.0 ], [ 36.060299580162074, -0.24190336684056, 0.0 ], [ 36.060211981036296, -0.241891566753563, 0.0 ], [ 36.060124681168844, -0.241882167421793, 0.0 ], [ 36.06003638060384, -0.241872766971348, 0.0 ], [ 36.059948980614706, -0.241861566877218, 0.0 ], [ 36.059863280782508, -0.241848966674284, 0.0 ], [ 36.059779880610982, -0.241835065880681, 0.0 ], [ 36.059696380908861, -0.241820767512483, 0.0 ], [ 36.059611081080213, -0.241809566069903, 0.0 ], [ 36.059523580778865, -0.241801766860041, 0.0 ], [ 36.059435880730376, -0.241796365585013, 0.0 ], [ 36.059350081127562, -0.241788866716406, 0.0 ], [ 36.059264580883465, -0.241774866088667, 0.0 ], [ 36.05917718141734, -0.241753066659284, 0.0 ], [ 36.059089380967677, -0.241726165799041, 0.0 ], [ 36.059001181033743, -0.241699765413563, 0.0 ], [ 36.058912581552285, -0.241674165475528, 0.0 ], [ 36.05881838093844, -0.241652266106284, 0.0 ], [ 36.058725781096847, -0.241632065726916, 0.0 ], [ 36.058638382076481, -0.241608367090469, 0.0 ], [ 36.058553981452825, -0.2415810658162, 0.0 ], [ 36.058472882189676, -0.241547765801991, 0.0 ], [ 36.058394581431465, -0.241505465405987, 0.0 ], [ 36.058319982202185, -0.241453465490368, 0.0 ], [ 36.058249381829015, -0.241394766751466, 0.0 ], [ 36.058182482603229, -0.2413323661422, 0.0 ], [ 36.058120182253319, -0.24126936568203, 0.0 ], [ 36.058061382274261, -0.24120986716954, 0.0 ], [ 36.058001082725482, -0.241158166725644, 0.0 ], [ 36.057935982442842, -0.241115166266778, 0.0 ], [ 36.057867182113768, -0.241079165581784, 0.0 ], [ 36.057793282507895, -0.241050365856061, 0.0 ], [ 36.057713182022873, -0.241030565783262, 0.0 ], [ 36.057629482657035, -0.241018966296103, 0.0 ], [ 36.057544882476797, -0.241010366341526, 0.0 ], [ 36.057458982454783, -0.240998864867838, 0.0 ], [ 36.057374082174547, -0.24098346577556, 0.0 ], [ 36.057293282234518, -0.240965264812802, 0.0 ], [ 36.057215382682173, -0.240940064818417, 0.0 ], [ 36.057139482047702, -0.240905464916917, 0.0 ], [ 36.057065683159642, -0.240863264966401, 0.0 ], [ 36.056994482865811, -0.240815164617709, 0.0 ], [ 36.056924182320934, -0.240760664756835, 0.0 ], [ 36.056854782464278, -0.240699565704638, 0.0 ], [ 36.056785382199962, -0.240636164462615, 0.0 ], [ 36.056719483068179, -0.240572664592097, 0.0 ], [ 36.056663082587114, -0.240506764280796, 0.0 ], [ 36.056617683259155, -0.240437966004724, 0.0 ], [ 36.056577983184113, -0.240368265427008, 0.0 ], [ 36.056541882939641, -0.240298566530542, 0.0 ], [ 36.056506383156126, -0.240228666280063, 0.0 ], [ 36.056468283750881, -0.240161066769191, 0.0 ], [ 36.056426383091541, -0.240095266280915, 0.0 ], [ 36.056382384245943, -0.240028767821731, 0.0 ], [ 36.056336383268132, -0.239961466603173, 0.0 ], [ 36.056286884231568, -0.239892466906086, 0.0 ], [ 36.056232783583553, -0.23982006714677, 0.0 ], [ 36.056177184125481, -0.239747667976772, 0.0 ], [ 36.056126083889332, -0.239674767414328, 0.0 ], [ 36.05607818352955, -0.239604567292645, 0.0 ], [ 36.056029283659718, -0.239541467808922, 0.0 ], [ 36.055980084123078, -0.239490668026114, 0.0 ], [ 36.055928084335122, -0.239448767422911, 0.0 ], [ 36.05586748363001, -0.239408166970513, 0.0 ], [ 36.055798083083467, -0.239367366767245, 0.0 ], [ 36.05572228359744, -0.239321565967464, 0.0 ], [ 36.055646083431846, -0.239269166607039, 0.0 ], [ 36.055573483100055, -0.239216766216037, 0.0 ], [ 36.055505583293098, -0.239166866000154, 0.0 ], [ 36.055443683764871, -0.239118566320367, 0.0 ], [ 36.055386383512619, -0.239071966264676, 0.0 ], [ 36.055326084594029, -0.239030365707375, 0.0 ], [ 36.055260484393401, -0.239000666220728, 0.0 ], [ 36.055194383425622, -0.238987866251311, 0.0 ], [ 36.055131083950478, -0.238981566874619, 0.0 ], [ 36.055071385394413, -0.238974366544708, 0.0 ], [ 36.055016884073908, -0.238967766365589, 0.0 ], [ 36.054970985684292, -0.23896306724356, 0.0 ], [ 36.054932684329692, -0.238959367241, 0.0 ], [ 36.05489998522819, -0.238955067587982, 0.0 ], [ 36.05486778530004, -0.238949967514711, 0.0 ], [ 36.054831084613895, -0.238944168051996, 0.0 ], [ 36.054789285569449, -0.238937067321787, 0.0 ], [ 36.054743384590061, -0.238927667137093, 0.0 ], [ 36.054693983996287, -0.238915467975216, 0.0 ], [ 36.054635684021775, -0.238898466462293, 0.0 ], [ 36.054570784074265, -0.238876467024643, 0.0 ], [ 36.054504684904927, -0.238851066449346, 0.0 ], [ 36.054439384651246, -0.238824966715662, 0.0 ], [ 36.054376784425394, -0.238797066827618, 0.0 ], [ 36.05432118571526, -0.238759666925231, 0.0 ], [ 36.054273984189884, -0.238716666938419, 0.0 ], [ 36.05423868483367, -0.238666667145005, 0.0 ], [ 36.054211285407931, -0.238611266840286, 0.0 ], [ 36.054189085418294, -0.23854596587317, 0.0 ], [ 36.054167985016761, -0.238467066128715, 0.0 ], [ 36.054145685011676, -0.238382266991309, 0.0 ], [ 36.054127884136783, -0.238293066822808, 0.0 ], [ 36.054116084569571, -0.238204766946479, 0.0 ], [ 36.054107385061222, -0.238120067391232, 0.0 ], [ 36.054100485194105, -0.23803876729585, 0.0 ], [ 36.054094585348729, -0.237960667713565, 0.0 ], [ 36.05408968446045, -0.237886567363436, 0.0 ], [ 36.054082785003416, -0.237816068055114, 0.0 ], [ 36.05407028515333, -0.237745868432347, 0.0 ], [ 36.054054584902374, -0.237671169461034, 0.0 ], [ 36.054037884887016, -0.237596269695992, 0.0 ], [ 36.054018385200443, -0.237527569353543, 0.0 ], [ 36.053996986254518, -0.237463969933917, 0.0 ], [ 36.05397478653699, -0.237401370553094, 0.0 ], [ 36.053951986774038, -0.237336970314561, 0.0 ], [ 36.053926387012666, -0.237271771668802, 0.0 ], [ 36.053898985448583, -0.237204871299299, 0.0 ], [ 36.053871086861257, -0.237137071816549, 0.0 ], [ 36.053842587183965, -0.237068172615392, 0.0 ], [ 36.053815186633329, -0.237000673216514, 0.0 ], [ 36.053789286386738, -0.236934572801039, 0.0 ], [ 36.0537643868361, -0.236868473504126, 0.0 ], [ 36.053741987182597, -0.236800473715096, 0.0 ], [ 36.053722587451873, -0.236729974500263, 0.0 ], [ 36.053704088231527, -0.236657875329362, 0.0 ], [ 36.053684987899125, -0.236584774923945, 0.0 ], [ 36.053666087054964, -0.236510475580806, 0.0 ], [ 36.05364958704866, -0.236435875872762, 0.0 ], [ 36.053636088194807, -0.236361476480909, 0.0 ], [ 36.053622287697088, -0.236287477290138, 0.0 ], [ 36.053605187341311, -0.236212477198482, 0.0 ], [ 36.053584888626482, -0.236136077771588, 0.0 ], [ 36.05355718780433, -0.236057877860066, 0.0 ], [ 36.053521287741574, -0.235982978618781, 0.0 ], [ 36.053485888540997, -0.235916379299778, 0.0 ], [ 36.053456988362903, -0.23585687857076, 0.0 ], [ 36.053433688212962, -0.235798779494426, 0.0 ], [ 36.053415588519137, -0.235738679297924, 0.0 ], [ 36.053394487804631, -0.235669079677724, 0.0 ], [ 36.053370389055452, -0.235592880057773, 0.0 ], [ 36.053347889391823, -0.23551347957715, 0.0 ], [ 36.053327588193511, -0.235435879390881, 0.0 ], [ 36.053307188395685, -0.235361980038342, 0.0 ], [ 36.053288888236914, -0.235290378802481, 0.0 ], [ 36.053270688545865, -0.235214679186172, 0.0 ], [ 36.053251288888873, -0.235139078708035, 0.0 ], [ 36.053234288335211, -0.235062878794062, 0.0 ], [ 36.05321548885393, -0.234984078150386, 0.0 ], [ 36.053198188447226, -0.234908277537611, 0.0 ], [ 36.053183689120438, -0.234836678017848, 0.0 ], [ 36.053167688631966, -0.234767777023353, 0.0 ], [ 36.053151588414686, -0.234699377468024, 0.0 ], [ 36.053135887596376, -0.234630876803306, 0.0 ], [ 36.053119887282314, -0.234561076804144, 0.0 ], [ 36.053103288526614, -0.234490376767715, 0.0 ], [ 36.053088487537089, -0.234419176555504, 0.0 ], [ 36.05307528805313, -0.234346076561328, 0.0 ], [ 36.053062987805113, -0.234273177340446, 0.0 ], [ 36.053050387689176, -0.234200776805873, 0.0 ], [ 36.053036387766653, -0.234131376596389, 0.0 ], [ 36.053021188012337, -0.234065777280068, 0.0 ], [ 36.053003987848662, -0.234004077173665, 0.0 ], [ 36.052987287551005, -0.233946876743233, 0.0 ], [ 36.052970688387823, -0.233895376693675, 0.0 ], [ 36.052964978768046, -0.233878285567085, 0.0 ], [ 36.052954887119682, -0.233848077313956, 0.0 ], [ 36.052938388708668, -0.233799777584379, 0.0 ], [ 36.052922487042494, -0.233751876436788, 0.0 ], [ 36.052906687316629, -0.233705776946489, 0.0 ], [ 36.052891588052532, -0.233661977082366, 0.0 ], [ 36.052874387399285, -0.233619976608105, 0.0 ], [ 36.052857388720447, -0.233577776497647, 0.0 ], [ 36.052840388030191, -0.233540976774112, 0.0 ], [ 36.052822487503747, -0.233515575771264, 0.0 ], [ 36.052804187730317, -0.23349387643935, 0.0 ], [ 36.052783887367696, -0.233476976230409, 0.0 ], [ 36.052767386934548, -0.233464576383798, 0.0 ], [ 36.052757488714711, -0.233455076433042, 0.0 ], [ 36.052753387776846, -0.233452276447638, 0.0 ], [ 36.052752087401046, -0.233451875913414, 0.0 ], [ 36.052751286533919, -0.233453375602432, 0.0 ], [ 36.052750887905802, -0.233454074849667, 0.0 ], [ 36.052751686730623, -0.233453775948806, 0.0 ], [ 36.052751886993804, -0.233453175144532, 0.0 ], [ 36.052751986697373, -0.233452774902609, 0.0 ], [ 36.052752287520171, -0.233451975343313, 0.0 ], [ 36.052752387202943, -0.233451675392898, 0.0 ], [ 36.052752486885723, -0.23345137544243, 0.0 ], [ 36.052752587486758, -0.23345097520068, 0.0 ], [ 36.052752487009322, -0.233450775499976, 0.0 ], [ 36.052752487050526, -0.233450575820357, 0.0 ] ] ] } },
{ "type": "Feature", "properties": { "Name": null, "Type": "Murram", "Length_Km": 0.05660696579, "main__road": 0, "Type2": 0 }, "geometry": { "type": "MultiLineString", "coordinates": [ [ [ 36.059945624831215, -0.20257563376986, 0.0 ], [ 36.059944548339836, -0.202576576148357, 0.0 ], [ 36.059939482805937, -0.202581010601106, 0.0 ], [ 36.059935382666211, -0.20258831041392, 0.0 ], [ 36.059932182834139, -0.202594911053971, 0.0 ], [ 36.059928682769964, -0.202599110950796, 0.0 ], [ 36.059927682021829, -0.202604410898996, 0.0 ], [ 36.059927081999554, -0.202607210841696, 0.0 ], [ 36.059923981860123, -0.20261341123422, 0.0 ], [ 36.059920581549399, -0.202621911065795, 0.0 ], [ 36.059918471846181, -0.202626712691651, 0.0 ], [ 36.059916583402959, -0.202631010735872, 0.0 ], [ 36.059911682505273, -0.202639410907878, 0.0 ], [ 36.059906783313579, -0.202648310734244, 0.0 ], [ 36.059900982107891, -0.202657410982235, 0.0 ], [ 36.059893683061425, -0.202666110694386, 0.0 ], [ 36.059886582253547, -0.202675410388568, 0.0 ], [ 36.059880482884829, -0.202685611086435, 0.0 ], [ 36.059874982933188, -0.202696410935209, 0.0 ], [ 36.059869882311396, -0.202707510829119, 0.0 ], [ 36.059865283351236, -0.202718810494421, 0.0 ], [ 36.05986118327111, -0.202730810488264, 0.0 ], [ 36.059858483329783, -0.202742510761664, 0.0 ], [ 36.059857882672702, -0.202753910537307, 0.0 ], [ 36.059858283419075, -0.202766410997784, 0.0 ], [ 36.059858583628646, -0.202779010828752, 0.0 ], [ 36.059859181858407, -0.20279131074043, 0.0 ], [ 36.059860582444763, -0.202803610796986, 0.0 ], [ 36.059862882405895, -0.20281541045837, 0.0 ], [ 36.05986528295702, -0.202826810776103, 0.0 ], [ 36.059867282294121, -0.202838410702345, 0.0 ], [ 36.05986938213217, -0.202850110939024, 0.0 ], [ 36.05987188221539, -0.202862010928956, 0.0 ], [ 36.059874583300811, -0.20287411063625, 0.0 ], [ 36.059877282626744, -0.202886010662316, 0.0 ], [ 36.05988068298187, -0.202897411160984, 0.0 ], [ 36.059884383188063, -0.202908311156227, 0.0 ], [ 36.059887883342824, -0.202918711461297, 0.0 ], [ 36.059891482150256, -0.202929511146136, 0.0 ], [ 36.059893683439668, -0.202941010817113, 0.0 ], [ 36.059894781712678, -0.202952511192253, 0.0 ], [ 36.059895982370875, -0.202963611320584, 0.0 ], [ 36.059898382255156, -0.2029737105503, 0.0 ], [ 36.059901381716521, -0.202983510818837, 0.0 ], [ 36.059904181720881, -0.202994510944088, 0.0 ], [ 36.059906383027396, -0.203005911226587, 0.0 ], [ 36.059909782644645, -0.203016410902728, 0.0 ], [ 36.059914582650585, -0.203025211285183, 0.0 ], [ 36.059918882772003, -0.203033911285098, 0.0 ], [ 36.059923183683857, -0.203043211231574, 0.0 ], [ 36.059927582386514, -0.203052710876815, 0.0 ] ] ] } },
{ "type": "Feature", "properties": { "Name": null, "Type": "Murram", "Length_Km": 0.114173038, "main__road": 0, "Type2": 0 }, "geometry": { "type": "MultiLineString", "coordinates": [ [ [ 36.06324578255041, -0.21179491321831, 0.0 ], [ 36.063309982793719, -0.211786313713597, 0.0 ], [ 36.063375682330516, -0.211784813576504, 0.0 ], [ 36.063437683167585, -0.211784013886256, 0.0 ], [ 36.063478478841347, -0.211782095707569, 0.0 ], [ 36.063495082908588, -0.211781314998084, 0.0 ], [ 36.063552183205815, -0.211776914693492, 0.0 ], [ 36.063610783088471, -0.211773215815295, 0.0 ], [ 36.063670883152319, -0.21176701532595, 0.0 ], [ 36.06373248332261, -0.2117587162024, 0.0 ], [ 36.063795582423559, -0.211749816508076, 0.0 ], [ 36.063861483282714, -0.211742116333854, 0.0 ], [ 36.063930382823429, -0.211733617093121, 0.0 ], [ 36.063997483021851, -0.211724417270902, 0.0 ], [ 36.064055682695603, -0.21171561694116, 0.0 ], [ 36.064096382853641, -0.211707717754707, 0.0 ], [ 36.064118682861327, -0.211703117530013, 0.0 ], [ 36.064261749971074, -0.211674103760068, 0.0 ] ] ] } },
{ "type": "Feature", "properties": { "Name": null, "Type": "Murram", "Length_Km": 0.1301191649, "main__road": 0, "Type2": 0 }, "geometry": { "type": "MultiLineString", "coordinates": [ [ [ 36.071503371947422, -0.211881186448184, 0.0 ], [ 36.071552594538105, -0.211677572314787, 0.0 ], [ 36.071600113260565, -0.211534143759141, 0.0 ], [ 36.071701065089897, -0.211378771336928, 0.0 ], [ 36.071784211526889, -0.21119351356304, 0.0 ], [ 36.071867359042017, -0.211002277917947, 0.0 ], [ 36.071894775294631, -0.210786813240924, 0.0 ] ] ] } },
{ "type": "Feature", "properties": { "Name": null, "Type": "Murram", "Length_Km": 0.08448559634, "main__road": 0, "Type2": 0 }, "geometry": { "type": "MultiLineString", "coordinates": [ [ [ 36.04939738091015, -0.212933106005466, 0.0 ], [ 36.049361290632817, -0.21293799581864, 0.0 ], [ 36.04932019066792, -0.212941396088657, 0.0 ], [ 36.049278990524684, -0.21294299561389, 0.0 ], [ 36.049241191207713, -0.212943196226423, 0.0 ], [ 36.049202891397606, -0.21294179569736, 0.0 ], [ 36.049164490849883, -0.212936795505887, 0.0 ], [ 36.049128390927002, -0.212929795348732, 0.0 ], [ 36.049091790566891, -0.212920895887355, 0.0 ], [ 36.04905419093862, -0.212909195309431, 0.0 ], [ 36.049017391250167, -0.21289599503332, 0.0 ], [ 36.048981191156543, -0.212882394610732, 0.0 ], [ 36.048945291104566, -0.212867295298428, 0.0 ], [ 36.04891369100482, -0.212851595058246, 0.0 ], [ 36.048886190605302, -0.212835894695818, 0.0 ], [ 36.048861491023509, -0.212821394748029, 0.0 ], [ 36.04883939112905, -0.21280859482544, 0.0 ], [ 36.048819290675596, -0.212796593999656, 0.0 ], [ 36.048801190409797, -0.212786194600596, 0.0 ], [ 36.048783791059485, -0.212775893819389, 0.0 ], [ 36.048767190675058, -0.21276449360111, 0.0 ], [ 36.048753190503454, -0.212751993385048, 0.0 ], [ 36.048742390941307, -0.212738493576677, 0.0 ], [ 36.048735590729116, -0.212724093715419, 0.0 ], [ 36.048732890196945, -0.212709793118634, 0.0 ], [ 36.048732490171098, -0.212698892922395, 0.0 ], [ 36.048733190755065, -0.212691193219402, 0.0 ], [ 36.04873399024644, -0.212687292856048, 0.0 ] ] ] } },
{ "type": "Feature", "properties": { "Name": "Powerplant road", "Type": "Murram", "Length_Km": 3.5627743688, "main__road": 0, "Type2": 2 }, "geometry": { "type": "MultiLineString", "coordinates": [ [ [ 36.064321882491342, -0.208257313094631, 0.0 ], [ 36.064315882682081, -0.208208516452637, 0.0 ], [ 36.064312482435717, -0.208157418079498, 0.0 ], [ 36.064313882610158, -0.208102915163209, 0.0 ], [ 36.0643164817578, -0.208043918274267, 0.0 ], [ 36.064318483718466, -0.207981921530786, 0.0 ], [ 36.064325782689529, -0.207919922152516, 0.0 ], [ 36.06433318215926, -0.207858017663429, 0.0 ], [ 36.064339582275274, -0.207798519108588, 0.0 ], [ 36.064341382382345, -0.207740917131473, 0.0 ], [ 36.064338983549703, -0.207685821694552, 0.0 ], [ 36.064330382057257, -0.207631119958197, 0.0 ], [ 36.06431668336203, -0.207578220742003, 0.0 ], [ 36.064297183004626, -0.207526720938988, 0.0 ], [ 36.064270982720934, -0.20747592104633, 0.0 ], [ 36.064236783690951, -0.207426623166211, 0.0 ], [ 36.064192682276627, -0.207379119694459, 0.0 ], [ 36.064139184167317, -0.207331220551285, 0.0 ], [ 36.064080682381743, -0.207284122830934, 0.0 ], [ 36.064018182849814, -0.207238718510378, 0.0 ], [ 36.063951583728439, -0.207192420744557, 0.0 ], [ 36.063881983534287, -0.207145322800839, 0.0 ], [ 36.063811683334926, -0.207098018727371, 0.0 ], [ 36.063742784198311, -0.207050320975589, 0.0 ], [ 36.063676483165452, -0.207003417013113, 0.0 ], [ 36.063614283099938, -0.20695972046276, 0.0 ], [ 36.063551683398387, -0.206917418904106, 0.0 ], [ 36.063490083307443, -0.206876218041539, 0.0 ], [ 36.063428782890938, -0.206835516894176, 0.0 ], [ 36.063370082678318, -0.206793922631808, 0.0 ], [ 36.063307582843834, -0.206750318209663, 0.0 ], [ 36.063241785101873, -0.206704621498871, 0.0 ], [ 36.063173282699012, -0.206656816345652, 0.0 ], [ 36.063105183562456, -0.206607417434126, 0.0 ], [ 36.063036983392479, -0.206555917788037, 0.0 ], [ 36.062969984397611, -0.20650261671755, 0.0 ], [ 36.062904382465106, -0.206446222202169, 0.0 ], [ 36.062842182307392, -0.206388318509103, 0.0 ], [ 36.062781883149071, -0.206329820644577, 0.0 ], [ 36.062723482263223, -0.20627091654341, 0.0 ], [ 36.062665384230144, -0.206209818718567, 0.0 ], [ 36.062605383194104, -0.206145517516073, 0.0 ], [ 36.062543884875325, -0.20607771665143, 0.0 ], [ 36.062482884129849, -0.206007912746458, 0.0 ], [ 36.06242318388621, -0.205937915730602, 0.0 ], [ 36.062363582312884, -0.205868213292767, 0.0 ], [ 36.062304483388033, -0.205798217305161, 0.0 ], [ 36.06224618335871, -0.205727514906231, 0.0 ], [ 36.062189582317686, -0.205656616758219, 0.0 ], [ 36.062130583338529, -0.205584812835981, 0.0 ], [ 36.062067583660031, -0.205511213767972, 0.0 ], [ 36.062000282460907, -0.205436715807398, 0.0 ], [ 36.061930481800076, -0.205361911100284, 0.0 ], [ 36.061861382941302, -0.205287312536518, 0.0 ], [ 36.06179358273625, -0.205212812704274, 0.0 ], [ 36.061726682481144, -0.2051396159429, 0.0 ], [ 36.061659182414189, -0.205068012012999, 0.0 ], [ 36.061590983862864, -0.204997716282841, 0.0 ], [ 36.061524381988221, -0.204927211232154, 0.0 ], [ 36.061460482424955, -0.204856915398983, 0.0 ], [ 36.061399983244463, -0.204787812859634, 0.0 ], [ 36.061341783456101, -0.20471861045422, 0.0 ], [ 36.061285080934198, -0.204648014174375, 0.0 ], [ 36.061230683207704, -0.204577211411842, 0.0 ], [ 36.061179382399743, -0.204508216289299, 0.0 ], [ 36.061130581752394, -0.204440614878471, 0.0 ], [ 36.061082582869112, -0.204371312263599, 0.0 ], [ 36.061034884445412, -0.204298113667962, 0.0 ], [ 36.06098828237694, -0.204222015835352, 0.0 ], [ 36.060942282630798, -0.204145314557429, 0.0 ], [ 36.060896581693704, -0.20406890789223, 0.0 ], [ 36.060851781905697, -0.203992108359378, 0.0 ], [ 36.06080768226537, -0.203914709916365, 0.0 ], [ 36.060763184225578, -0.20383680904196, 0.0 ], [ 36.060717482556981, -0.203759408513364, 0.0 ], [ 36.060669583808277, -0.203682108788452, 0.0 ], [ 36.060619183029878, -0.20360380750054, 0.0 ], [ 36.060567181355275, -0.203524213875522, 0.0 ], [ 36.060514183446031, -0.203444713141413, 0.0 ], [ 36.060460882128574, -0.203365512333079, 0.0 ], [ 36.060407083652066, -0.203286011468877, 0.0 ], [ 36.060353084117288, -0.203206609964585, 0.0 ], [ 36.060299982736325, -0.203128510622783, 0.0 ], [ 36.060248183148573, -0.203053011894406, 0.0 ], [ 36.060199481738856, -0.202982315112165, 0.0 ], [ 36.060155583438366, -0.202918114708962, 0.0 ], [ 36.060116283762135, -0.202859611018819, 0.0 ], [ 36.060081083936211, -0.202805509186373, 0.0 ], [ 36.060049083200454, -0.202754010112252, 0.0 ], [ 36.060019384117901, -0.202704810949907, 0.0 ], [ 36.059991682439133, -0.202657912547583, 0.0 ], [ 36.059964683459803, -0.202611209437589, 0.0 ], [ 36.059937682445032, -0.202560808165959, 0.0 ], [ 36.059909583033118, -0.202504615047682, 0.0 ], [ 36.059881483364357, -0.20244480960453, 0.0 ], [ 36.059854082046449, -0.202384411572115, 0.0 ], [ 36.059826882573745, -0.202324507811933, 0.0 ], [ 36.059799884046654, -0.202265110069635, 0.0 ], [ 36.05977398393906, -0.202206313377801, 0.0 ], [ 36.05974888425002, -0.202148309231676, 0.0 ], [ 36.059726083680737, -0.202091706882424, 0.0 ], [ 36.059705483010376, -0.202039305458647, 0.0 ], [ 36.059687383582755, -0.201992307617071, 0.0 ], [ 36.059670884443264, -0.201950006631973, 0.0 ], [ 36.059656982739106, -0.201912206615431, 0.0 ], [ 36.059644981439547, -0.201877108506558, 0.0 ], [ 36.059634582720101, -0.201843910817382, 0.0 ], [ 36.059625183432814, -0.201812807698992, 0.0 ], [ 36.05961910543531, -0.20178351947314, 0.0 ], [ 36.059615138881398, -0.201761272863143, 0.0 ], [ 36.059614452073092, -0.201747370973997, 0.0 ], [ 36.059612209755919, -0.201729295384426, 0.0 ], [ 36.059611082034458, -0.201711711517297, 0.0 ], [ 36.059606982695286, -0.20168921279806, 0.0 ], [ 36.059602782708353, -0.201657308277735, 0.0 ], [ 36.059598181677693, -0.201614507072328, 0.0 ], [ 36.059592383841355, -0.201564107839755, 0.0 ], [ 36.059586383913832, -0.201509507140939, 0.0 ], [ 36.059580883465657, -0.201452210388626, 0.0 ], [ 36.059575383090632, -0.201389412021847, 0.0 ], [ 36.059570182408521, -0.201321909914391, 0.0 ], [ 36.059565181442991, -0.201251706278481, 0.0 ], [ 36.059559482613253, -0.201179309642557, 0.0 ], [ 36.059553382919205, -0.201105110386445, 0.0 ], [ 36.059549883302935, -0.201030611623486, 0.0 ], [ 36.059547683248731, -0.200956107672357, 0.0 ], [ 36.059547083060899, -0.200883609851859, 0.0 ], [ 36.059548082882941, -0.200812306788696, 0.0 ], [ 36.059548781142745, -0.200741009092652, 0.0 ], [ 36.059549182100106, -0.200671007913866, 0.0 ], [ 36.05954718186004, -0.200603312123344, 0.0 ], [ 36.059541881737346, -0.200539612071999, 0.0 ], [ 36.059533382287007, -0.200479707193898, 0.0 ], [ 36.059520681151469, -0.200422811236565, 0.0 ], [ 36.059503381660747, -0.200368810284495, 0.0 ], [ 36.059481580708031, -0.200317911264698, 0.0 ], [ 36.059457182699319, -0.200270506650682, 0.0 ], [ 36.05942988187018, -0.200225009783459, 0.0 ], [ 36.059401581325119, -0.200179005858086, 0.0 ], [ 36.059374480986335, -0.200131506801319, 0.0 ], [ 36.059349182383855, -0.200081307407014, 0.0 ], [ 36.059326282541718, -0.20002730637444, 0.0 ], [ 36.059306581033987, -0.199970009824449, 0.0 ], [ 36.059291782812295, -0.199911005568102, 0.0 ], [ 36.059282681202191, -0.199850608175427, 0.0 ], [ 36.059280281569272, -0.199787808577806, 0.0 ], [ 36.059283181399202, -0.199721106659598, 0.0 ], [ 36.059289182544866, -0.19965160343596, 0.0 ], [ 36.059296082195168, -0.199581408264865, 0.0 ], [ 36.059302982865979, -0.199515606071482, 0.0 ], [ 36.05930888040956, -0.199458502916831, 0.0 ], [ 36.059314081575039, -0.199411204780388, 0.0 ], [ 36.059319781187298, -0.199372202974005, 0.0 ], [ 36.059321080644118, -0.199367700898672, 0.0 ], [ 36.059322379622813, -0.199360804460201, 0.0 ], [ 36.059326481035157, -0.199346102895646, 0.0 ], [ 36.059332479258934, -0.199323906859544, 0.0 ], [ 36.059341980221184, -0.199292402341865, 0.0 ], [ 36.059356980659516, -0.19925260165356, 0.0 ], [ 36.0593755809588, -0.199207505994294, 0.0 ], [ 36.059398679706156, -0.199161101911482, 0.0 ], [ 36.059422879846387, -0.199113703231806, 0.0 ], [ 36.059446380892474, -0.199066005356596, 0.0 ], [ 36.059469579606379, -0.199017599959139, 0.0 ], [ 36.059492780357409, -0.198967799504461, 0.0 ], [ 36.059516080302259, -0.198915299307489, 0.0 ], [ 36.059540178620672, -0.198859898003888, 0.0 ], [ 36.059564978242705, -0.198802400624421, 0.0 ], [ 36.059588377638669, -0.198745697200469, 0.0 ], [ 36.059608278543543, -0.198689402455859, 0.0 ], [ 36.059624378505987, -0.198633499170565, 0.0 ], [ 36.059638578234313, -0.198578996928055, 0.0 ], [ 36.059651779584371, -0.198526596126625, 0.0 ], [ 36.059661178691897, -0.198476897120709, 0.0 ], [ 36.059666178159979, -0.198427998770965, 0.0 ], [ 36.05966627843555, -0.198377898759483, 0.0 ], [ 36.059660477901474, -0.198326699009337, 0.0 ], [ 36.059646377479034, -0.198274899655446, 0.0 ], [ 36.059622577876873, -0.198223099494691, 0.0 ], [ 36.059589777447712, -0.198170697801891, 0.0 ], [ 36.059549777785605, -0.19811579657243, 0.0 ], [ 36.059508979060716, -0.198062593848643, 0.0 ], [ 36.059469478585072, -0.198011795659793, 0.0 ], [ 36.059431278119725, -0.197963598072459, 0.0 ], [ 36.059395177660136, -0.197916093868422, 0.0 ], [ 36.059360778979247, -0.197867794857941, 0.0 ], [ 36.059327977193064, -0.19781799536298, 0.0 ], [ 36.059297877939706, -0.197767094036233, 0.0 ], [ 36.059270378163269, -0.197714193650898, 0.0 ], [ 36.059241677289137, -0.197657590377869, 0.0 ], [ 36.059213376813545, -0.197600295975321, 0.0 ], [ 36.059183576718816, -0.197542491719185, 0.0 ], [ 36.059154877632551, -0.197485895683471, 0.0 ], [ 36.059126078183041, -0.197428391582241, 0.0 ], [ 36.059096376254395, -0.197368594158483, 0.0 ], [ 36.059066077202438, -0.197305294539019, 0.0 ], [ 36.059036677453946, -0.197236693149293, 0.0 ], [ 36.05901107684835, -0.197162495043376, 0.0 ], [ 36.058997603588274, -0.197108810462396, 0.0 ], [ 36.058991576185356, -0.197084794110537, 0.0 ], [ 36.05897307787788, -0.197002691343717, 0.0 ], [ 36.058952676853423, -0.196915593516023, 0.0 ], [ 36.058930176942724, -0.196821291455759, 0.0 ], [ 36.058907876562159, -0.196720091864185, 0.0 ], [ 36.058886078474458, -0.196615392078256, 0.0 ], [ 36.058866976126652, -0.196507288256296, 0.0 ], [ 36.058851175838704, -0.19639799325564, 0.0 ], [ 36.058837177752807, -0.196288389564828, 0.0 ], [ 36.058822875578599, -0.196177793744625, 0.0 ], [ 36.058806477481809, -0.196068788682583, 0.0 ], [ 36.058787277809039, -0.195962694317566, 0.0 ], [ 36.058765777449352, -0.195858993916805, 0.0 ], [ 36.058740577165658, -0.195757989016851, 0.0 ], [ 36.05870987754242, -0.195659390174564, 0.0 ], [ 36.058675476288215, -0.195562987181097, 0.0 ], [ 36.058639076888205, -0.195468492106767, 0.0 ], [ 36.058600577100229, -0.195375492019662, 0.0 ], [ 36.058561277746918, -0.195281888240116, 0.0 ], [ 36.058522076847055, -0.195184592650122, 0.0 ], [ 36.058483475704811, -0.195085888563859, 0.0 ], [ 36.058445676789901, -0.194987891186054, 0.0 ], [ 36.05840897624185, -0.19489078759909, 0.0 ], [ 36.058373677512698, -0.194793989655594, 0.0 ], [ 36.058338677050962, -0.194695391933326, 0.0 ], [ 36.05830417684372, -0.19459468726629, 0.0 ], [ 36.058272876210296, -0.194493788900135, 0.0 ], [ 36.058248075740238, -0.194394890278337, 0.0 ], [ 36.058239975472013, -0.194344854868983, 0.0 ], [ 36.058232177336919, -0.194296685306911, 0.0 ], [ 36.05822757571967, -0.194197889574538, 0.0 ], [ 36.058233175919618, -0.194098689920215, 0.0 ], [ 36.058245876771231, -0.194001087129622, 0.0 ], [ 36.058261376421207, -0.19390619180293, 0.0 ], [ 36.058277075846931, -0.193813389089056, 0.0 ], [ 36.058290776403517, -0.193721488656551, 0.0 ], [ 36.058303274402526, -0.193629087457466, 0.0 ], [ 36.058313175537101, -0.193533884858354, 0.0 ], [ 36.058319675740542, -0.193435385585479, 0.0 ], [ 36.058325375595778, -0.193335586894042, 0.0 ], [ 36.058331874681457, -0.193238282088577, 0.0 ], [ 36.05833937559018, -0.193144888846101, 0.0 ], [ 36.058347875499152, -0.193056181493263, 0.0 ], [ 36.058356474443983, -0.192970885894577, 0.0 ], [ 36.05836047385332, -0.192890284259238, 0.0 ], [ 36.05835437471017, -0.192814984625167, 0.0 ], [ 36.058337374254322, -0.192742086517506, 0.0 ], [ 36.058310074922325, -0.192664985219684, 0.0 ], [ 36.058281174227901, -0.192583984908771, 0.0 ], [ 36.058250473454166, -0.192501280231529, 0.0 ], [ 36.058216373646857, -0.192419985390428, 0.0 ], [ 36.058175673672146, -0.192344180189742, 0.0 ], [ 36.058124774684984, -0.192278686165716, 0.0 ], [ 36.058066672559868, -0.192223183981017, 0.0 ], [ 36.057999774134366, -0.192173084322646, 0.0 ], [ 36.057924572976319, -0.192123385321485, 0.0 ], [ 36.057851873291199, -0.192072684737559, 0.0 ], [ 36.057785873630273, -0.192020385150461, 0.0 ], [ 36.057725274682454, -0.191964982860365, 0.0 ], [ 36.057667473982853, -0.191904978462897, 0.0 ], [ 36.057611773266608, -0.19184047755231, 0.0 ], [ 36.057558273392374, -0.191774782554819, 0.0 ], [ 36.057506974041026, -0.191709784562192, 0.0 ], [ 36.057457973358552, -0.191643583463481, 0.0 ], [ 36.057409772382442, -0.191571778803466, 0.0 ], [ 36.057359673698805, -0.191491776083464, 0.0 ], [ 36.057305872104038, -0.191405678418743, 0.0 ], [ 36.05725167129193, -0.19131857958124, 0.0 ], [ 36.057198473263675, -0.19123507607472, 0.0 ], [ 36.05714297257073, -0.191155174563955, 0.0 ], [ 36.057085473982461, -0.1910757786986, 0.0 ], [ 36.057027473068416, -0.19099477718065, 0.0 ], [ 36.056973571876078, -0.190913776368048, 0.0 ], [ 36.056921773411389, -0.190833272862738, 0.0 ], [ 36.056871671622822, -0.190755574214007, 0.0 ], [ 36.056822271348672, -0.190679774913863, 0.0 ], [ 36.056773972138707, -0.190604874820743, 0.0 ], [ 36.056725971605005, -0.190531077092651, 0.0 ], [ 36.056680471647908, -0.190461573374716, 0.0 ], [ 36.056636772577633, -0.190394271872943, 0.0 ], [ 36.056592972038054, -0.190327276656142, 0.0 ], [ 36.05654867226626, -0.190256273296547, 0.0 ], [ 36.056510471107273, -0.190178771877569, 0.0 ], [ 36.05648357104274, -0.190096271333769, 0.0 ], [ 36.056467471835958, -0.190010772899387, 0.0 ], [ 36.056460672603656, -0.189923973149153, 0.0 ], [ 36.056466371640042, -0.189837969716981, 0.0 ], [ 36.056483871829556, -0.189751371948053, 0.0 ], [ 36.056508069630027, -0.189661371706698, 0.0 ], [ 36.056537570462218, -0.189567269422684, 0.0 ], [ 36.056570671043126, -0.189468171214659, 0.0 ], [ 36.056606572309221, -0.189365872262612, 0.0 ], [ 36.056646670002827, -0.189259470173118, 0.0 ], [ 36.056689970387083, -0.189150273090111, 0.0 ], [ 36.056735670261808, -0.189037970062443, 0.0 ], [ 36.056786170055709, -0.188930074354401, 0.0 ], [ 36.056839971981923, -0.188825874634278, 0.0 ], [ 36.056897670228693, -0.188725069222024, 0.0 ], [ 36.056956471081875, -0.188626672798753, 0.0 ], [ 36.057015870905119, -0.188531569837129, 0.0 ], [ 36.057074570999099, -0.188439975160117, 0.0 ], [ 36.057133171237339, -0.188349768280774, 0.0 ], [ 36.057191770505931, -0.188259968884203, 0.0 ], [ 36.057254268659968, -0.188174371552829, 0.0 ], [ 36.05731757038194, -0.18809227010989, 0.0 ], [ 36.057377368174947, -0.188010974021044, 0.0 ], [ 36.057441470736642, -0.187932573559007, 0.0 ], [ 36.057508970872298, -0.187856072879614, 0.0 ], [ 36.057579069885094, -0.187781067970225, 0.0 ], [ 36.057649870797256, -0.187705670131966, 0.0 ], [ 36.057720469222573, -0.187628168827634, 0.0 ], [ 36.057788168857947, -0.187550068890952, 0.0 ], [ 36.057854869964686, -0.187469674710008, 0.0 ], [ 36.057920069779378, -0.187393468139962, 0.0 ], [ 36.057982068423243, -0.187321670263834, 0.0 ], [ 36.058037269284057, -0.187256570034174, 0.0 ], [ 36.058090069295758, -0.187191871469684, 0.0 ], [ 36.058142370384616, -0.187126671355372, 0.0 ], [ 36.058197670911447, -0.187061271149904, 0.0 ], [ 36.058257067366377, -0.186991674711493, 0.0 ], [ 36.058320867836194, -0.186916368673121, 0.0 ], [ 36.058387767905884, -0.186837568277577, 0.0 ], [ 36.058454769016265, -0.186755572094492, 0.0 ], [ 36.058521868263135, -0.186671667656685, 0.0 ], [ 36.05859046766853, -0.186584970638106, 0.0 ], [ 36.058661168403887, -0.186496371117363, 0.0 ], [ 36.058733468412093, -0.186408072726693, 0.0 ], [ 36.058806568227439, -0.186318873634539, 0.0 ], [ 36.058879268739126, -0.186229173003382, 0.0 ], [ 36.058951267248652, -0.186140467033664, 0.0 ], [ 36.059022966742987, -0.186052669053236, 0.0 ], [ 36.059093167834881, -0.185967872350082, 0.0 ], [ 36.05916116777545, -0.185886170776323, 0.0 ], [ 36.059228666572096, -0.185806568920502, 0.0 ], [ 36.059294868037753, -0.185729768696908, 0.0 ], [ 36.059359967841701, -0.185655670749949, 0.0 ], [ 36.059422865253595, -0.185581273360924, 0.0 ], [ 36.059480865392011, -0.18551036911869, 0.0 ], [ 36.05953666729841, -0.18544117399148, 0.0 ], [ 36.059590467737081, -0.185372372467705, 0.0 ], [ 36.059641667297704, -0.185303269631734, 0.0 ], [ 36.059688767186898, -0.185233774883811, 0.0 ], [ 36.059733067589555, -0.18516007010587, 0.0 ], [ 36.059776567358128, -0.185081269260513, 0.0 ], [ 36.059817266364703, -0.185000572334477, 0.0 ], [ 36.059852566019998, -0.184920170873505, 0.0 ], [ 36.059880266834824, -0.184838469780281, 0.0 ], [ 36.059904364990402, -0.184757567718316, 0.0 ], [ 36.059931566044177, -0.184680468232358, 0.0 ], [ 36.059961866261538, -0.184608070337526, 0.0 ], [ 36.059988864237731, -0.184537968679659, 0.0 ], [ 36.060010166803075, -0.184467471239771, 0.0 ], [ 36.060026867796495, -0.184392272859656, 0.0 ], [ 36.060038266900193, -0.184314071165367, 0.0 ], [ 36.060048066460872, -0.184237172103216, 0.0 ], [ 36.060058766547641, -0.184163667763804, 0.0 ], [ 36.060071266282527, -0.184094571155681, 0.0 ], [ 36.06008646669958, -0.184030171556969, 0.0 ], [ 36.060106165633911, -0.183969466338852, 0.0 ], [ 36.060131764372677, -0.183910568247606, 0.0 ], [ 36.060162265887691, -0.183852965719215, 0.0 ], [ 36.060196066072756, -0.183798470076417, 0.0 ], [ 36.060228664001528, -0.183747170937024, 0.0 ], [ 36.060262665104794, -0.183698964820668, 0.0 ], [ 36.060295963965345, -0.183653267700638, 0.0 ], [ 36.060328165018106, -0.183608665481852, 0.0 ], [ 36.06035836368779, -0.183564569816283, 0.0 ], [ 36.060387464808002, -0.183519964375909, 0.0 ], [ 36.060417265440691, -0.183473067684681, 0.0 ], [ 36.060447963308938, -0.183422167577316, 0.0 ], [ 36.060476962741653, -0.183368065064999, 0.0 ], [ 36.060506164220101, -0.183313263247292, 0.0 ], [ 36.060535364030038, -0.183257661798559, 0.0 ], [ 36.060563662917581, -0.183201064505347, 0.0 ], [ 36.060591663325219, -0.183142060145308, 0.0 ], [ 36.060620063784604, -0.183084465360843, 0.0 ], [ 36.060647862507075, -0.183029461811923, 0.0 ], [ 36.060673561981076, -0.182974560018106, 0.0 ], [ 36.060697462176421, -0.182918462553189, 0.0 ], [ 36.060721162149569, -0.182862860190099, 0.0 ], [ 36.060745062276489, -0.182807159371887, 0.0 ], [ 36.060769362136163, -0.182749263027471, 0.0 ], [ 36.060791662160675, -0.182687162209991, 0.0 ], [ 36.060813260680547, -0.18262296326907, 0.0 ], [ 36.060838461484913, -0.18256025664561, 0.0 ], [ 36.060866461141437, -0.182500158977341, 0.0 ], [ 36.06089465959117, -0.182442855067024, 0.0 ], [ 36.060922259796826, -0.182388758604407, 0.0 ], [ 36.060948059170862, -0.182337560386115, 0.0 ], [ 36.060974060993416, -0.182288754757788, 0.0 ], [ 36.061005062461568, -0.182241656713857, 0.0 ], [ 36.061040460109403, -0.18219285711982, 0.0 ], [ 36.061075959667647, -0.182140957511628, 0.0 ], [ 36.061111159427945, -0.182083653810452, 0.0 ], [ 36.06114636024234, -0.18202535621751, 0.0 ], [ 36.061179559638795, -0.181972755083799, 0.0 ], [ 36.061213058480689, -0.181927753626422, 0.0 ], [ 36.061245658905904, -0.181888551810988, 0.0 ], [ 36.061302259256863, -0.181826053514719, 0.0 ], [ 36.061322659734934, -0.18180595587064, 0.0 ], [ 36.061339459050039, -0.181788553792192, 0.0 ], [ 36.061355958809379, -0.181769857802826, 0.0 ], [ 36.061371958874695, -0.181749853413598, 0.0 ], [ 36.061386759328137, -0.181727755339608, 0.0 ], [ 36.061399560442716, -0.181703955585932, 0.0 ], [ 36.06141325811921, -0.181680351139959, 0.0 ], [ 36.061429458737251, -0.181657752731856, 0.0 ], [ 36.061449157806699, -0.181634953399432, 0.0 ], [ 36.061468757499647, -0.181616250677823, 0.0 ], [ 36.061484658264881, -0.181599855890596, 0.0 ], [ 36.061498259006363, -0.181587555552482, 0.0 ], [ 36.061510257409182, -0.181577248153801, 0.0 ], [ 36.061521959606516, -0.181567151230777, 0.0 ], [ 36.061533358436336, -0.181557151840378, 0.0 ], [ 36.061546358708533, -0.181545152281451, 0.0 ], [ 36.06156186004349, -0.181529051076473, 0.0 ], [ 36.061578758835594, -0.181512549830364, 0.0 ], [ 36.061594657439841, -0.181498454536403, 0.0 ], [ 36.061610858102355, -0.181486849433522, 0.0 ], [ 36.061627358383092, -0.181476148817241, 0.0 ], [ 36.061645059442903, -0.181465851370934, 0.0 ], [ 36.061661357533296, -0.181456754496268, 0.0 ], [ 36.061676056907032, -0.18144944997736, 0.0 ], [ 36.061687259335983, -0.181444154356744, 0.0 ], [ 36.061692957936991, -0.181441451898201, 0.0 ], [ 36.061693658877523, -0.181441452011202, 0.0 ], [ 36.061693858009306, -0.181442151379543, 0.0 ], [ 36.061694557122962, -0.181442352077057, 0.0 ], [ 36.06169495826942, -0.181442553630054, 0.0 ], [ 36.061695359432292, -0.181442652180082, 0.0 ], [ 36.061695658296813, -0.181442652228263, 0.0 ], [ 36.061695858437325, -0.181442652260525, 0.0 ], [ 36.061782095576682, -0.181432096037098, 0.0 ], [ 36.06185240963336, -0.181437350958668, 0.0 ], [ 36.061980012311693, -0.18147407664071, 0.0 ], [ 36.062060741318611, -0.181492442214036, 0.0 ], [ 36.06216751163997, -0.181518677371484, 0.0 ], [ 36.06226647045402, -0.181537045890257, 0.0 ], [ 36.062412303391731, -0.181571152740276, 0.0 ], [ 36.062500686357275, -0.181599226062709, 0.0 ] ] ] } },
{ "type": "Feature", "properties": { "Name": null, "Type": "Murram", "Length_Km": 3.66679025458, "main__road": 0, "Type2": 11 }, "geometry": { "type": "MultiLineString", "coordinates": [ [ [ 36.008573401696765, -0.187583224378626, 0.0 ], [ 36.008551332213052, -0.188044236201849, 0.0 ], [ 36.00854119230555, -0.188229056303625, 0.0 ], [ 36.008531392139218, -0.188410686231717, 0.0 ], [ 36.008522421860263, -0.188588306602926, 0.0 ], [ 36.008513871665599, -0.188759966710066, 0.0 ], [ 36.008505322237376, -0.18892692594856, 0.0 ], [ 36.00849777219365, -0.18909062646188, 0.0 ], [ 36.008491242264057, -0.189250555974436, 0.0 ], [ 36.008485031713882, -0.189405706070285, 0.0 ], [ 36.008479331843795, -0.189555236535301, 0.0 ], [ 36.008475061612366, -0.189699326418973, 0.0 ], [ 36.008471872002922, -0.189837456154407, 0.0 ], [ 36.008469531516454, -0.189969386277146, 0.0 ], [ 36.008466931820607, -0.190095036185836, 0.0 ], [ 36.008463582101683, -0.190213886288636, 0.0 ], [ 36.008459552102892, -0.190327466207999, 0.0 ], [ 36.008453522180488, -0.190438106724335, 0.0 ], [ 36.008446142174506, -0.19054002650767, 0.0 ], [ 36.00843860156187, -0.190631135987594, 0.0 ], [ 36.008427871697542, -0.190810096801956, 0.0 ], [ 36.008422342168821, -0.190906906753048, 0.0 ], [ 36.008416221709915, -0.191006066582009, 0.0 ], [ 36.008410102284685, -0.191104376224472, 0.0 ], [ 36.008407082361245, -0.191204296424116, 0.0 ], [ 36.008408171826822, -0.191309566003679, 0.0 ], [ 36.008407841994178, -0.191422556574534, 0.0 ], [ 36.00840406195119, -0.191543176531317, 0.0 ], [ 36.008397951726408, -0.191671336621686, 0.0 ], [ 36.008391072165864, -0.191805946601561, 0.0 ], [ 36.008383281684729, -0.191945756013949, 0.0 ], [ 36.008374981598216, -0.192089846077504, 0.0 ], [ 36.008366932103534, -0.192237866369773, 0.0 ], [ 36.008359641685573, -0.192386726135407, 0.0 ], [ 36.008354191710502, -0.19253676617951, 0.0 ], [ 36.0083490822839, -0.192689486036593, 0.0 ], [ 36.008343551731109, -0.192843376743537, 0.0 ], [ 36.008337432229339, -0.19299843646353, 0.0 ], [ 36.008330051630701, -0.193154426557321, 0.0 ], [ 36.008323771628277, -0.193308406573473, 0.0 ], [ 36.008319321909198, -0.1934600260857, 0.0 ], [ 36.008315131629999, -0.193611076442653, 0.0 ], [ 36.00830893190227, -0.193762366774541, 0.0 ], [ 36.008301392102609, -0.193914586561802, 0.0 ], [ 36.008293681825755, -0.194066466604356, 0.0 ], [ 36.008287471474006, -0.194211386411879, 0.0 ], [ 36.008283202156917, -0.194351866803345, 0.0 ], [ 36.008278421947715, -0.194488486485755, 0.0 ], [ 36.008274401812713, -0.194615056767905, 0.0 ], [ 36.008271631682888, -0.194726875968171, 0.0 ], [ 36.008270042308411, -0.194819656105699, 0.0 ], [ 36.008269542217256, -0.194965165990162, 0.0 ], [ 36.008266521967712, -0.1950597962242, 0.0 ], [ 36.0082680323058, -0.195152836210507, 0.0 ], [ 36.00826124213971, -0.195276726244002, 0.0 ], [ 36.008251102148918, -0.195444786464889, 0.0 ], [ 36.008248502161905, -0.195542846423091, 0.0 ], [ 36.008246321789223, -0.195643096517771, 0.0 ], [ 36.008244141893627, -0.195745696592811, 0.0 ], [ 36.008241792125538, -0.195854826168141, 0.0 ], [ 36.008238691788158, -0.195970746249675, 0.0 ], [ 36.008233742285341, -0.196094126128951, 0.0 ], [ 36.008228302365296, -0.196224886539386, 0.0 ], [ 36.008222761725001, -0.196361846687175, 0.0 ], [ 36.008216562266966, -0.196504336082204, 0.0 ], [ 36.008211281848787, -0.196651526503907, 0.0 ], [ 36.008207931924474, -0.196803236531246, 0.0 ], [ 36.008204162235671, -0.196958555929845, 0.0 ], [ 36.008198461539209, -0.197117136585629, 0.0 ], [ 36.008192591801652, -0.197277406737926, 0.0 ], [ 36.008188572348892, -0.197433896108986, 0.0 ], [ 36.008186141704456, -0.197583336725164, 0.0 ], [ 36.008184121474578, -0.197725996713145, 0.0 ], [ 36.008183121882318, -0.197862126449346, 0.0 ], [ 36.00818588203412, -0.197991206014778, 0.0 ], [ 36.008191922011797, -0.198117095942149, 0.0 ], [ 36.008194771922923, -0.198245926161695, 0.0 ], [ 36.0081887315974, -0.198380376306209, 0.0 ], [ 36.008177921953937, -0.19852135602554, 0.0 ], [ 36.008167862279272, -0.198668966598398, 0.0 ], [ 36.008159562262207, -0.198822856748804, 0.0 ], [ 36.008151521589149, -0.198981776678647, 0.0 ], [ 36.008143721710141, -0.199144046794643, 0.0 ], [ 36.008136601682949, -0.199308506190036, 0.0 ], [ 36.008128971582721, -0.199474636046006, 0.0 ], [ 36.008117821575759, -0.199641266700423, 0.0 ], [ 36.008106762305665, -0.19980722607413, 0.0 ], [ 36.008097621618973, -0.199973946531335, 0.0 ], [ 36.00808949170338, -0.200144176328351, 0.0 ], [ 36.008083041854555, -0.200319025977518, 0.0 ], [ 36.008078091730042, -0.200498236144873, 0.0 ], [ 36.008072982128731, -0.200680786487954, 0.0 ], [ 36.008067032002629, -0.200866026369163, 0.0 ], [ 36.008061162344163, -0.201052775996449, 0.0 ], [ 36.008054291937917, -0.201239866055321, 0.0 ], [ 36.008046581475476, -0.201427026430695, 0.0 ], [ 36.008039791927409, -0.201613276252731, 0.0 ], [ 36.008031822077825, -0.201795246019482, 0.0 ], [ 36.008024531895259, -0.20197042617303, 0.0 ], [ 36.00801883212209, -0.202134796345594, 0.0 ], [ 36.008013551864188, -0.2022818963627, 0.0 ], [ 36.008008692130602, -0.202411146183829, 0.0 ], [ 36.008003161797234, -0.20252162675872, 0.0 ], [ 36.007994021835039, -0.202612736726426, 0.0 ], [ 36.007976922346906, -0.202763526230065, 0.0 ], [ 36.007976081939198, -0.202909206766982, 0.0 ], [ 36.007971391489598, -0.203069546639537, 0.0 ], [ 36.007968541833819, -0.203164846342174, 0.0 ], [ 36.007966192318392, -0.203268535953437, 0.0 ], [ 36.007963182026643, -0.203378506511628, 0.0 ], [ 36.007958992187412, -0.203490066092151, 0.0 ], [ 36.007953792339642, -0.203603646594842, 0.0 ], [ 36.007948421718325, -0.203723506326858, 0.0 ], [ 36.007942561481329, -0.203850995948336, 0.0 ], [ 36.007936691746032, -0.203986195958216, 0.0 ], [ 36.007930321835154, -0.204127846799339, 0.0 ], [ 36.007924542221296, -0.20427553668146, 0.0 ], [ 36.00791884146448, -0.204428676433827, 0.0 ], [ 36.007911461491453, -0.204587096777557, 0.0 ], [ 36.007903332135967, -0.204750366015647, 0.0 ], [ 36.007895622221199, -0.204916586130551, 0.0 ], [ 36.007888752186453, -0.205083386440356, 0.0 ], [ 36.007882632024504, -0.205252196251183, 0.0 ], [ 36.007877772105019, -0.205424526295178, 0.0 ], [ 36.00787282165777, -0.205600966300795, 0.0 ], [ 36.007867541976303, -0.205781426777684, 0.0 ], [ 36.007862261508258, -0.205965996329114, 0.0 ], [ 36.007855222212328, -0.206154336720949, 0.0 ], [ 36.007847262318698, -0.206346366794697, 0.0 ], [ 36.007838541680044, -0.206541496600335, 0.0 ], [ 36.007828982309064, -0.206739226492198, 0.0 ], [ 36.007818592218527, -0.206939896183857, 0.0 ], [ 36.007806941671596, -0.207142736723298, 0.0 ], [ 36.0077956218582, -0.207347666191364, 0.0 ], [ 36.007785561678944, -0.207554456179533, 0.0 ], [ 36.007779531639393, -0.207762656368647, 0.0 ], [ 36.007774251840715, -0.207970786224559, 0.0 ], [ 36.007769391628514, -0.208176136116424, 0.0 ], [ 36.007765362343783, -0.208377056347934, 0.0 ], [ 36.007758742192905, -0.208572606642325, 0.0 ], [ 36.007750532356248, -0.208764796551054, 0.0 ], [ 36.007739972206657, -0.208956246052628, 0.0 ], [ 36.007727562165371, -0.209148856185271, 0.0 ], [ 36.007716081578899, -0.209342896715713, 0.0 ], [ 36.007705431616976, -0.209538956701666, 0.0 ], [ 36.00769646211878, -0.209737266695119, 0.0 ], [ 36.007689761852959, -0.209937596418929, 0.0 ], [ 36.00768389227386, -0.210139595949392, 0.0 ], [ 36.00767819197398, -0.210343196495404, 0.0 ], [ 36.00767165146862, -0.210547626283288, 0.0 ], [ 36.007664862203661, -0.210752736349565, 0.0 ], [ 36.007658332153511, -0.210958426503935, 0.0 ], [ 36.007651452075322, -0.211164036177892, 0.0 ], [ 36.007645171739689, -0.211368136231256, 0.0 ], [ 36.007637962196284, -0.211569136227442, 0.0 ], [ 36.007630501967292, -0.211766776090954, 0.0 ], [ 36.007622451752489, -0.211961406310811, 0.0 ], [ 36.007615161993172, -0.212154186325209, 0.0 ], [ 36.007608372269146, -0.212345966269081, 0.0 ], [ 36.00760058228623, -0.21253548638749, 0.0 ], [ 36.007595551779545, -0.212721056071067, 0.0 ], [ 36.007590692202399, -0.212904286648585, 0.0 ], [ 36.007582051531436, -0.213088106473065, 0.0 ], [ 36.00757032157312, -0.21327317612792, 0.0 ], [ 36.00755800176676, -0.213459256670617, 0.0 ], [ 36.007547101566608, -0.213645996128719, 0.0 ], [ 36.007537631720282, -0.213833506537892, 0.0 ], [ 36.007529921499177, -0.21402226590931, 0.0 ], [ 36.007523462064796, -0.214212196444811, 0.0 ], [ 36.007516591710072, -0.214401376097399, 0.0 ], [ 36.00750779232277, -0.214587876522505, 0.0 ], [ 36.007497561796292, -0.214772696173264, 0.0 ], [ 36.007488172082596, -0.214957856600518, 0.0 ], [ 36.00748004222865, -0.215143675914849, 0.0 ], [ 36.007472421947533, -0.215330256064871, 0.0 ], [ 36.007464122053882, -0.215517936530923, 0.0 ], [ 36.00745582190428, -0.215706776172323, 0.0 ], [ 36.007448952011707, -0.215896876460031, 0.0 ], [ 36.00744283210981, -0.216088236358202, 0.0 ], [ 36.007435372072621, -0.216280686504219, 0.0 ], [ 36.007427571771927, -0.2164736362109, 0.0 ], [ 36.007420952268355, -0.216667676659841, 0.0 ], [ 36.007413991552461, -0.216862475971305, 0.0 ], [ 36.007406372076773, -0.217057266115571, 0.0 ], [ 36.007398322312241, -0.217249376419492, 0.0 ], [ 36.007389941762156, -0.2174347863699, 0.0 ], [ 36.007380721725276, -0.217608126422764, 0.0 ], [ 36.007371081561253, -0.217768136291574, 0.0 ], [ 36.007363031998267, -0.217921775960853, 0.0 ], [ 36.007356332291849, -0.218074825915673, 0.0 ], [ 36.007350041585639, -0.218228976400801, 0.0 ], [ 36.007345181920812, -0.218375826061668, 0.0 ], [ 36.007341831840371, -0.218508426169472, 0.0 ], [ 36.007338392188743, -0.218630886385782, 0.0 ], [ 36.007334372334611, -0.218750996507519, 0.0 ], [ 36.007329671954182, -0.218872365958794, 0.0 ], [ 36.007318781949159, -0.219121396469257, 0.0 ], [ 36.007311152000561, -0.219248636214957, 0.0 ], [ 36.007303271813875, -0.219375036566451, 0.0 ], [ 36.007295642034187, -0.219501266206252, 0.0 ], [ 36.007288851939308, -0.219629086154614, 0.0 ], [ 36.007282232293832, -0.219757166340683, 0.0 ], [ 36.007274941837771, -0.219882726556637, 0.0 ], [ 36.007263791781881, -0.22000199590044, 0.0 ], [ 36.00724376224337, -0.220112726388015, 0.0 ], [ 36.007210401498767, -0.22021229610205, 0.0 ], [ 36.007162372349597, -0.220300726456271, 0.0 ], [ 36.007101771522628, -0.220376586739245, 0.0 ], [ 36.006974202321224, -0.220474486002169, 0.0 ], [ 36.006888621860654, -0.220527875981712, 0.0 ], [ 36.006888599119492, -0.220528184208743, 0.0 ] ] ] } },
{ "type": "Feature", "properties": { "Name": "Direct use road", "Type": "Murram", "Length_Km": 0.82461252245000005, "main__road": 0, "Type2": 2 }, "geometry": { "type": "MultiLineString", "coordinates": [ [ [ 36.045269544784162, -0.205098434277604, 0.0 ], [ 36.045349231738413, -0.205079776724719, 0.0 ], [ 36.04545442177691, -0.205064356650627, 0.0 ], [ 36.045559032060645, -0.20506376597243, 0.0 ], [ 36.045664142086892, -0.20507894636248, 0.0 ], [ 36.045770252226355, -0.205107275895916, 0.0 ], [ 36.045874192228382, -0.205145746169093, 0.0 ], [ 36.045972261859362, -0.205193936367415, 0.0 ], [ 36.046062871980894, -0.205250186430319, 0.0 ], [ 36.046146181554327, -0.205308936110876, 0.0 ], [ 36.046221621508131, -0.205365606252002, 0.0 ], [ 36.046345922224184, -0.20546098596503, 0.0 ], [ 36.046456481811013, -0.20554053616432, 0.0 ], [ 36.046561171962573, -0.20561965612566, 0.0 ], [ 36.046658072035051, -0.205698536137652, 0.0 ], [ 36.046745071962995, -0.205777656484451, 0.0 ], [ 36.046820421653692, -0.205857036719329, 0.0 ], [ 36.04688639222131, -0.205929036164001, 0.0 ], [ 36.046953692246284, -0.205999446564877, 0.0 ], [ 36.047029382216977, -0.206087956089679, 0.0 ], [ 36.047117141601177, -0.206195665914005, 0.0 ], [ 36.047220991967784, -0.206317866720947, 0.0 ], [ 36.047343961890505, -0.206447036342928, 0.0 ], [ 36.04741545171207, -0.206510566341761, 0.0 ], [ 36.047495331735483, -0.206571086454827, 0.0 ], [ 36.047583262049486, -0.206627326265719, 0.0 ], [ 36.047678481758538, -0.206678376688978, 0.0 ], [ 36.047779231727539, -0.206724646695174, 0.0 ], [ 36.047882332346497, -0.206770156376803, 0.0 ], [ 36.047985762148606, -0.206816766619312, 0.0 ], [ 36.048087931592249, -0.206865036410356, 0.0 ], [ 36.048188771596195, -0.206914826594759, 0.0 ], [ 36.048285661913724, -0.20696394654518, 0.0 ], [ 36.048378951740943, -0.207011976186877, 0.0 ], [ 36.048471742192753, -0.207062096498985, 0.0 ], [ 36.048563771802407, -0.207120856178557, 0.0 ], [ 36.048650951498139, -0.207193946674392, 0.0 ], [ 36.048731582326667, -0.207281456219531, 0.0 ], [ 36.048799731989007, -0.207383046700964, 0.0 ], [ 36.04885169207548, -0.207493856467369, 0.0 ], [ 36.048887571959895, -0.207609606442746, 0.0 ], [ 36.048909361908343, -0.207727286447971, 0.0 ], [ 36.04891925192949, -0.207846056607716, 0.0 ], [ 36.048921682035527, -0.207964996148592, 0.0 ], [ 36.048926631498979, -0.208083186233196, 0.0 ], [ 36.04894423195244, -0.208200866375394, 0.0 ], [ 36.048978931625882, -0.20831636588692, 0.0 ], [ 36.049030401607141, -0.20842717652667, 0.0 ], [ 36.04909804177931, -0.208531696237432, 0.0 ], [ 36.049176161845608, -0.208631356047996, 0.0 ], [ 36.049257461750507, -0.208730686679055, 0.0 ], [ 36.049337842215387, -0.208832275965271, 0.0 ], [ 36.049413451785369, -0.20893805673121, 0.0 ], [ 36.049481931997825, -0.209047356312902, 0.0 ], [ 36.049544541491606, -0.209158166407804, 0.0 ], [ 36.049605561939316, -0.209266796011242, 0.0 ], [ 36.049669601514751, -0.209370556190059, 0.0 ], [ 36.049734221476236, -0.209470976156023, 0.0 ], [ 36.049794492216023, -0.209571476635924, 0.0 ], [ 36.049850061579967, -0.209673896236987, 0.0 ], [ 36.049909151793521, -0.209776156584364, 0.0 ], [ 36.049979731473506, -0.20987414632556, 0.0 ], [ 36.050063381912778, -0.20996827596011, 0.0 ], [ 36.050159271517856, -0.21006139595775, 0.0 ] ] ] } },
{ "type": "Feature", "properties": { "Name": "Direct use road", "Type": "Murram", "Length_Km": 0.20832035317, "main__road": 0, "Type2": 2 }, "geometry": { "type": "MultiLineString", "coordinates": [ [ [ 36.050159271517856, -0.21006139595775, 0.0 ], [ 36.050263372032589, -0.210150576333768, 0.0 ], [ 36.050372922217107, -0.210229285884858, 0.0 ], [ 36.050487591852907, -0.210292406072161, 0.0 ], [ 36.050604942063664, -0.210342186213042, 0.0 ], [ 36.050721532340219, -0.210381085958494, 0.0 ], [ 36.050835351888821, -0.210411426085903, 0.0 ], [ 36.050945241849085, -0.210439166034383, 0.0 ], [ 36.051051521993784, -0.210472526146719, 0.0 ], [ 36.051156461622675, -0.210513856020152, 0.0 ], [ 36.051262831722973, -0.210560706717518, 0.0 ], [ 36.051371382329222, -0.210609656726056, 0.0 ], [ 36.051480341902376, -0.210660196124063, 0.0 ], [ 36.051587552177743, -0.210711326108537, 0.0 ], [ 36.051690142350694, -0.210761706208351, 0.0 ], [ 36.051783601881446, -0.210810156470461, 0.0 ], [ 36.051845052846446, -0.21084293806824, 0.0 ] ] ] } },
{ "type": "Feature", "properties": { "Name": "Mvuke road", "Type": "Murram", "Length_Km": 0.33013841444000003, "main__road": 0, "Type2": 1 }, "geometry": { "type": "MultiLineString", "coordinates": [ [ [ 36.051845052846446, -0.21084293806824, 0.0 ], [ 36.051872532000978, -0.210857596647164, 0.0 ], [ 36.051962052288665, -0.210902266727814, 0.0 ], [ 36.052051482003996, -0.210941746033973, 0.0 ], [ 36.052142342105107, -0.210977536513471, 0.0 ], [ 36.052237562013858, -0.211009476082739, 0.0 ], [ 36.052335881640865, -0.211032856221754, 0.0 ], [ 36.052434122068, -0.211042996056255, 0.0 ], [ 36.052529421472379, -0.211043336580072, 0.0 ], [ 36.052621451658574, -0.211041995925563, 0.0 ], [ 36.052797392274222, -0.211059846658307, 0.0 ], [ 36.05288498154421, -0.211088426397655, 0.0 ], [ 36.052968131771834, -0.21113193610453, 0.0 ], [ 36.053045331880071, -0.211183986649813, 0.0 ], [ 36.053119091633256, -0.211237625859005, 0.0 ], [ 36.05319159221456, -0.211291276583268, 0.0 ], [ 36.053329641453708, -0.211403425975997, 0.0 ], [ 36.053464171641394, -0.21152529669661, 0.0 ], [ 36.053529301733391, -0.211590426295174, 0.0 ], [ 36.0535948416656, -0.211657226602832, 0.0 ], [ 36.053661401585018, -0.211726466638096, 0.0 ], [ 36.053725941537451, -0.21179904664478, 0.0 ], [ 36.053784441613516, -0.211875326370552, 0.0 ], [ 36.053833231804738, -0.211956296291318, 0.0 ], [ 36.053876062229072, -0.212039696486679, 0.0 ], [ 36.053925182219423, -0.212123176486539, 0.0 ], [ 36.053985862004403, -0.212205736180837, 0.0 ], [ 36.054057022096863, -0.212286376064334, 0.0 ], [ 36.054137992142302, -0.212364746345948, 0.0 ], [ 36.054194920136972, -0.212415292420419, 0.0 ] ] ] } },
{ "type": "Feature", "properties": { "Name": "Mvuke road", "Type": "Murram", "Length_Km": 0.45117967022, "main__road": 0, "Type2": 1 }, "geometry": { "type": "MultiLineString", "coordinates": [ [ [ 36.054194920136972, -0.212415292420419, 0.0 ], [ 36.054225502300042, -0.212442446556958, 0.0 ], [ 36.054317202070955, -0.212519385899565, 0.0 ], [ 36.054410821709695, -0.21259557659305, 0.0 ], [ 36.054505871897831, -0.212672025979811, 0.0 ], [ 36.0546035215757, -0.212746535995261, 0.0 ], [ 36.05470343161619, -0.212818456033798, 0.0 ], [ 36.054805442082035, -0.212888776333037, 0.0 ], [ 36.054823739623053, -0.21290063411743, 0.0 ], [ 36.054910221755961, -0.212956676615145, 0.0 ], [ 36.055018591875879, -0.213021966391261, 0.0 ], [ 36.055129321811521, -0.213085586001637, 0.0 ], [ 36.055240132151717, -0.213146436320206, 0.0 ], [ 36.055350522222952, -0.213203855866954, 0.0 ], [ 36.055465102217092, -0.213258926140107, 0.0 ], [ 36.055585971769254, -0.213314246091892, 0.0 ], [ 36.055711691845644, -0.213371746293312, 0.0 ], [ 36.05584027227691, -0.213433766510372, 0.0 ], [ 36.055971451481049, -0.213502505888358, 0.0 ], [ 36.056104641623506, -0.213577855894377, 0.0 ], [ 36.056237241889782, -0.213659245907543, 0.0 ], [ 36.056366072053258, -0.213744156279575, 0.0 ], [ 36.056490462241413, -0.213829645890132, 0.0 ], [ 36.056610231896912, -0.213916566733724, 0.0 ], [ 36.056727081806812, -0.214004666145836, 0.0 ], [ 36.05683814183709, -0.214088985902542, 0.0 ], [ 36.056940731772876, -0.214161656635752, 0.0 ], [ 36.057034782071788, -0.214215466340382, 0.0 ], [ 36.057118851681061, -0.21424874591262, 0.0 ], [ 36.057259661462716, -0.214262996214435, 0.0 ], [ 36.057384471967417, -0.214214045942017, 0.0 ], [ 36.057518081848222, -0.214139276208581, 0.0 ], [ 36.057668908733312, -0.214076402932433, 0.0 ] ] ] } },
{ "type": "Feature", "properties": { "Name": "Mvuke road", "Type": "Murram", "Length_Km": 2.7999287529000001, "main__road": 0, "Type2": 1 }, "geometry": { "type": "MultiLineString", "coordinates": [ [ [ 36.091070876030415, -0.196113785730645, 0.0 ], [ 36.091147701833421, -0.196106956345857, 0.0 ], [ 36.091296481865179, -0.196103096733901, 0.0 ], [ 36.09144718177086, -0.196104106732071, 0.0 ], [ 36.091599402007439, -0.196100326319695, 0.0 ], [ 36.091752871479557, -0.196086756053056, 0.0 ], [ 36.091907432171375, -0.196063706725324, 0.0 ], [ 36.092064091607106, -0.196033446441378, 0.0 ], [ 36.092222261642725, -0.195997566265501, 0.0 ], [ 36.092376322083886, -0.195955746269026, 0.0 ], [ 36.09251747176895, -0.195908636399355, 0.0 ], [ 36.092643451511151, -0.195862286506412, 0.0 ], [ 36.092757192012137, -0.19582540651592, 0.0 ], [ 36.092866831582178, -0.19580545672587, 0.0 ], [ 36.092975291724414, -0.195801936168892, 0.0 ], [ 36.093079731741071, -0.195809896462417, 0.0 ], [ 36.093180561795073, -0.195824066307299, 0.0 ], [ 36.093281981899388, -0.19583604602453, 0.0 ], [ 36.0933863419231, -0.195839566209698, 0.0 ], [ 36.093494132112255, -0.195833445990772, 0.0 ], [ 36.09360586180005, -0.195820376257332, 0.0 ], [ 36.093721361871694, -0.195802605941579, 0.0 ], [ 36.093842061944422, -0.195780896086561, 0.0 ], [ 36.093968041813781, -0.195755746373779, 0.0 ], [ 36.094096371539322, -0.195729766686035, 0.0 ], [ 36.094226961615348, -0.195706796240361, 0.0 ], [ 36.09436207162139, -0.195689026563542, 0.0 ], [ 36.094500631946389, -0.195680396098652, 0.0 ], [ 36.094640771665915, -0.195683836585187, 0.0 ], [ 36.094782432000812, -0.195691375890221, 0.0 ], [ 36.094922991893661, -0.195688946006091, 0.0 ], [ 36.095058781689239, -0.195669496705315, 0.0 ], [ 36.095186941615339, -0.195629356316518, 0.0 ], [ 36.095305961902341, -0.195569335972992, 0.0 ], [ 36.095416431782901, -0.195491976589062, 0.0 ], [ 36.095520872115934, -0.195398846275667, 0.0 ], [ 36.09562062224942, -0.195293736608863, 0.0 ], [ 36.095720032056505, -0.195178996692763, 0.0 ], [ 36.095822791843155, -0.19506164603365, 0.0 ], [ 36.095932842335579, -0.194948656292818, 0.0 ], [ 36.096051782193747, -0.194844306113786, 0.0 ], [ 36.096177591807901, -0.194749756229518, 0.0 ], [ 36.096307601773702, -0.194666106724674, 0.0 ], [ 36.096436602305531, -0.194591506213319, 0.0 ], [ 36.096559391676621, -0.194524196378704, 0.0 ], [ 36.096673721597575, -0.194464185875881, 0.0 ], [ 36.096780421533907, -0.194410536047748, 0.0 ], [ 36.096880081829454, -0.194359246018279, 0.0 ], [ 36.096973461992398, -0.194303756046143, 0.0 ], [ 36.097063391787316, -0.194244746094256, 0.0 ], [ 36.097152162130868, -0.194184896523762, 0.0 ], [ 36.097240592251417, -0.194120106197586, 0.0 ], [ 36.097326331923668, -0.194048105864651, 0.0 ], [ 36.097410322094596, -0.193972166586243, 0.0 ], [ 36.097494062262918, -0.19389915660846, 0.0 ], [ 36.097581561633966, -0.193834535949796, 0.0 ], [ 36.097675692306346, -0.19377812619469, 0.0 ], [ 36.097773092117393, -0.193724896628988, 0.0 ], [ 36.097872331653527, -0.193672846518084, 0.0 ], [ 36.097972332350359, -0.193620455883027, 0.0 ], [ 36.09807056173895, -0.193565726511618, 0.0 ], [ 36.098165361805229, -0.193505046573647, 0.0 ], [ 36.098253791695633, -0.193436476518582, 0.0 ], [ 36.098336771798223, -0.193362795867576, 0.0 ], [ 36.098416072328789, -0.193287536052763, 0.0 ], [ 36.098494271980847, -0.193215366232349, 0.0 ], [ 36.098572721648267, -0.193145546616539, 0.0 ], [ 36.098651182213786, -0.19307496619066, 0.0 ], [ 36.098731141934778, -0.193002626767256, 0.0 ], [ 36.098810852269125, -0.19292417647931, 0.0 ], [ 36.098886291898602, -0.192836756667699, 0.0 ], [ 36.098950832021906, -0.192743966014189, 0.0 ], [ 36.099006571518252, -0.192648326726613, 0.0 ], [ 36.0990589618348, -0.192550426142485, 0.0 ], [ 36.099106571733657, -0.192453786118698, 0.0 ], [ 36.09914646181744, -0.19235848657764, 0.0 ], [ 36.099177061689367, -0.192262926138279, 0.0 ], [ 36.09919768214656, -0.192166536344016, 0.0 ], [ 36.09920749149363, -0.192067466554995, 0.0 ], [ 36.099211682290566, -0.191968726522324, 0.0 ], [ 36.099215281974374, -0.191867806085641, 0.0 ], [ 36.09922173153948, -0.191759925962611, 0.0 ], [ 36.099234392256292, -0.191644765952001, 0.0 ], [ 36.099255092100904, -0.191523976269696, 0.0 ], [ 36.099282251937964, -0.191399926700022, 0.0 ], [ 36.099310252273185, -0.191273275899992, 0.0 ], [ 36.099331541833379, -0.191151986629656, 0.0 ], [ 36.09933497230432, -0.191037246114493, 0.0 ], [ 36.099318551887173, -0.190924836181831, 0.0 ], [ 36.099286441933039, -0.19081210647303, 0.0 ], [ 36.099240342062402, -0.190700796640941, 0.0 ], [ 36.099188792320859, -0.19059015635169, 0.0 ], [ 36.099140851923572, -0.190471546324738, 0.0 ], [ 36.099102121786849, -0.190342636296941, 0.0 ], [ 36.099071781933503, -0.190206676254186, 0.0 ], [ 36.099050832044774, -0.190070056375508, 0.0 ], [ 36.099041522264812, -0.189937876755879, 0.0 ], [ 36.099046641610236, -0.189813066311299, 0.0 ], [ 36.099065241761373, -0.189698906628797, 0.0 ], [ 36.099094502201787, -0.189598486525662, 0.0 ], [ 36.099129781913973, -0.189505956448662, 0.0 ], [ 36.099168342135108, -0.189418446217606, 0.0 ], [ 36.099246382272028, -0.189261366184477, 0.0 ], [ 36.099328351830387, -0.189125666048007, 0.0 ], [ 36.0994206415644, -0.188987026496632, 0.0 ], [ 36.099524071759944, -0.188840266615275, 0.0 ], [ 36.099583661749584, -0.188763906201437, 0.0 ], [ 36.099653151979489, -0.188684026222234, 0.0 ], [ 36.099735961737068, -0.188602296127011, 0.0 ], [ 36.09983068192124, -0.188524175928839, 0.0 ], [ 36.099938051491911, -0.188453355912211, 0.0 ], [ 36.10005657186305, -0.188393675985373, 0.0 ], [ 36.100185822183491, -0.18834463640814, 0.0 ], [ 36.100326971804954, -0.188307006310777, 0.0 ], [ 36.100478102132811, -0.188278926742753, 0.0 ], [ 36.100638192322386, -0.188257136566118, 0.0 ], [ 36.100807261527351, -0.188239786184659, 0.0 ], [ 36.100983951596007, -0.188228125912158, 0.0 ], [ 36.101165502097807, -0.188225536443336, 0.0 ], [ 36.101350071892767, -0.188233996290783, 0.0 ], [ 36.101532292252635, -0.188251935980555, 0.0 ], [ 36.101700932003403, -0.18827666645309, 0.0 ], [ 36.101855501893994, -0.18830876591344, 0.0 ], [ 36.102002852088511, -0.188352096440277, 0.0 ], [ 36.102147771632772, -0.188407506375167, 0.0 ], [ 36.102290681821692, -0.188472796507518, 0.0 ], [ 36.102429491628364, -0.188541196059059, 0.0 ], [ 36.102560081516323, -0.188606576349335, 0.0 ], [ 36.102682542262059, -0.188662646748259, 0.0 ], [ 36.102803992256923, -0.188703136760698, 0.0 ], [ 36.102928971840939, -0.188724006374161, 0.0 ], [ 36.10305738235499, -0.188724846249264, 0.0 ], [ 36.103187631701772, -0.188704976632105, 0.0 ], [ 36.103315371602285, -0.188662986325332, 0.0 ], [ 36.103451661736521, -0.18858553595409, 0.0 ], [ 36.103572702031016, -0.188508086658036, 0.0 ], [ 36.103676801584669, -0.188430386065681, 0.0 ], [ 36.1037721918252, -0.188356545875703, 0.0 ], [ 36.103865391808469, -0.188284535942706, 0.0 ], [ 36.103953491606781, -0.188204246653684, 0.0 ], [ 36.104038232353496, -0.188116065926107, 0.0 ], [ 36.104115762327559, -0.188017155916313, 0.0 ], [ 36.104184241610348, -0.187907435903509, 0.0 ], [ 36.104236632086774, -0.18778514638412, 0.0 ], [ 36.104272332300091, -0.187650955904429, 0.0 ], [ 36.104303102253894, -0.187512066044051, 0.0 ], [ 36.104335452257466, -0.187370575961824, 0.0 ], [ 36.104372331618059, -0.187226246694682, 0.0 ], [ 36.104414491486629, -0.187079556352057, 0.0 ], [ 36.104460172027736, -0.186929186335116, 0.0 ], [ 36.104508452257747, -0.186775886454218, 0.0 ], [ 36.104557742254286, -0.186622156625802, 0.0 ], [ 36.104606191726717, -0.186471036156331, 0.0 ], [ 36.104653382068001, -0.186324766735117, 0.0 ], [ 36.104697632116071, -0.186183956191764, 0.0 ], [ 36.104738031820126, -0.186053946285558, 0.0 ], [ 36.104772572112452, -0.185937276627226, 0.0 ], [ 36.104804422101942, -0.185828726004293, 0.0 ], [ 36.104834841756038, -0.185723706294366, 0.0 ], [ 36.104866531563843, -0.185617666654502, 0.0 ], [ 36.104901732242361, -0.185507536213425, 0.0 ], [ 36.104937521959819, -0.185390105917686, 0.0 ], [ 36.104972561792259, -0.185264206329362, 0.0 ], [ 36.105006252120688, -0.185130266546548, 0.0 ], [ 36.105034581578266, -0.18499028642374, 0.0 ], [ 36.105058052200441, -0.184847876710507, 0.0 ], [ 36.105074231690487, -0.184703036111592, 0.0 ], [ 36.105082951740847, -0.184558706627382, 0.0 ], [ 36.10508739218352, -0.18441553663408, 0.0 ], [ 36.105089231630025, -0.184272036416808, 0.0 ], [ 36.105088652305064, -0.184128036134718, 0.0 ], [ 36.105086381463259, -0.183987555890066, 0.0 ], [ 36.10508320182015, -0.183855796759968, 0.0 ], [ 36.105079261631218, -0.183731746769833, 0.0 ], [ 36.105075822043638, -0.183614646219979, 0.0 ], [ 36.105073981536201, -0.183505096160912, 0.0 ], [ 36.105073641609756, -0.183401666224556, 0.0 ], [ 36.105076581694689, -0.183300996318252, 0.0 ], [ 36.105082281794729, -0.183199496473018, 0.0 ], [ 36.105089991978005, -0.183094636571059, 0.0 ], [ 36.10509929230583, -0.182985756034594, 0.0 ], [ 36.105110691609362, -0.182873266069015, 0.0 ], [ 36.105123261817248, -0.182757346335572, 0.0 ], [ 36.105134081522138, -0.182637736138412, 0.0 ], [ 36.105142121919826, -0.182515946083213, 0.0 ], [ 36.105149672281982, -0.182393986076771, 0.0 ], [ 36.10515780229904, -0.182272876420855, 0.0 ], [ 36.105167192208, -0.1821531765338, 0.0 ], [ 36.105178591465616, -0.182034746481273, 0.0 ], [ 36.105190992021619, -0.181918406544014, 0.0 ], [ 36.105202892144426, -0.181805246188681, 0.0 ], [ 36.105213622186213, -0.181695866183321, 0.0 ], [ 36.105225781465265, -0.181589746485024, 0.0 ], [ 36.105240861997018, -0.181484806407837, 0.0 ], [ 36.105257042093655, -0.181379196053156, 0.0 ], [ 36.105271882161489, -0.181273665900532, 0.0 ], [ 36.105286884237493, -0.181170911539193, 0.0 ] ] ] } },
{ "type": "Feature", "properties": { "Name": "Camp road", "Type": "Murram", "Length_Km": 0.24178336154, "main__road": 0, "Type2": 2 }, "geometry": { "type": "MultiLineString", "coordinates": [ [ [ 36.089047031966359, -0.196878006434884, 0.0 ], [ 36.089189772198736, -0.196827876532955, 0.0 ], [ 36.089326141931842, -0.1967775060696, 0.0 ], [ 36.089457241762013, -0.19672545586919, 0.0 ], [ 36.089587571895926, -0.196671306557435, 0.0 ], [ 36.089718252157802, -0.196616656721642, 0.0 ], [ 36.089846991776042, -0.196563346512485, 0.0 ], [ 36.089970961927463, -0.196510536035555, 0.0 ], [ 36.09009367206216, -0.196457236502962, 0.0 ], [ 36.090216391457204, -0.196402325914948, 0.0 ], [ 36.090338591871529, -0.196343486552357, 0.0 ], [ 36.090461561837735, -0.196282466118879, 0.0 ], [ 36.09058703157595, -0.196225635904292, 0.0 ], [ 36.090718461673745, -0.196179625917651, 0.0 ], [ 36.09085668158383, -0.196143586056331, 0.0 ], [ 36.091000682074736, -0.196120026235597, 0.0 ], [ 36.091066680081717, -0.196114159079412, 0.0 ], [ 36.091070876030415, -0.196113785730645, 0.0 ] ] ] } },
{ "type": "Feature", "properties": { "Name": "Ring road", "Type": "Murram", "Length_Km": 0.86635622808000001, "main__road": 0, "Type2": 2 }, "geometry": { "type": "MultiLineString", "coordinates": [ [ [ 36.087068237528442, -0.197571364297059, 0.0 ], [ 36.087068888110743, -0.197572028523891, 0.0 ], [ 36.087069971942483, -0.197574141226094, 0.0 ], [ 36.087074309675799, -0.197579036543437, 0.0 ], [ 36.087079645392059, -0.197584227497431, 0.0 ], [ 36.087085092530366, -0.197588659484084, 0.0 ], [ 36.087088175206866, -0.197590280096746, 0.0 ], [ 36.087088238107604, -0.197589844593822, 0.0 ], [ 36.087087420382169, -0.197590377549236, 0.0 ] ], [ [ 36.072734135922154, -0.211217154787503, 0.0 ], [ 36.072745371104261, -0.21123032966237, 0.0 ], [ 36.072754210623955, -0.211239897140416, 0.0 ], [ 36.072768102677145, -0.211256486103393, 0.0 ], [ 36.072790916226943, -0.211285850142579, 0.0 ], [ 36.072821583332875, -0.211322667183984, 0.0 ], [ 36.072855578973837, -0.211361098581357, 0.0 ], [ 36.072891444041652, -0.211404754624389, 0.0 ], [ 36.072928160771006, -0.211453624280333, 0.0 ], [ 36.072962975648423, -0.211512433473472, 0.0 ], [ 36.072996166428084, -0.211578871893738, 0.0 ], [ 36.073025729472512, -0.211655162788, 0.0 ], [ 36.073056473237735, -0.211733545613234, 0.0 ], [ 36.073087993607707, -0.211815314169506, 0.0 ], [ 36.073119865444539, -0.211898965782968, 0.0 ], [ 36.07315835007865, -0.211987414658515, 0.0 ], [ 36.073198354016114, -0.212081574227061, 0.0 ], [ 36.07324069903926, -0.212178379821187, 0.0 ], [ 36.073282598219883, -0.21227398904562, 0.0 ], [ 36.073325970167481, -0.212369749446457, 0.0 ], [ 36.073369023304018, -0.212466541642522, 0.0 ], [ 36.073413533907456, -0.212558888680976, 0.0 ], [ 36.073456155145074, -0.212647048344154, 0.0 ], [ 36.073495943182031, -0.212734031967709, 0.0 ], [ 36.073531378304679, -0.212821139464913, 0.0 ], [ 36.073566969921572, -0.212911271161529, 0.0 ], [ 36.073601832034335, -0.213005300618338, 0.0 ], [ 36.073635380702136, -0.213101435092197, 0.0 ], [ 36.073666175026105, -0.213197044091393, 0.0 ], [ 36.073692105162074, -0.21328633097558, 0.0 ], [ 36.073709069305032, -0.213365664523597, 0.0 ], [ 36.073720268823237, -0.213430372204767, 0.0 ], [ 36.073726146521267, -0.213483472845072, 0.0 ], [ 36.073731111116246, -0.213533592518323, 0.0 ], [ 36.073734304888895, -0.213588768997513, 0.0 ], [ 36.073738003804991, -0.213649536708744, 0.0 ], [ 36.073741784803474, -0.213712895802781, 0.0 ], [ 36.073749090402636, -0.213780456145898, 0.0 ], [ 36.073764853284203, -0.21384737838411, 0.0 ], [ 36.073794535366673, -0.213910380072643, 0.0 ], [ 36.073832352213465, -0.21396484842211, 0.0 ], [ 36.073884939190023, -0.214014903954049, 0.0 ], [ 36.073944566492628, -0.214063283847383, 0.0 ], [ 36.074008929157635, -0.214106146694627, 0.0 ], [ 36.074074714877852, -0.214141494127843, 0.0 ], [ 36.074140929198585, -0.214169445224905, 0.0 ], [ 36.07421395208241, -0.214192063086736, 0.0 ], [ 36.074290807402306, -0.214204604437633, 0.0 ], [ 36.074366165903015, -0.214206443913388, 0.0 ], [ 36.074453776961441, -0.214204351679141, 0.0 ], [ 36.074540567518028, -0.214198487888992, 0.0 ], [ 36.074631739367753, -0.214194357026535, 0.0 ], [ 36.074722144003267, -0.214194248602711, 0.0 ], [ 36.074804893289155, -0.214197075248387, 0.0 ], [ 36.074880117007723, -0.214204726303294, 0.0 ], [ 36.074948814895592, -0.214208053555902, 0.0 ], [ 36.07501351207268, -0.21420469019455, 0.0 ], [ 36.07508056200821, -0.214199204849726, 0.0 ], [ 36.075145726653012, -0.214187003991591, 0.0 ], [ 36.075212855903708, -0.214165399396699, 0.0 ], [ 36.075281474703743, -0.214140660679955, 0.0 ], [ 36.075357850163748, -0.214104051738029, 0.0 ], [ 36.075436347566765, -0.214075748590943, 0.0 ], [ 36.075517716731675, -0.214058398773442, 0.0 ], [ 36.07560238335563, -0.214050512420402, 0.0 ], [ 36.075690870268247, -0.214054314164562, 0.0 ], [ 36.075779107781905, -0.214062375180099, 0.0 ], [ 36.075867038770753, -0.214073015763941, 0.0 ], [ 36.075953270305888, -0.214086246494985, 0.0 ], [ 36.076033645199757, -0.214096987748495, 0.0 ], [ 36.076110287752407, -0.214115318088503, 0.0 ], [ 36.076184966998184, -0.214140949620667, 0.0 ], [ 36.076258973197838, -0.214175752029953, 0.0 ], [ 36.076336795693045, -0.214224388472985, 0.0 ], [ 36.076421181068447, -0.214271308525493, 0.0 ], [ 36.076513844099367, -0.214318423515677, 0.0 ], [ 36.076611863058488, -0.214367605943043, 0.0 ], [ 36.076710731079146, -0.214416709931102, 0.0 ], [ 36.076811153455893, -0.214466507243477, 0.0 ], [ 36.076912964350221, -0.214515933470008, 0.0 ], [ 36.077015111974397, -0.214564519469681, 0.0 ], [ 36.077109282173019, -0.214610485479672, 0.0 ], [ 36.077193756308951, -0.214648581559406, 0.0 ], [ 36.077281866003773, -0.214683180702344, 0.0 ], [ 36.077373471929647, -0.214710649715405, 0.0 ], [ 36.077473208594164, -0.214727340048424, 0.0 ], [ 36.077570089567175, -0.214738380858268, 0.0 ], [ 36.077661166415588, -0.214744442918849, 0.0 ], [ 36.077745202174128, -0.214751378275203, 0.0 ], [ 36.077828066686102, -0.214753572491735, 0.0 ], [ 36.077910698628969, -0.214756412700937, 0.0 ], [ 36.077997861619423, -0.21476173943354, 0.0 ], [ 36.078084758645105, -0.214768716898913, 0.0 ], [ 36.078173664338429, -0.21478025314923, 0.0 ], [ 36.078263578772315, -0.214806474064526, 0.0 ], [ 36.078352527911221, -0.21484004697539, 0.0 ] ] ] } },
{ "type": "Feature", "properties": { "Name": "Ring road", "Type": "Murram", "Length_Km": 1.0380744260200001, "main__road": 0, "Type2": 2 }, "geometry": { "type": "MultiLineString", "coordinates": [ [ [ 36.078352527911221, -0.21484004697539, 0.0 ], [ 36.078436397202353, -0.214887790182884, 0.0 ], [ 36.078503776239529, -0.214947073094297, 0.0 ], [ 36.078555898344348, -0.215012306591107, 0.0 ], [ 36.078588702831674, -0.215075865752919, 0.0 ], [ 36.078601441322185, -0.215146540157278, 0.0 ], [ 36.078616168634738, -0.215222244998861, 0.0 ], [ 36.078613378088761, -0.215299651499433, 0.0 ], [ 36.078605726017862, -0.21537560416584, 0.0 ], [ 36.078601795802228, -0.215442549159048, 0.0 ], [ 36.078604096504449, -0.215492904376519, 0.0 ], [ 36.078610515370023, -0.215526809465836, 0.0 ], [ 36.078611907672673, -0.215534908240128, 0.0 ], [ 36.078613438465474, -0.215536785203326, 0.0 ], [ 36.078613669235935, -0.2155361943264, 0.0 ], [ 36.078614926389449, -0.21553753904708, 0.0 ] ], [ [ 36.078352527911221, -0.21484004697539, 0.0 ], [ 36.078473500749396, -0.214769669988321, 0.0 ], [ 36.078486445976139, -0.214767052158826, 0.0 ], [ 36.078494630683785, -0.21476520686168, 0.0 ], [ 36.078506323691919, -0.214763640524696, 0.0 ], [ 36.07851321678416, -0.214762347953719, 0.0 ], [ 36.078530702135907, -0.214756869448297, 0.0 ], [ 36.078555205025033, -0.214751743757671, 0.0 ], [ 36.078591131981646, -0.21474818337861, 0.0 ], [ 36.078640220468984, -0.214746777755401, 0.0 ], [ 36.078698996262304, -0.214747411476774, 0.0 ], [ 36.078769379142784, -0.214750016238302, 0.0 ], [ 36.078842109534371, -0.214754598411545, 0.0 ], [ 36.07891607383403, -0.21476007894749, 0.0 ], [ 36.078991374505435, -0.214765670874458, 0.0 ], [ 36.079069659468303, -0.214770858579193, 0.0 ], [ 36.079151354479748, -0.214773839561675, 0.0 ], [ 36.07923544665303, -0.214777276388861, 0.0 ], [ 36.079322642321507, -0.214781197205138, 0.0 ], [ 36.079412049042773, -0.214787313163712, 0.0 ], [ 36.079500908383636, -0.214797723589919, 0.0 ], [ 36.079589028148376, -0.214813116049521, 0.0 ], [ 36.079674437566972, -0.214837439584822, 0.0 ], [ 36.079758870700722, -0.21487027889463, 0.0 ], [ 36.079847099818366, -0.214915233727746, 0.0 ], [ 36.079933396663378, -0.214964673421761, 0.0 ], [ 36.080012351302521, -0.215017297643061, 0.0 ], [ 36.080085756028197, -0.215073258528952, 0.0 ], [ 36.08014455877808, -0.215126697543971, 0.0 ], [ 36.080192836550843, -0.215184399316785, 0.0 ], [ 36.080232930335306, -0.21524004395878, 0.0 ], [ 36.080258692233215, -0.215293463140385, 0.0 ], [ 36.080280556402833, -0.215350855395492, 0.0 ], [ 36.080287401628503, -0.215408479712712, 0.0 ], [ 36.080282844833121, -0.215466514778855, 0.0 ], [ 36.080269920413649, -0.215525371382718, 0.0 ], [ 36.080249927929081, -0.215585222348952, 0.0 ], [ 36.08022311239646, -0.21564608217994, 0.0 ], [ 36.080191716364403, -0.215704905434971, 0.0 ], [ 36.08015499495297, -0.215761421809738, 0.0 ], [ 36.080116161786556, -0.215817498651974, 0.0 ], [ 36.080075754941539, -0.21587064859087, 0.0 ], [ 36.08003144261793, -0.215921271453546, 0.0 ], [ 36.079985518561358, -0.215966119415978, 0.0 ], [ 36.079941501723852, -0.216006128325692, 0.0 ], [ 36.079900059658627, -0.216042320226093, 0.0 ], [ 36.079865542301782, -0.216076197649769, 0.0 ], [ 36.079843354280442, -0.216108626328725, 0.0 ], [ 36.079835570499931, -0.216140304201624, 0.0 ], [ 36.079842402346458, -0.216173484763568, 0.0 ], [ 36.079871537315164, -0.21620160429356, 0.0 ], [ 36.079905247688956, -0.21622544368116, 0.0 ], [ 36.0799459398918, -0.216248669089003, 0.0 ], [ 36.079987543323313, -0.216270533023047, 0.0 ], [ 36.080032837913244, -0.216293944542913, 0.0 ], [ 36.080084385697688, -0.216320751899395, 0.0 ], [ 36.080141212246552, -0.216349564343156, 0.0 ], [ 36.080199367797825, -0.216379483893109, 0.0 ], [ 36.080260032228793, -0.216407591404777, 0.0 ], [ 36.080323932523022, -0.216433878885325, 0.0 ], [ 36.080395433444352, -0.216452638539859, 0.0 ], [ 36.080471346424702, -0.21647190322283, 0.0 ], [ 36.08055503675029, -0.21648888522257, 0.0 ], [ 36.080640862597882, -0.216504049689912, 0.0 ], [ 36.080727834028124, -0.216517334089809, 0.0 ], [ 36.080813096820982, -0.216529497761078, 0.0 ], [ 36.080896968994196, -0.21653895322575, 0.0 ], [ 36.080978921772825, -0.216546452136121, 0.0 ], [ 36.081055278440395, -0.21655474871383, 0.0 ], [ 36.081124443371067, -0.216567819180798, 0.0 ], [ 36.081181825039671, -0.216580224184659, 0.0 ], [ 36.081240220437508, -0.216595054514741, 0.0 ], [ 36.081305482296735, -0.216616649241734, 0.0 ], [ 36.081377309017832, -0.21664046073658, 0.0 ], [ 36.081452901409051, -0.216670507459076, 0.0 ], [ 36.081533265625147, -0.216706542030609, 0.0 ], [ 36.081540901778169, -0.216710682459148, 0.0 ], [ 36.081614376865694, -0.216750521676779, 0.0 ], [ 36.081696586493827, -0.216800133375259, 0.0 ], [ 36.081778137524104, -0.216853591372728, 0.0 ], [ 36.081856803379793, -0.216910132645236, 0.0 ], [ 36.081927732815785, -0.216970845041602, 0.0 ], [ 36.081988314269836, -0.217034713371612, 0.0 ], [ 36.082040780589992, -0.217102545838121, 0.0 ], [ 36.08208199524185, -0.217172953982346, 0.0 ], [ 36.082118428271258, -0.217246456780979, 0.0 ], [ 36.082154377395021, -0.217325454892997, 0.0 ], [ 36.082187541166348, -0.217411165864031, 0.0 ], [ 36.082221064787916, -0.217501847347713, 0.0 ], [ 36.082251790683515, -0.217598216157001, 0.0 ], [ 36.082276242188321, -0.217694025368323, 0.0 ], [ 36.082293628270492, -0.217786265096453, 0.0 ], [ 36.082305866420974, -0.217877499989206, 0.0 ], [ 36.082314170393559, -0.217970762599383, 0.0 ], [ 36.082319922512298, -0.218069929430214, 0.0 ], [ 36.082322348161092, -0.218170620815711, 0.0 ], [ 36.082323917092332, -0.218273854631176, 0.0 ], [ 36.082322648102235, -0.218377015614609, 0.0 ], [ 36.082320323719131, -0.218479715582359, 0.0 ], [ 36.082317959715809, -0.218578342330163, 0.0 ], [ 36.082316398026393, -0.218672534600142, 0.0 ], [ 36.08231253600642, -0.218762053254441, 0.0 ], [ 36.08230498235519, -0.218847744651306, 0.0 ], [ 36.082295049499869, -0.218937605478056, 0.0 ], [ 36.082284959414608, -0.219032990588694, 0.0 ], [ 36.082274420991972, -0.21913084321074, 0.0 ], [ 36.082263711620797, -0.219230855286633, 0.0 ], [ 36.082251825305747, -0.21933243298752, 0.0 ], [ 36.082242477134017, -0.219438723201609, 0.0 ], [ 36.082228794870083, -0.219545053231982, 0.0 ], [ 36.082214164998405, -0.219650483138008, 0.0 ], [ 36.082198058461586, -0.219747867529149, 0.0 ], [ 36.082183738970464, -0.219830635508176, 0.0 ], [ 36.082174001379478, -0.219898755995406, 0.0 ], [ 36.082173341571931, -0.219950903452935, 0.0 ], [ 36.082189556434599, -0.219990619515292, 0.0 ] ] ] } },
{ "type": "Feature", "properties": { "Name": null, "Type": "Murram", "Length_Km": 0.00448520273, "main__road": 0, "Type2": 0 }, "geometry": { "type": "MultiLineString", "coordinates": [ [ [ 36.082189556434599, -0.219990619515292, 0.0 ], [ 36.082220360241763, -0.220016709243284, 0.0 ] ] ] } },
{ "type": "Feature", "properties": { "Name": "Ring road", "Type": "Murram", "Length_Km": 0.44099132407000002, "main__road": 0, "Type2": 2 }, "geometry": { "type": "MultiLineString", "coordinates": [ [ [ 36.082139190498289, -0.220636653714338, 0.0 ], [ 36.082136545862632, -0.220662922157346, 0.0 ], [ 36.082133686357174, -0.220686422979344, 0.0 ], [ 36.082133388954539, -0.220711413354736, 0.0 ], [ 36.082133333046066, -0.220736068559596, 0.0 ], [ 36.082134313244495, -0.220763402997663, 0.0 ], [ 36.082132160451131, -0.2207849631283, 0.0 ], [ 36.082131620693453, -0.220810084471294, 0.0 ], [ 36.082129579025626, -0.220832499383421, 0.0 ], [ 36.082127996717361, -0.220855770048707, 0.0 ], [ 36.082126490172776, -0.220877104417396, 0.0 ], [ 36.082124236998489, -0.2208979263263, 0.0 ], [ 36.082118724910103, -0.220923691833102, 0.0 ], [ 36.082111846660105, -0.220950241355461, 0.0 ], [ 36.082104523913529, -0.220977976250402, 0.0 ], [ 36.082095828871026, -0.221005726237034, 0.0 ], [ 36.082087558048322, -0.221030387966551, 0.0 ], [ 36.082078360093966, -0.221055068488945, 0.0 ], [ 36.082070204783456, -0.221076455769038, 0.0 ], [ 36.082063442102836, -0.221094772149129, 0.0 ], [ 36.082054509672965, -0.221115513237178, 0.0 ], [ 36.082045328865632, -0.221135047131267, 0.0 ], [ 36.082037445550995, -0.221156166108515, 0.0 ], [ 36.082027047908831, -0.221179369990595, 0.0 ], [ 36.082018634162438, -0.221200503320178, 0.0 ], [ 36.082009567140908, -0.221221055537867, 0.0 ], [ 36.081999688696342, -0.221241990702287, 0.0 ], [ 36.08198756344045, -0.221260062071432, 0.0 ], [ 36.08197398306698, -0.221279449629958, 0.0 ], [ 36.081958293654516, -0.221298273862404, 0.0 ], [ 36.081942343962048, -0.221317108885967, 0.0 ], [ 36.081928876583163, -0.221332322960484, 0.0 ], [ 36.081917395726748, -0.221345809833102, 0.0 ], [ 36.081906600176048, -0.221352034092453, 0.0 ], [ 36.081896690325713, -0.221358991305415, 0.0 ], [ 36.081886988300731, -0.22136800233157, 0.0 ], [ 36.081873737180779, -0.221378783623311, 0.0 ], [ 36.081854717729122, -0.221394404110173, 0.0 ], [ 36.081834897800533, -0.221409499476249, 0.0 ], [ 36.081812728416885, -0.221428074861672, 0.0 ], [ 36.081789231704697, -0.221446195499845, 0.0 ], [ 36.081764655765063, -0.221466494388224, 0.0 ], [ 36.081737224352409, -0.221484714547797, 0.0 ], [ 36.081709290780545, -0.221500629648441, 0.0 ], [ 36.081679873869682, -0.221515284906908, 0.0 ], [ 36.081651995162908, -0.22152595941892, 0.0 ], [ 36.081624400685158, -0.22153345167836, 0.0 ], [ 36.081598130174953, -0.221540216838146, 0.0 ], [ 36.081574898275967, -0.221548822223675, 0.0 ], [ 36.081553004026368, -0.221560205387621, 0.0 ], [ 36.081532710383094, -0.221569795315711, 0.0 ], [ 36.081515622210389, -0.221572344497345, 0.0 ], [ 36.081500318947157, -0.221576117437187, 0.0 ], [ 36.081487331609118, -0.221578075596686, 0.0 ], [ 36.081472499849554, -0.221580241211218, 0.0 ], [ 36.081458904248827, -0.221580916208668, 0.0 ], [ 36.081443793783137, -0.221580916859855, 0.0 ], [ 36.081428840190505, -0.221581906026745, 0.0 ], [ 36.081415115307372, -0.221582796043914, 0.0 ], [ 36.08139949843347, -0.221583900735202, 0.0 ], [ 36.081380463864356, -0.221584904462079, 0.0 ], [ 36.081357612020341, -0.221586780270669, 0.0 ], [ 36.08133329183385, -0.221588748856953, 0.0 ], [ 36.081308119719282, -0.221591712085742, 0.0 ], [ 36.081283692355953, -0.221595615153507, 0.0 ], [ 36.081259179260279, -0.221597306311347, 0.0 ], [ 36.081236513328761, -0.221598532502588, 0.0 ], [ 36.081214961207266, -0.221599754394441, 0.0 ], [ 36.081192385933456, -0.221600937232852, 0.0 ], [ 36.081173561913829, -0.221603845685659, 0.0 ], [ 36.081153670880695, -0.221606111504347, 0.0 ], [ 36.081132161563353, -0.221608769146635, 0.0 ], [ 36.081110888991525, -0.221612446040606, 0.0 ], [ 36.081090019366442, -0.221616304627185, 0.0 ], [ 36.081068822022452, -0.221620827259183, 0.0 ], [ 36.081046839344573, -0.221625422020996, 0.0 ], [ 36.081025924348857, -0.221631844875354, 0.0 ], [ 36.081000631000641, -0.221639840856017, 0.0 ], [ 36.080972756074736, -0.221649607289356, 0.0 ], [ 36.080943444256718, -0.221659275856745, 0.0 ], [ 36.080913080430662, -0.221669607423416, 0.0 ], [ 36.080883762898807, -0.221680980988703, 0.0 ], [ 36.080857114806079, -0.221691076552957, 0.0 ], [ 36.080829918619806, -0.221699706449934, 0.0 ], [ 36.080801269579197, -0.221711877979833, 0.0 ], [ 36.080776194631966, -0.221722948782324, 0.0 ], [ 36.080749677829552, -0.221736377568326, 0.0 ], [ 36.080726501211736, -0.221746943657505, 0.0 ], [ 36.080703649405578, -0.221757957971056, 0.0 ], [ 36.080680748229916, -0.221764374105714, 0.0 ], [ 36.080659976296104, -0.221773611542793, 0.0 ], [ 36.080639527947497, -0.221784994975503, 0.0 ], [ 36.08062093787747, -0.22179412983544, 0.0 ], [ 36.080599840634314, -0.221805494165359, 0.0 ], [ 36.080580252695974, -0.221818431872521, 0.0 ], [ 36.080559713183597, -0.22183247985583, 0.0 ], [ 36.080541435522179, -0.221845860559044, 0.0 ], [ 36.080524157223259, -0.221856994328181, 0.0 ], [ 36.080508082830555, -0.22186633659299, 0.0 ], [ 36.080494009056984, -0.221875304277028, 0.0 ], [ 36.080482435432764, -0.221885868121917, 0.0 ], [ 36.08046999670588, -0.22189593936167, 0.0 ], [ 36.080460572624403, -0.221901821430377, 0.0 ], [ 36.080447079613656, -0.221910404315205, 0.0 ], [ 36.080434015786274, -0.221918088251536, 0.0 ], [ 36.080420802437665, -0.221928531600997, 0.0 ], [ 36.080402180189793, -0.221941624000542, 0.0 ], [ 36.080383238775589, -0.221952929114403, 0.0 ], [ 36.080364274980617, -0.221963941473174, 0.0 ], [ 36.080340063304227, -0.221975728046368, 0.0 ], [ 36.080316803834627, -0.221987772317983, 0.0 ], [ 36.080296446759611, -0.221995949964495, 0.0 ], [ 36.080272339054694, -0.22199920523551, 0.0 ], [ 36.08024757882059, -0.221998044728326, 0.0 ], [ 36.080220972042127, -0.221994165979294, 0.0 ], [ 36.080194004284323, -0.221995852124804, 0.0 ], [ 36.080166443653084, -0.221995584678297, 0.0 ], [ 36.080140106897581, -0.221992370995405, 0.0 ], [ 36.080112986380996, -0.221990379661849, 0.0 ], [ 36.08008906997788, -0.221988343780588, 0.0 ], [ 36.080066474633277, -0.221986689457133, 0.0 ], [ 36.080045249789777, -0.221985005585951, 0.0 ], [ 36.080024020556756, -0.221982818436556, 0.0 ], [ 36.080001738521588, -0.221980762998608, 0.0 ], [ 36.079979940035194, -0.221979782880218, 0.0 ], [ 36.079960588320823, -0.221977953905775, 0.0 ], [ 36.079939757503077, -0.221976178853654, 0.0 ], [ 36.079917161182699, -0.221974943777426, 0.0 ], [ 36.079894047744872, -0.221974499205725, 0.0 ], [ 36.07987323295314, -0.221973396397941, 0.0 ], [ 36.079851814986881, -0.221972549176242, 0.0 ], [ 36.07983112504715, -0.221970943115747, 0.0 ], [ 36.07980650871378, -0.221968289069311, 0.0 ], [ 36.079783993340754, -0.22196618298707, 0.0 ], [ 36.079761620753935, -0.221963654071635, 0.0 ], [ 36.079739741546661, -0.221962415522335, 0.0 ], [ 36.07971877631558, -0.221959564316345, 0.0 ], [ 36.079696540498553, -0.221955244592399, 0.0 ], [ 36.079672373188572, -0.22195121633552, 0.0 ], [ 36.079648200487071, -0.221947224219694, 0.0 ], [ 36.079625017942689, -0.221942172434834, 0.0 ], [ 36.079601889335784, -0.221936674307207, 0.0 ], [ 36.079587466416044, -0.221931890791384, 0.0 ], [ 36.079564674442565, -0.221926045767191, 0.0 ], [ 36.079542905596952, -0.221920362679663, 0.0 ], [ 36.07952234679918, -0.221913611834477, 0.0 ], [ 36.079503552763029, -0.221905514143882, 0.0 ], [ 36.079487438745254, -0.221897106159128, 0.0 ], [ 36.079471487948453, -0.2218893460517, 0.0 ], [ 36.079447345335581, -0.221878318003231, 0.0 ], [ 36.079425313630196, -0.22186744939467, 0.0 ], [ 36.079400994623974, -0.22185428170718, 0.0 ], [ 36.079382481179245, -0.221843257476629, 0.0 ], [ 36.079358796120395, -0.22182850960661, 0.0 ], [ 36.079335736387854, -0.221814983458876, 0.0 ], [ 36.079313900889176, -0.221801285877759, 0.0 ], [ 36.079290772157123, -0.221787203131075, 0.0 ], [ 36.079266885237871, -0.221772055854837, 0.0 ], [ 36.079243281427772, -0.221754875648696, 0.0 ], [ 36.079219409523063, -0.221736354523357, 0.0 ], [ 36.079197545272464, -0.221718196116294, 0.0 ], [ 36.079177273475381, -0.22170325014043, 0.0 ], [ 36.079157296883132, -0.221688692749246, 0.0 ], [ 36.079134356910714, -0.221673159847061, 0.0 ], [ 36.079109045002447, -0.221656719316393, 0.0 ], [ 36.079085570953787, -0.22164149622801, 0.0 ], [ 36.079062162474081, -0.221626012027402, 0.0 ], [ 36.079039479798617, -0.221611970937938, 0.0 ], [ 36.079018632788156, -0.221601210092899, 0.0 ], [ 36.078998552035728, -0.221591551728596, 0.0 ], [ 36.078977414814908, -0.221582423540646, 0.0 ] ] ] } },
{ "type": "Feature", "properties": { "Name": null, "Type": "Murram", "Length_Km": 1.01964302827, "main__road": 0, "Type2": 0 }, "geometry": { "type": "MultiLineString", "coordinates": [ [ [ 36.082220360241763, -0.220016709243284, 0.0 ], [ 36.082264510674051, -0.220034720203141, 0.0 ], [ 36.082317262445272, -0.220045452017695, 0.0 ], [ 36.082381915389547, -0.220055197663979, 0.0 ], [ 36.082453965976903, -0.220058384060236, 0.0 ], [ 36.082531944887009, -0.22006019369373, 0.0 ], [ 36.082622043147886, -0.220055941947829, 0.0 ], [ 36.082715050857921, -0.220048505745503, 0.0 ], [ 36.082807531458464, -0.22003784646784, 0.0 ], [ 36.082901518918021, -0.220027542577155, 0.0 ], [ 36.083000197566591, -0.220017788053304, 0.0 ], [ 36.083105507455443, -0.220015172882134, 0.0 ], [ 36.083214722415768, -0.220021943670329, 0.0 ], [ 36.083322922073677, -0.220034580125533, 0.0 ], [ 36.083429328116367, -0.220049296211842, 0.0 ], [ 36.083536636482869, -0.220067044799179, 0.0 ], [ 36.0836438395608, -0.22008630410917, 0.0 ], [ 36.083754771963356, -0.220104750046622, 0.0 ], [ 36.083869858252243, -0.220122185719349, 0.0 ], [ 36.083986769356983, -0.220138768795751, 0.0 ] ], [ [ 36.083986769356983, -0.220138768795732, 0.0 ], [ 36.084104751367292, -0.220154506357235, 0.0 ], [ 36.084221043369119, -0.220170280637849, 0.0 ], [ 36.084329138355208, -0.22018634426951, 0.0 ], [ 36.084434596001472, -0.2202048099391, 0.0 ], [ 36.084539421718766, -0.220228420323045, 0.0 ], [ 36.084647803066673, -0.22025837163957, 0.0 ], [ 36.084759186647332, -0.22029275728441, 0.0 ], [ 36.084870764110583, -0.220322422807263, 0.0 ], [ 36.084987187582442, -0.220345697537758, 0.0 ], [ 36.085106821751744, -0.220367491068741, 0.0 ], [ 36.085227624767043, -0.220392537626345, 0.0 ], [ 36.085333949389387, -0.220430227514218, 0.0 ], [ 36.085429725972716, -0.220470429945366, 0.0 ], [ 36.085510048296285, -0.220496628795096, 0.0 ], [ 36.085582584844474, -0.220508094578334, 0.0 ], [ 36.085653281021116, -0.220494022841353, 0.0 ], [ 36.085710716243611, -0.220453025301917, 0.0 ], [ 36.085757866593895, -0.220390110036982, 0.0 ], [ 36.085788669752702, -0.22032664312648, 0.0 ], [ 36.085819400683505, -0.220265384486054, 0.0 ], [ 36.085858209328073, -0.220208268405162, 0.0 ], [ 36.085909650112299, -0.220152977247249, 0.0 ], [ 36.085979884680505, -0.220098379151034, 0.0 ], [ 36.086063212517409, -0.220055993330356, 0.0 ], [ 36.086161581181507, -0.220026074967342, 0.0 ], [ 36.086266708655081, -0.220007438796975, 0.0 ], [ 36.086376295439166, -0.219995785259602, 0.0 ], [ 36.086480805826888, -0.219984508418777, 0.0 ], [ 36.086581744604388, -0.219956666905016, 0.0 ], [ 36.086681034644798, -0.219910163032063, 0.0 ], [ 36.086776457770576, -0.219851867000272, 0.0 ], [ 36.086866177134041, -0.219784556884092, 0.0 ], [ 36.0869473847698, -0.219715740684748, 0.0 ], [ 36.087015779931072, -0.219644684785618, 0.0 ], [ 36.087073922184523, -0.21957211885487, 0.0 ], [ 36.087129278753366, -0.219498506962249, 0.0 ], [ 36.087192746166558, -0.219424814410276, 0.0 ], [ 36.087267751263198, -0.219350359676322, 0.0 ], [ 36.087357548718991, -0.219278330229743, 0.0 ], [ 36.087457285963204, -0.219207243296853, 0.0 ], [ 36.08755995720896, -0.219136026806225, 0.0 ], [ 36.087660111884141, -0.219059819474237, 0.0 ], [ 36.087754954094088, -0.21897933637603, 0.0 ], [ 36.087837685820318, -0.21889585473033, 0.0 ], [ 36.087901361799908, -0.218815627614879, 0.0 ], [ 36.087944133537029, -0.218746051190589, 0.0 ], [ 36.087976375791271, -0.218685068260525, 0.0 ], [ 36.088006315545023, -0.218630760357702, 0.0 ], [ 36.088041793586015, -0.21858259409058, 0.0 ], [ 36.088087267082933, -0.218539986621324, 0.0 ], [ 36.08814241735984, -0.218507969794523, 0.0 ], [ 36.088206090802842, -0.21848817340451, 0.0 ], [ 36.08827475628329, -0.218491652691402, 0.0 ], [ 36.088342617143219, -0.218521085587066, 0.0 ], [ 36.088404558350639, -0.218572252402741, 0.0 ], [ 36.088456752172014, -0.218639544928747, 0.0 ], [ 36.088496773514542, -0.218722983479259, 0.0 ], [ 36.088523400685297, -0.218814042758249, 0.0 ], [ 36.088531594314546, -0.218911785704359, 0.0 ], [ 36.088529750230016, -0.21901371108341, 0.0 ], [ 36.088527352755484, -0.219118318111895, 0.0 ], [ 36.08852712713135, -0.219223583349593, 0.0 ], [ 36.088530283970783, -0.219330209095222, 0.0 ], [ 36.088536098609517, -0.219435433035903, 0.0 ], [ 36.088544190626251, -0.219538603634159, 0.0 ], [ 36.088553375096559, -0.21963610372255, 0.0 ], [ 36.088565031440943, -0.219728253427851, 0.0 ], [ 36.088580926503411, -0.219816955080709, 0.0 ], [ 36.088604628083253, -0.219905972689198, 0.0 ], [ 36.088637186955324, -0.220001116330607, 0.0 ], [ 36.088671568689819, -0.220091493164829, 0.0 ], [ 36.088703579023161, -0.220178028522705, 0.0 ], [ 36.088731826377995, -0.220258283432297, 0.0 ], [ 36.088757860888173, -0.220331609439846, 0.0 ], [ 36.088782755050261, -0.220393513363662, 0.0 ], [ 36.088807922870728, -0.22044649019911, 0.0 ], [ 36.088835071199298, -0.220487038993986, 0.0 ], [ 36.088860405695321, -0.220518000696246, 0.0 ], [ 36.088877368390094, -0.22053379727368, 0.0 ], [ 36.088883367205433, -0.220539386038957, 0.0 ], [ 36.088885128582106, -0.220541705813095, 0.0 ], [ 36.088885078936947, -0.220543173180272, 0.0 ], [ 36.088884011068906, -0.220542262186776, 0.0 ], [ 36.088882166732269, -0.220541965460966, 0.0 ], [ 36.088880519923578, -0.220541280244075, 0.0 ], [ 36.088879886574667, -0.220539735038002, 0.0 ], [ 36.088879138137138, -0.22053926594618, 0.0 ], [ 36.088878405812537, -0.220539017325388, 0.0 ], [ 36.088877588232847, -0.220538722606612, 0.0 ], [ 36.088876931318424, -0.220538375512785, 0.0 ] ] ] } },
{ "type": "Feature", "properties": { "Name": null, "Type": "Murram", "Length_Km": 1.1439237280700001, "main__road": 0, "Type2": 0 }, "geometry": { "type": "MultiLineString", "coordinates": [ [ [ 36.125973191007617, -0.058250389639817, 0.0 ], [ 36.125972825249647, -0.058185606941434, 0.0 ], [ 36.125969731752889, -0.05763732637539, 0.0 ], [ 36.12538719178572, -0.054325137004487, 0.0 ], [ 36.124087321610453, -0.052114406701653, 0.0 ], [ 36.121355992206865, -0.052113396575481, 0.0 ], [ 36.121184922266011, -0.053139846218007, 0.0 ] ] ] } },
{ "type": "Feature", "properties": { "Name": null, "Type": "Murram", "Length_Km": 0.21557578608, "main__road": 0, "Type2": 0 }, "geometry": { "type": "MultiLineString", "coordinates": [ [ [ 36.063656342632882, -0.208430190881372, 0.0 ], [ 36.063660083586583, -0.208443823233902, 0.0 ], [ 36.063668960152278, -0.208471345705858, 0.0 ], [ 36.063670984647807, -0.208477622951158, 0.0 ], [ 36.063682284855531, -0.208517623715901, 0.0 ], [ 36.063693983696844, -0.208566623781653, 0.0 ], [ 36.063707684040175, -0.208624923420433, 0.0 ], [ 36.063721984511133, -0.208689723215749, 0.0 ], [ 36.063736084141055, -0.208758323251201, 0.0 ], [ 36.063750184499625, -0.208827823211185, 0.0 ], [ 36.063764984258832, -0.208895923724333, 0.0 ], [ 36.063781784163531, -0.208961123354345, 0.0 ], [ 36.063804384478502, -0.209026823720836, 0.0 ], [ 36.063831883936544, -0.209094023065454, 0.0 ], [ 36.063866584555313, -0.209163023598869, 0.0 ], [ 36.063903983790034, -0.209232823365494, 0.0 ], [ 36.063942484851097, -0.209304223505863, 0.0 ], [ 36.063981783800266, -0.209375523507095, 0.0 ], [ 36.064021184273855, -0.209446223583604, 0.0 ], [ 36.064062984406029, -0.209518223398587, 0.0 ], [ 36.064105384499463, -0.209592723417907, 0.0 ], [ 36.064147283824752, -0.209667023667685, 0.0 ], [ 36.064190383976587, -0.209741423536099, 0.0 ], [ 36.064236484708239, -0.209814422583987, 0.0 ], [ 36.064283583253996, -0.209883622449985, 0.0 ], [ 36.064327884588486, -0.209946422948236, 0.0 ], [ 36.064371584298122, -0.210001123126927, 0.0 ], [ 36.064414684941504, -0.210053323109996, 0.0 ], [ 36.064460084966377, -0.2101055226232, 0.0 ], [ 36.064498283823731, -0.210155922754886, 0.0 ] ] ] } },
{ "type": "Feature", "properties": { "Name": null, "Type": "Murram", "Length_Km": 0.01511291077, "main__road": 0, "Type2": 1 }, "geometry": { "type": "MultiLineString", "coordinates": [ [ [ 36.063831348631794, -0.214292202532099, 0.0 ], [ 36.063862591983977, -0.214298196229418, 0.0 ], [ 36.063963843872195, -0.214321354217359, 0.0 ] ] ] } },
{ "type": "Feature", "properties": { "Name": null, "Type": "Murram", "Length_Km": 0.17705861063, "main__road": 0, "Type2": 0 }, "geometry": { "type": "MultiLineString", "coordinates": [ [ [ 36.059907428845989, -0.213841617728306, 0.0 ], [ 36.059992161591062, -0.213848086008825, 0.0 ], [ 36.060163161579467, -0.213862256187592, 0.0 ], [ 36.060336491972471, -0.213878596198109, 0.0 ], [ 36.060511591834867, -0.213897126715804, 0.0 ], [ 36.060690041985872, -0.213916066273341, 0.0 ], [ 36.060871591851686, -0.213936346367226, 0.0 ], [ 36.061055072204503, -0.213956886147978, 0.0 ], [ 36.061238972143585, -0.213975156333987, 0.0 ], [ 36.061419942066905, -0.21399200651206, 0.0 ], [ 36.061488832516169, -0.213997788712681, 0.0 ] ] ] } },
{ "type": "Feature", "properties": { "Name": "Mvuke road", "Type": "Murram", "Length_Km": 0.10819115838, "main__road": 0, "Type2": 1 }, "geometry": { "type": "MultiLineString", "coordinates": [ [ [ 36.062872715679994, -0.214137639700793, 0.0 ], [ 36.06304569217987, -0.214167276135427, 0.0 ], [ 36.063221962315538, -0.214197945947388, 0.0 ], [ 36.063392451449467, -0.214225276097334, 0.0 ], [ 36.06355682160568, -0.214247236272217, 0.0 ], [ 36.063713142095963, -0.21426952651481, 0.0 ], [ 36.063776529846621, -0.214281686654992, 0.0 ], [ 36.063818261838023, -0.214289691818023, 0.0 ], [ 36.063831348631794, -0.214292202532099, 0.0 ] ] ] } },
{ "type": "Feature", "properties": { "Name": "Mvuke road", "Type": "Murram", "Length_Km": 0.15501829081, "main__road": 0, "Type2": 1 }, "geometry": { "type": "MultiLineString", "coordinates": [ [ [ 36.061488832516169, -0.213997788712681, 0.0 ], [ 36.06159973214794, -0.21400709638235, 0.0 ], [ 36.061778351929412, -0.214022176093467, 0.0 ], [ 36.061955042253807, -0.214036595858818, 0.0 ], [ 36.062132231817642, -0.214049926058087, 0.0 ], [ 36.062311941996818, -0.21406576585847, 0.0 ], [ 36.062494581906499, -0.21408487611628, 0.0 ], [ 36.062680241926117, -0.214108686244295, 0.0 ], [ 36.062864642085792, -0.214136256655045, 0.0 ], [ 36.062872715679994, -0.214137639700793, 0.0 ] ] ] } },
{ "type": "Feature", "properties": { "Name": "Northern Bypass", "Type": "Murram", "Length_Km": 3.14730631195, "main__road": 0, "Type2": 2 }, "geometry": { "type": "MultiLineString", "coordinates": [ [ [ 36.05824012609078, -0.194345788243969, 0.0 ], [ 36.05826392138993, -0.194323745268691, 0.0 ], [ 36.058295894762097, -0.194285032631208, 0.0 ], [ 36.05833236464661, -0.194235257918183, 0.0 ], [ 36.058354845869765, -0.194203583055511, 0.0 ], [ 36.058370526676221, -0.194172737362074, 0.0 ], [ 36.058371669425938, -0.19416603334884, 0.0 ], [ 36.058373833584689, -0.194153677916672, 0.0 ], [ 36.058378013960798, -0.194138642955711, 0.0 ], [ 36.058382049487115, -0.194120420307083, 0.0 ], [ 36.058387278423375, -0.194082611991308, 0.0 ], [ 36.058407012163123, -0.194052496146204, 0.0 ], [ 36.058421576927977, -0.194034873454387, 0.0 ], [ 36.058436540936931, -0.194018063106781, 0.0 ], [ 36.058451027593989, -0.194000593097529, 0.0 ], [ 36.058465763951389, -0.193981958477479, 0.0 ], [ 36.058476738060662, -0.193957901108428, 0.0 ], [ 36.058483711242275, -0.19393864532351, 0.0 ], [ 36.058490916931611, -0.193919047139667, 0.0 ], [ 36.058499536786869, -0.193895804349365, 0.0 ], [ 36.058506429404289, -0.193870041308213, 0.0 ], [ 36.058511245780544, -0.193846322602612, 0.0 ], [ 36.058515888408799, -0.193820457976955, 0.0 ], [ 36.058523515020674, -0.193795576005875, 0.0 ], [ 36.058532653680714, -0.193771989961026, 0.0 ], [ 36.058544689663989, -0.193747060862596, 0.0 ], [ 36.058557214467051, -0.193723961501451, 0.0 ], [ 36.058569372066906, -0.193701624657996, 0.0 ], [ 36.05858248998463, -0.193679259970104, 0.0 ], [ 36.058594925904131, -0.193656343105661, 0.0 ], [ 36.058608324592534, -0.193634817846931, 0.0 ], [ 36.058620517728109, -0.193614612441075, 0.0 ], [ 36.058632007715424, -0.193596841030574, 0.0 ], [ 36.058642972739079, -0.193578671071326, 0.0 ], [ 36.05865504285908, -0.193558811696014, 0.0 ], [ 36.058667621909464, -0.193538633460909, 0.0 ], [ 36.058678061522748, -0.193517410372944, 0.0 ], [ 36.058684311821196, -0.19350049370331, 0.0 ], [ 36.05868753660792, -0.193478738094661, 0.0 ], [ 36.058691101069762, -0.193459765425148, 0.0 ], [ 36.058697504628213, -0.193438801858338, 0.0 ], [ 36.058707778399764, -0.193421710595429, 0.0 ], [ 36.058720007150086, -0.193403164077583, 0.0 ], [ 36.058734666361694, -0.193384261985841, 0.0 ], [ 36.058748000423762, -0.193368039543636, 0.0 ], [ 36.058756853559714, -0.193350414046878, 0.0 ], [ 36.05876682384794, -0.193334094346973, 0.0 ], [ 36.058777923471162, -0.193321331146161, 0.0 ], [ 36.058790051955569, -0.193306574928807, 0.0 ], [ 36.058800476422093, -0.193289966175645, 0.0 ], [ 36.058810840995633, -0.193271949707728, 0.0 ], [ 36.058823555645617, -0.193256572863157, 0.0 ], [ 36.058836964013068, -0.193241441898487, 0.0 ], [ 36.058849957588563, -0.193227205359612, 0.0 ], [ 36.058862534208963, -0.193216032628591, 0.0 ], [ 36.058873054916049, -0.193203475331374, 0.0 ], [ 36.05888147167088, -0.193187025252448, 0.0 ], [ 36.058888570747271, -0.193166250638334, 0.0 ], [ 36.058895664562854, -0.193150032539378, 0.0 ], [ 36.058903867653399, -0.193133942932597, 0.0 ], [ 36.058912368836367, -0.193117109769231, 0.0 ], [ 36.058919732877065, -0.193100411940086, 0.0 ], [ 36.058926897612501, -0.193084081814336, 0.0 ], [ 36.058934615131975, -0.193068160180265, 0.0 ], [ 36.058943377172895, -0.193053159425517, 0.0 ], [ 36.05895551659777, -0.193037384923146, 0.0 ], [ 36.058969782156559, -0.193021720113236, 0.0 ], [ 36.058987294778639, -0.193006372097311, 0.0 ], [ 36.059004687924549, -0.192991673700553, 0.0 ], [ 36.059022471311359, -0.192977961124828, 0.0 ], [ 36.059040046319893, -0.192959901615597, 0.0 ], [ 36.059059091482212, -0.192941452935538, 0.0 ], [ 36.059078236198353, -0.19292340272997, 0.0 ], [ 36.059099326907777, -0.192903960513471, 0.0 ], [ 36.05912127706285, -0.192881282891864, 0.0 ], [ 36.059144015237514, -0.192863763674974, 0.0 ], [ 36.059168579681113, -0.192846968500848, 0.0 ], [ 36.059191627080907, -0.192831865383097, 0.0 ], [ 36.059214567490706, -0.192817878109756, 0.0 ], [ 36.059237748981857, -0.192805920212649, 0.0 ], [ 36.059261668283916, -0.192793525131576, 0.0 ], [ 36.059287495498339, -0.192782023068085, 0.0 ], [ 36.059314818717404, -0.192771178129362, 0.0 ], [ 36.059342553018965, -0.1927601462292, 0.0 ], [ 36.059368457257449, -0.19274959830832, 0.0 ], [ 36.059394465291263, -0.192740905358564, 0.0 ], [ 36.059422416948451, -0.192734222199842, 0.0 ], [ 36.059451400253529, -0.192730293187296, 0.0 ], [ 36.059481191983309, -0.192727631066942, 0.0 ], [ 36.059507694872835, -0.192727557005419, 0.0 ], [ 36.059532360623614, -0.19272734980932, 0.0 ], [ 36.059556437769871, -0.192726266084833, 0.0 ], [ 36.059581544402135, -0.192724801245696, 0.0 ], [ 36.059608452912883, -0.192725002831215, 0.0 ], [ 36.059634300700743, -0.192724556401285, 0.0 ], [ 36.059661548640143, -0.192723717174329, 0.0 ], [ 36.059689236139938, -0.192724121284841, 0.0 ], [ 36.059715370769013, -0.19272578736535, 0.0 ], [ 36.059740943837014, -0.192731178618518, 0.0 ], [ 36.059766594503429, -0.192739428665511, 0.0 ], [ 36.059793464656103, -0.192748880621698, 0.0 ], [ 36.059819065774995, -0.192758233875475, 0.0 ], [ 36.059844398635541, -0.192767051288153, 0.0 ], [ 36.059870528910025, -0.192773256722131, 0.0 ], [ 36.059897040933954, -0.19277759823183, 0.0 ], [ 36.059924253295755, -0.192780197848826, 0.0 ], [ 36.05995294044056, -0.192781581562473, 0.0 ], [ 36.059982321294562, -0.192783269886027, 0.0 ], [ 36.060013594998914, -0.192784707351947, 0.0 ], [ 36.060046173694687, -0.19278591102646, 0.0 ], [ 36.060078798738857, -0.192789017551245, 0.0 ], [ 36.060110752338389, -0.192792849498676, 0.0 ], [ 36.060142008836543, -0.192795217601743, 0.0 ], [ 36.060172417202679, -0.192797611761876, 0.0 ], [ 36.060201932525516, -0.192800248819537, 0.0 ], [ 36.060229605335884, -0.19280268045898, 0.0 ], [ 36.060257181006314, -0.192806362572888, 0.0 ], [ 36.060285283327275, -0.192811091069675, 0.0 ], [ 36.060314775012479, -0.19281553519178, 0.0 ], [ 36.060345465189307, -0.192817965542256, 0.0 ], [ 36.060376509015285, -0.192820177298214, 0.0 ], [ 36.060407450171247, -0.192824497885272, 0.0 ], [ 36.060437720697912, -0.192830027286145, 0.0 ], [ 36.060466574005794, -0.192836039834886, 0.0 ], [ 36.060495415631884, -0.192842141831766, 0.0 ], [ 36.060526726559161, -0.192846451640723, 0.0 ], [ 36.060558195366454, -0.19285122950768, 0.0 ], [ 36.060591840720868, -0.192855233419412, 0.0 ], [ 36.060624812888911, -0.192859646516869, 0.0 ], [ 36.060657397365588, -0.192863919500185, 0.0 ], [ 36.060686742862977, -0.192867812443508, 0.0 ], [ 36.060714634588372, -0.192870745584063, 0.0 ], [ 36.060740700858823, -0.192873437167808, 0.0 ], [ 36.060765955928566, -0.192875357897592, 0.0 ], [ 36.060791230542698, -0.192878465875051, 0.0 ], [ 36.060817758348179, -0.192879841088542, 0.0 ], [ 36.060842498611223, -0.192879686311494, 0.0 ], [ 36.060868639276499, -0.192877666879495, 0.0 ], [ 36.060894027100694, -0.1928747419766, 0.0 ], [ 36.060917098306639, -0.192872965068463, 0.0 ], [ 36.060939897663985, -0.192870652317606, 0.0 ], [ 36.06096210929006, -0.192872903218865, 0.0 ], [ 36.060984590333227, -0.192874153953641, 0.0 ], [ 36.0610067628877, -0.19287394090945, 0.0 ], [ 36.061027504937044, -0.192873164717739, 0.0 ], [ 36.061047991528021, -0.192870461242733, 0.0 ], [ 36.061068389197231, -0.19286817428184, 0.0 ], [ 36.061087472343068, -0.192864109842636, 0.0 ], [ 36.061104867809135, -0.192857086037638, 0.0 ], [ 36.061121868698386, -0.192853479332965, 0.0 ], [ 36.061143133991536, -0.192847375086167, 0.0 ], [ 36.061165805003419, -0.19283981096812, 0.0 ], [ 36.061189729649989, -0.192833198486841, 0.0 ], [ 36.061213199626813, -0.192829774501469, 0.0 ], [ 36.061235939413294, -0.192829484752874, 0.0 ], [ 36.061259850223195, -0.192830396002858, 0.0 ], [ 36.061283686631583, -0.192830776865132, 0.0 ], [ 36.0613057159551, -0.192828426031606, 0.0 ], [ 36.061329342218329, -0.192824290086946, 0.0 ], [ 36.061355659369013, -0.192818926699643, 0.0 ], [ 36.061384886162678, -0.192813710183683, 0.0 ], [ 36.061416834341706, -0.192812672079643, 0.0 ], [ 36.061449727540655, -0.192817171903339, 0.0 ], [ 36.06148175739829, -0.192826712400889, 0.0 ], [ 36.061510671201553, -0.192841347398474, 0.0 ], [ 36.061538706615494, -0.192854479667337, 0.0 ], [ 36.061563244281089, -0.192868936822797, 0.0 ], [ 36.06158687753215, -0.192881877691827, 0.0 ], [ 36.06161061258387, -0.1928925516093, 0.0 ], [ 36.061635841371647, -0.19290139702839, 0.0 ], [ 36.061663227443262, -0.192906634098597, 0.0 ], [ 36.06169038429281, -0.192908709660159, 0.0 ], [ 36.06172014116634, -0.192905543356695, 0.0 ], [ 36.061750471809169, -0.192900774279969, 0.0 ], [ 36.061781657733043, -0.192896178828424, 0.0 ], [ 36.061814007608263, -0.192892152803425, 0.0 ], [ 36.061847147773086, -0.192890499597351, 0.0 ], [ 36.061880412245415, -0.19289147479669, 0.0 ], [ 36.061914564322272, -0.192892544115941, 0.0 ], [ 36.061946397206725, -0.192894053059108, 0.0 ], [ 36.061977947572053, -0.192894439762888, 0.0 ], [ 36.062010469217235, -0.19289368817858, 0.0 ], [ 36.062043203659329, -0.192892402641238, 0.0 ], [ 36.062075699336312, -0.192891313129978, 0.0 ], [ 36.062109302601662, -0.19288973770648, 0.0 ], [ 36.062144300490374, -0.192888636878166, 0.0 ], [ 36.062181245114004, -0.192887101782987, 0.0 ], [ 36.062219379052436, -0.192884760034329, 0.0 ], [ 36.062256679053789, -0.192883412031591, 0.0 ], [ 36.062294452021924, -0.192882140006784, 0.0 ], [ 36.062333543356736, -0.19288116727821, 0.0 ], [ 36.062372424417099, -0.192881746787781, 0.0 ], [ 36.062411931856559, -0.19288275106652, 0.0 ], [ 36.062452469822681, -0.192882549301703, 0.0 ], [ 36.062492587839841, -0.19288189840746, 0.0 ], [ 36.062531262578545, -0.192881910460878, 0.0 ], [ 36.062567013089243, -0.192883099320017, 0.0 ], [ 36.062602971008062, -0.192883778620463, 0.0 ], [ 36.062637758403298, -0.192885607921392, 0.0 ], [ 36.062654039281036, -0.192886219920447, 0.0 ], [ 36.062673785317131, -0.192886962175009, 0.0 ], [ 36.062712067568555, -0.19288868455453, 0.0 ], [ 36.062751046933606, -0.192891821991045, 0.0 ], [ 36.062790436336876, -0.192895652510165, 0.0 ], [ 36.062830173979378, -0.192899419841642, 0.0 ], [ 36.062870833457374, -0.192902542206614, 0.0 ], [ 36.062911378682884, -0.192907274653536, 0.0 ], [ 36.062950571621769, -0.192915931830015, 0.0 ], [ 36.062991721979415, -0.19292467337158, 0.0 ], [ 36.063032068105379, -0.192933885518146, 0.0 ], [ 36.063072296451452, -0.192944337296875, 0.0 ], [ 36.063113143980004, -0.192955315040599, 0.0 ], [ 36.063154156096779, -0.19296425082113, 0.0 ], [ 36.063194386659902, -0.192972234140788, 0.0 ], [ 36.063231675469758, -0.19297887520476, 0.0 ], [ 36.063267722208259, -0.192985175422775, 0.0 ], [ 36.06330250042943, -0.192993607769602, 0.0 ], [ 36.063335758274583, -0.193007483663511, 0.0 ], [ 36.063364973453453, -0.193028778706564, 0.0 ], [ 36.063391738477655, -0.193055368957986, 0.0 ], [ 36.063416750895222, -0.193086094396738, 0.0 ], [ 36.06343943911444, -0.193120294439607, 0.0 ], [ 36.063458833177464, -0.193156595544456, 0.0 ], [ 36.063474469047918, -0.193195186470543, 0.0 ], [ 36.063484697199648, -0.193235673895858, 0.0 ], [ 36.063491917845006, -0.193276193332561, 0.0 ], [ 36.063497820160848, -0.193316185781437, 0.0 ], [ 36.063502797718918, -0.193358173984234, 0.0 ], [ 36.063507357018224, -0.193400312102578, 0.0 ], [ 36.063511713532648, -0.193442154729941, 0.0 ], [ 36.06351600282985, -0.193483429925034, 0.0 ], [ 36.063521640326712, -0.193523725015079, 0.0 ], [ 36.063529473433938, -0.193561997464683, 0.0 ], [ 36.063539713133849, -0.193597828069318, 0.0 ], [ 36.063552766651057, -0.193632616477552, 0.0 ], [ 36.063568474176712, -0.193666687935313, 0.0 ], [ 36.063585434645766, -0.193700503005303, 0.0 ], [ 36.063605184818542, -0.19373258015203, 0.0 ], [ 36.063629604836436, -0.193763551271571, 0.0 ], [ 36.063657012690399, -0.193794045839687, 0.0 ], [ 36.063684960874603, -0.193824309196914, 0.0 ], [ 36.063712221493034, -0.193855077514231, 0.0 ], [ 36.063738211218983, -0.19388609137603, 0.0 ], [ 36.063763336720534, -0.193916740964948, 0.0 ], [ 36.063788736553725, -0.193949161534762, 0.0 ], [ 36.063812215717014, -0.193981779649479, 0.0 ], [ 36.063834130494428, -0.194014717347874, 0.0 ], [ 36.06385606437567, -0.194046145240602, 0.0 ], [ 36.063879963761778, -0.194077606000924, 0.0 ], [ 36.063903720617446, -0.194108060197773, 0.0 ], [ 36.063929840927635, -0.194136433958023, 0.0 ], [ 36.063959181106114, -0.194161525725217, 0.0 ], [ 36.06399166565452, -0.194183977901109, 0.0 ], [ 36.064024809849478, -0.194206499764471, 0.0 ], [ 36.064058983047673, -0.194226233491261, 0.0 ], [ 36.064094551826066, -0.194240834465748, 0.0 ], [ 36.064133244923809, -0.194249328972854, 0.0 ], [ 36.064176612896233, -0.194253562302589, 0.0 ], [ 36.064222994071422, -0.194255950226144, 0.0 ], [ 36.064270714406142, -0.194257770056017, 0.0 ], [ 36.064317270859569, -0.194263883294235, 0.0 ], [ 36.064363528956065, -0.194272291466179, 0.0 ], [ 36.064408587310609, -0.194284761735602, 0.0 ], [ 36.064452200276492, -0.194299727326711, 0.0 ], [ 36.064495129166815, -0.194315788791673, 0.0 ], [ 36.064536880809534, -0.194330305908951, 0.0 ], [ 36.064578134800321, -0.194342147566691, 0.0 ], [ 36.064620117023175, -0.19435185971299, 0.0 ], [ 36.064663617376063, -0.194358838017358, 0.0 ], [ 36.064708883790736, -0.194367040017108, 0.0 ], [ 36.064753305954504, -0.19437881084532, 0.0 ], [ 36.064796305353553, -0.194391978297893, 0.0 ], [ 36.064838421998218, -0.19440819142458, 0.0 ], [ 36.064881582102821, -0.194426325653916, 0.0 ], [ 36.064926648112561, -0.194446656714171, 0.0 ], [ 36.064973411740915, -0.194469583029918, 0.0 ], [ 36.065020419239985, -0.19449397221742, 0.0 ], [ 36.065067516438333, -0.1945186650111, 0.0 ], [ 36.065112633794328, -0.194543187599417, 0.0 ], [ 36.065153930177935, -0.194569700023339, 0.0 ], [ 36.065193458689016, -0.194595093563432, 0.0 ], [ 36.065231374539181, -0.19461968990587, 0.0 ], [ 36.065270126100614, -0.194643448814629, 0.0 ], [ 36.065307765945981, -0.194665573032254, 0.0 ], [ 36.065344701154544, -0.194688308824751, 0.0 ], [ 36.065381291875887, -0.194710166320009, 0.0 ], [ 36.06541874210879, -0.194733719002939, 0.0 ], [ 36.065455523461679, -0.194758719943452, 0.0 ], [ 36.065491785995938, -0.194784115641992, 0.0 ], [ 36.065530113272189, -0.194806565261044, 0.0 ], [ 36.065562328325079, -0.19483067723782, 0.0 ], [ 36.065593327571328, -0.194847785679815, 0.0 ], [ 36.065625010261719, -0.194862260426683, 0.0 ], [ 36.065658655528281, -0.194878176657784, 0.0 ], [ 36.065690993588284, -0.194896754487663, 0.0 ], [ 36.065718918995131, -0.194918658383115, 0.0 ], [ 36.065744916177557, -0.194942934637751, 0.0 ], [ 36.065766799183116, -0.194967558946866, 0.0 ], [ 36.065784379386265, -0.194993416745287, 0.0 ], [ 36.065796576974975, -0.195021239711898, 0.0 ], [ 36.065807270692019, -0.195052378404911, 0.0 ], [ 36.065817532349584, -0.195080394394531, 0.0 ], [ 36.065830322678906, -0.195105904406971, 0.0 ], [ 36.065845393958966, -0.195128982489596, 0.0 ], [ 36.065863160899937, -0.195149235675007, 0.0 ], [ 36.065883572903694, -0.195168644510987, 0.0 ], [ 36.065904963971221, -0.195188658888267, 0.0 ], [ 36.065925933974036, -0.195209489088643, 0.0 ], [ 36.06594638860409, -0.195231549820027, 0.0 ], [ 36.065967460817717, -0.195252986314079, 0.0 ], [ 36.065992314224566, -0.195274156920817, 0.0 ], [ 36.066017810989322, -0.195296183291207, 0.0 ], [ 36.066045100350934, -0.195316466143835, 0.0 ], [ 36.066073020865417, -0.195335503127006, 0.0 ], [ 36.066099304992605, -0.195356021630722, 0.0 ], [ 36.06612467956375, -0.195378838580151, 0.0 ], [ 36.066147864430718, -0.195400578132354, 0.0 ], [ 36.066171242572793, -0.195420487149352, 0.0 ], [ 36.066193751152916, -0.195439748178885, 0.0 ], [ 36.066213447917086, -0.195458791871743, 0.0 ], [ 36.066234527025713, -0.195476660301171, 0.0 ], [ 36.066257632134509, -0.195497709539852, 0.0 ], [ 36.066280779723101, -0.19551702308854, 0.0 ], [ 36.066303913108946, -0.195535420447082, 0.0 ], [ 36.066326100691526, -0.195552902357156, 0.0 ], [ 36.066351051977243, -0.19556855237091, 0.0 ], [ 36.066377899869437, -0.195583047991956, 0.0 ], [ 36.066405738546976, -0.195597837435933, 0.0 ], [ 36.066431280886221, -0.195615806035512, 0.0 ], [ 36.066455841650324, -0.195637348865763, 0.0 ], [ 36.066478520285486, -0.195659362113741, 0.0 ], [ 36.06649835297376, -0.195681305295541, 0.0 ], [ 36.066517224256174, -0.195704344303923, 0.0 ], [ 36.066533708035877, -0.19572833884244, 0.0 ], [ 36.06655132650819, -0.195750828282753, 0.0 ], [ 36.066567755686108, -0.195773972582867, 0.0 ], [ 36.066583611980512, -0.195798754900495, 0.0 ], [ 36.066600325526679, -0.195822700690638, 0.0 ], [ 36.066619915650278, -0.195846043417596, 0.0 ], [ 36.06664021337992, -0.195872404992853, 0.0 ], [ 36.066656246488918, -0.195902364623813, 0.0 ], [ 36.066669032007724, -0.195934943050743, 0.0 ], [ 36.066683042757205, -0.195966650679814, 0.0 ], [ 36.066695362681649, -0.195998020995255, 0.0 ], [ 36.066706125817518, -0.196027251459472, 0.0 ], [ 36.066717932962767, -0.196055188237779, 0.0 ], [ 36.06672983355292, -0.196082508819187, 0.0 ], [ 36.066741065127601, -0.196106820498881, 0.0 ], [ 36.066748103427493, -0.196121694884571, 0.0 ], [ 36.066754059581932, -0.196135202930552, 0.0 ], [ 36.066760929721099, -0.19614676762289, 0.0 ], [ 36.066768152491811, -0.196158822998621, 0.0 ], [ 36.06677515990441, -0.196170639802604, 0.0 ], [ 36.066782863886857, -0.196181798951498, 0.0 ], [ 36.066790360363953, -0.196194026951376, 0.0 ], [ 36.06679585559273, -0.196205278780273, 0.0 ], [ 36.066803688782585, -0.196216623177656, 0.0 ], [ 36.0668130737456, -0.196227952485442, 0.0 ], [ 36.06682331699831, -0.196242852730402, 0.0 ], [ 36.066832230986172, -0.196258178311023, 0.0 ], [ 36.06684167138684, -0.196270711143502, 0.0 ], [ 36.066846984520879, -0.196281396422383, 0.0 ], [ 36.066851619054198, -0.196287407573957, 0.0 ], [ 36.066856715558025, -0.1962948138709, 0.0 ], [ 36.066862772297746, -0.196302713667772, 0.0 ], [ 36.066873169602751, -0.19631423651074, 0.0 ], [ 36.066885543056976, -0.196326556620154, 0.0 ], [ 36.066901992870307, -0.196344490227275, 0.0 ], [ 36.066927843974774, -0.196367527761253, 0.0 ], [ 36.066958200961402, -0.196387942203478, 0.0 ], [ 36.066989163202614, -0.196411586905917, 0.0 ], [ 36.067019323739814, -0.196436628341845, 0.0 ], [ 36.067049334171216, -0.196462972656887, 0.0 ], [ 36.067079265053934, -0.196487410490975, 0.0 ], [ 36.067109431307856, -0.196510531006702, 0.0 ], [ 36.067140360171699, -0.196535175024467, 0.0 ], [ 36.067172141038, -0.196558204566943, 0.0 ], [ 36.067205330063778, -0.196581308446697, 0.0 ], [ 36.067235920329978, -0.196607362834708, 0.0 ], [ 36.06726225717069, -0.196634522414064, 0.0 ], [ 36.067285358271782, -0.196658011251394, 0.0 ], [ 36.06730504492279, -0.196678459985764, 0.0 ], [ 36.067322514815721, -0.196698571313355, 0.0 ], [ 36.067337196642633, -0.196716039300838, 0.0 ], [ 36.067345873153911, -0.196729266831252, 0.0 ], [ 36.067353529043245, -0.196738263810406, 0.0 ], [ 36.067364272708936, -0.196745006997326, 0.0 ], [ 36.067379350565176, -0.196750706449487, 0.0 ], [ 36.06739527965005, -0.196754074917798, 0.0 ], [ 36.067412497544325, -0.196757419215779, 0.0 ], [ 36.067428447930219, -0.196762176428689, 0.0 ], [ 36.06744439487975, -0.196766043654397, 0.0 ], [ 36.067461230524266, -0.196768906299118, 0.0 ], [ 36.067477669537851, -0.196771407458673, 0.0 ], [ 36.067496084978352, -0.19677310119893, 0.0 ], [ 36.067515026068399, -0.196776441280736, 0.0 ], [ 36.067533943861385, -0.196779563605451, 0.0 ], [ 36.067556151197827, -0.196781421549031, 0.0 ], [ 36.067571084758534, -0.19678210255778, 0.0 ], [ 36.067579700427359, -0.196782495454417, 0.0 ], [ 36.067604297121811, -0.196783071692267, 0.0 ], [ 36.067631431912808, -0.196783791132856, 0.0 ], [ 36.067659665318928, -0.196784055381182, 0.0 ], [ 36.067687528100564, -0.196784081933693, 0.0 ], [ 36.067715745943218, -0.196786129767305, 0.0 ], [ 36.067743760817301, -0.196788960934766, 0.0 ], [ 36.067769819399217, -0.196790340675165, 0.0 ], [ 36.06779477505674, -0.196791148282, 0.0 ], [ 36.067818939135556, -0.196791880756727, 0.0 ], [ 36.067844927961339, -0.196791828373812, 0.0 ], [ 36.067874304507619, -0.196793695702026, 0.0 ], [ 36.067908827323095, -0.196795441047849, 0.0 ], [ 36.067946183869637, -0.19679525963739, 0.0 ], [ 36.067983698566735, -0.196793976838842, 0.0 ], [ 36.068019109108079, -0.196795154012851, 0.0 ], [ 36.068053705125998, -0.196793994489237, 0.0 ], [ 36.068084560827664, -0.196790221273409, 0.0 ], [ 36.068115666833037, -0.196781813842379, 0.0 ], [ 36.068145285861185, -0.196777600385715, 0.0 ], [ 36.068168800213769, -0.196772811210818, 0.0 ], [ 36.06818618558431, -0.196767873688143, 0.0 ], [ 36.068201499214325, -0.196759569211752, 0.0 ], [ 36.068218754147317, -0.196751169298839, 0.0 ], [ 36.068238521362957, -0.196741679250984, 0.0 ], [ 36.068262246979231, -0.196734858049082, 0.0 ], [ 36.068291950584168, -0.196729434764338, 0.0 ], [ 36.068324310300859, -0.196721593164952, 0.0 ], [ 36.068357782904897, -0.196713810489485, 0.0 ], [ 36.068392562760138, -0.196708369115433, 0.0 ], [ 36.068430197458724, -0.196703489338108, 0.0 ], [ 36.068466121035392, -0.196701472582036, 0.0 ], [ 36.068498841557307, -0.196698803813745, 0.0 ], [ 36.068532645308785, -0.196696429788616, 0.0 ], [ 36.068564589534844, -0.19669875385057, 0.0 ], [ 36.068595461009011, -0.196702490863094, 0.0 ], [ 36.06862487630891, -0.196703537780624, 0.0 ], [ 36.068653930400238, -0.196706996185533, 0.0 ], [ 36.068682637659087, -0.196712772112326, 0.0 ], [ 36.068709102128331, -0.196718222373091, 0.0 ], [ 36.068731960618422, -0.196722711540598, 0.0 ], [ 36.06875045141269, -0.196724735989689, 0.0 ], [ 36.068769971783617, -0.196725909483031, 0.0 ], [ 36.068793140121187, -0.196723971818257, 0.0 ], [ 36.068820645295247, -0.19672129491042, 0.0 ], [ 36.068853158496175, -0.196718681220989, 0.0 ], [ 36.068889292136319, -0.196716459396584, 0.0 ], [ 36.068925807103696, -0.196720089873879, 0.0 ], [ 36.068963494016323, -0.196724812033533, 0.0 ], [ 36.069000146380802, -0.196727992571686, 0.0 ], [ 36.069037563439203, -0.19673103048397, 0.0 ], [ 36.069074986460159, -0.196735933306392, 0.0 ], [ 36.069107036746672, -0.196742654923066, 0.0 ], [ 36.069137355024772, -0.196743227639733, 0.0 ], [ 36.069164001549936, -0.196739110336351, 0.0 ], [ 36.069187293643182, -0.196732584509724, 0.0 ], [ 36.069207123886066, -0.196727226357365, 0.0 ], [ 36.06922678814724, -0.19672154832222, 0.0 ], [ 36.069248515128095, -0.196714308423954, 0.0 ], [ 36.069267776481141, -0.196708236373982, 0.0 ], [ 36.069283676810393, -0.196701548425514, 0.0 ], [ 36.06929646698822, -0.196696723939875, 0.0 ], [ 36.069311790830156, -0.196691742680084, 0.0 ], [ 36.069331964467622, -0.19668841213302, 0.0 ], [ 36.069359450623288, -0.196686804108293, 0.0 ], [ 36.069393489415667, -0.196685182770222, 0.0 ], [ 36.069431749361826, -0.196682289982238, 0.0 ], [ 36.069472722016016, -0.19667668342867, 0.0 ], [ 36.069514512997884, -0.196672192891169, 0.0 ], [ 36.069553606468382, -0.196670784766341, 0.0 ], [ 36.069593447469359, -0.196669881851505, 0.0 ], [ 36.069633831916128, -0.19667153243995, 0.0 ], [ 36.069674922361443, -0.196669910523727, 0.0 ], [ 36.069713839234772, -0.196667315113651, 0.0 ], [ 36.069751843665287, -0.196662908846526, 0.0 ], [ 36.069787091608191, -0.196660077874911, 0.0 ], [ 36.069818799650399, -0.196658222110626, 0.0 ], [ 36.069847253432961, -0.196655965509415, 0.0 ], [ 36.06987489249758, -0.196652488984483, 0.0 ], [ 36.069901579474028, -0.196648099715975, 0.0 ], [ 36.069928543041421, -0.196642776233201, 0.0 ], [ 36.069956182275305, -0.1966383274965, 0.0 ], [ 36.06998140133247, -0.196636907009858, 0.0 ], [ 36.070008217639121, -0.196637221602224, 0.0 ], [ 36.07003464073302, -0.196638169508865, 0.0 ], [ 36.070061705703601, -0.196638161580062, 0.0 ], [ 36.070089669490493, -0.196640931296092, 0.0 ], [ 36.070118098531637, -0.19664167173798, 0.0 ], [ 36.070143878209151, -0.19664211083826, 0.0 ], [ 36.07016691220948, -0.196643881280603, 0.0 ], [ 36.070190052238445, -0.196644935232616, 0.0 ], [ 36.070213261257265, -0.196646674985122, 0.0 ], [ 36.070237141841552, -0.196647044181425, 0.0 ], [ 36.070258010985924, -0.196649341914901, 0.0 ], [ 36.070279499612617, -0.196650432624163, 0.0 ], [ 36.070296221673075, -0.196651234272124, 0.0 ], [ 36.070309199213767, -0.196652935194954, 0.0 ], [ 36.070320375716861, -0.196653227181427, 0.0 ], [ 36.070329829389564, -0.196651384700736, 0.0 ], [ 36.070340067296279, -0.196650588658676, 0.0 ], [ 36.070353965963506, -0.19665059198639, 0.0 ], [ 36.07037401248472, -0.196650674994554, 0.0 ], [ 36.07040279962839, -0.196651455254718, 0.0 ], [ 36.070436139245167, -0.196650157258133, 0.0 ], [ 36.070471766863939, -0.196647254969306, 0.0 ], [ 36.070509028217614, -0.196642693157895, 0.0 ], [ 36.070546515915609, -0.196637123935825, 0.0 ], [ 36.070581301868891, -0.196633145380302, 0.0 ], [ 36.070614868175149, -0.196628857600271, 0.0 ], [ 36.070649291371424, -0.196625863842108, 0.0 ], [ 36.070684160771151, -0.196622025349282, 0.0 ], [ 36.070720576652072, -0.196617669395935, 0.0 ], [ 36.070757648471449, -0.19661409602444, 0.0 ], [ 36.070793848488904, -0.19661244885336, 0.0 ], [ 36.07082847045902, -0.196612224486551, 0.0 ], [ 36.070860807095038, -0.196608538249417, 0.0 ], [ 36.070890904510684, -0.196604622121802, 0.0 ], [ 36.070919461738868, -0.196601167435681, 0.0 ], [ 36.070947383406306, -0.19659326178727, 0.0 ], [ 36.070976021978993, -0.196586503762619, 0.0 ], [ 36.071005961939413, -0.196584888929691, 0.0 ], [ 36.07103917666759, -0.196584486318303, 0.0 ], [ 36.07107385350978, -0.196583581591905, 0.0 ], [ 36.071108427585337, -0.196580090907911, 0.0 ], [ 36.071140266769831, -0.196572608798176, 0.0 ], [ 36.071170193662873, -0.196558283824507, 0.0 ], [ 36.071198600032083, -0.196539670370471, 0.0 ], [ 36.071228168818315, -0.196520157189243, 0.0 ], [ 36.071256075833944, -0.196498327033295, 0.0 ], [ 36.07127992320622, -0.196477967136937, 0.0 ], [ 36.071301998958027, -0.196462574610351, 0.0 ], [ 36.071326065880051, -0.196449403338629, 0.0 ], [ 36.071351353725106, -0.196439574484551, 0.0 ], [ 36.071378716274396, -0.196431581990782, 0.0 ], [ 36.07140353119317, -0.196426655678038, 0.0 ], [ 36.071425257830832, -0.19641641870457, 0.0 ], [ 36.071445298880469, -0.196406669350413, 0.0 ], [ 36.071465479047319, -0.196396893817365, 0.0 ], [ 36.07149191809421, -0.196383545860606, 0.0 ], [ 36.071519304182608, -0.196379606662899, 0.0 ], [ 36.071548787121756, -0.196384425874023, 0.0 ], [ 36.071574402477822, -0.196395964966288, 0.0 ], [ 36.07159447423463, -0.196411232016591, 0.0 ], [ 36.071611668716763, -0.196420636377911, 0.0 ], [ 36.071623956464606, -0.196430637127113, 0.0 ], [ 36.071636905865716, -0.196439498623737, 0.0 ], [ 36.071655177868806, -0.196445873592898, 0.0 ], [ 36.071674384850489, -0.196453509167967, 0.0 ], [ 36.071695576316316, -0.196460496344832, 0.0 ], [ 36.071720342045502, -0.196465050902306, 0.0 ], [ 36.071749084323606, -0.19647120090655, 0.0 ], [ 36.07177926887082, -0.196482655865366, 0.0 ], [ 36.071808350123639, -0.196495667437828, 0.0 ], [ 36.071835151644827, -0.19650915658824, 0.0 ], [ 36.071861179260864, -0.196524161750311, 0.0 ], [ 36.07188973007537, -0.196537275332661, 0.0 ], [ 36.071920066441066, -0.196547929781391, 0.0 ], [ 36.071951417735605, -0.196554204932122, 0.0 ], [ 36.071980275509127, -0.196556808551327, 0.0 ], [ 36.072008086623576, -0.196560427571205, 0.0 ], [ 36.072036094867386, -0.196565916057228, 0.0 ], [ 36.0720608769238, -0.196569511961029, 0.0 ], [ 36.072084451816195, -0.196573263064119, 0.0 ], [ 36.072111806878212, -0.196577608454187, 0.0 ], [ 36.072141393211311, -0.196581461801939, 0.0 ], [ 36.072169387041754, -0.19658728007985, 0.0 ], [ 36.072196160177491, -0.19659365021048, 0.0 ], [ 36.072223054367171, -0.196600655553725, 0.0 ], [ 36.072249869081247, -0.196605327029907, 0.0 ], [ 36.072277289248326, -0.196612094833321, 0.0 ], [ 36.07230604625093, -0.196621426223745, 0.0 ], [ 36.072333983328711, -0.196633709349347, 0.0 ], [ 36.072361300424753, -0.196644884622716, 0.0 ], [ 36.072387356074188, -0.196653509875939, 0.0 ], [ 36.072413033825192, -0.196662433233145, 0.0 ], [ 36.072441877023891, -0.19667157399303, 0.0 ], [ 36.072473961787153, -0.19668192606726, 0.0 ], [ 36.072505119118588, -0.196694106753319, 0.0 ], [ 36.07253372069431, -0.196704395876898, 0.0 ], [ 36.07256004406149, -0.196711516778518, 0.0 ], [ 36.072582340591822, -0.196717194922101, 0.0 ], [ 36.072604427257723, -0.196721999302222, 0.0 ], [ 36.072634179132841, -0.196728809079663, 0.0 ], [ 36.072671501635597, -0.196729193268287, 0.0 ], [ 36.072713029750552, -0.196719594931087, 0.0 ], [ 36.072756306391973, -0.196703654017927, 0.0 ], [ 36.072803940821508, -0.196690489550742, 0.0 ], [ 36.072857358051813, -0.196686596454084, 0.0 ], [ 36.072912622157119, -0.196688995057641, 0.0 ], [ 36.072966853316117, -0.196696178651968, 0.0 ], [ 36.073018527569069, -0.196708163235919, 0.0 ], [ 36.07306872691823, -0.196721960977357, 0.0 ], [ 36.073116095995545, -0.196738392058568, 0.0 ], [ 36.073157604688866, -0.196753098156423, 0.0 ], [ 36.073189294137606, -0.196760758510285, 0.0 ], [ 36.073207461697635, -0.196763994560038, 0.0 ], [ 36.073220311866038, -0.196765470481587, 0.0 ], [ 36.073231360853519, -0.196766342521371, 0.0 ], [ 36.073242482934432, -0.196764914149463, 0.0 ], [ 36.073251991197921, -0.196764127012813, 0.0 ], [ 36.07325998166958, -0.196764021787662, 0.0 ], [ 36.073267227422008, -0.196762714718391, 0.0 ], [ 36.073275435221653, -0.196761838807572, 0.0 ], [ 36.073281882989562, -0.19676114781656, 0.0 ], [ 36.073285305170955, -0.196761095104053, 0.0 ], [ 36.073289205526834, -0.19676216829147, 0.0 ], [ 36.073294911375179, -0.196764869981038, 0.0 ], [ 36.073301927097063, -0.196765135039218, 0.0 ], [ 36.073305385295292, -0.196764403771013, 0.0 ], [ 36.073308085071545, -0.196763866632646, 0.0 ], [ 36.073307754689893, -0.196764454782591, 0.0 ], [ 36.073307061025254, -0.196763851093859, 0.0 ], [ 36.073306277455202, -0.196764150030512, 0.0 ], [ 36.07330752637565, -0.196766483200426, 0.0 ], [ 36.073311485552793, -0.19676996253743, 0.0 ], [ 36.073313450076718, -0.196770580904448, 0.0 ], [ 36.073316411442789, -0.196772837571659, 0.0 ], [ 36.073322487382754, -0.196778890572844, 0.0 ], [ 36.073330659941824, -0.196784617760055, 0.0 ], [ 36.073339847913232, -0.196793595174428, 0.0 ], [ 36.073350638479965, -0.196804560666594, 0.0 ], [ 36.073366823508692, -0.196817958538357, 0.0 ], [ 36.073387172427928, -0.196834354194349, 0.0 ], [ 36.073407638194347, -0.196849751454407, 0.0 ], [ 36.073426682440591, -0.196859225731543, 0.0 ], [ 36.073446159412519, -0.196862731268047, 0.0 ], [ 36.07346440360773, -0.196863971402999, 0.0 ], [ 36.073486746905786, -0.196863970782446, 0.0 ], [ 36.073514871311851, -0.196867438071521, 0.0 ], [ 36.073546852897415, -0.196877762131431, 0.0 ], [ 36.073576610085937, -0.19689556173373, 0.0 ], [ 36.073606842318917, -0.196917032522497, 0.0 ], [ 36.073634683139012, -0.196941228890007, 0.0 ], [ 36.07366183215975, -0.196964414071226, 0.0 ], [ 36.0736903466141, -0.196980450644451, 0.0 ], [ 36.073719355399177, -0.196987185309582, 0.0 ], [ 36.073745097042568, -0.196984868594975, 0.0 ], [ 36.073770688014072, -0.196981925697243, 0.0 ], [ 36.07379872765182, -0.196982563071954, 0.0 ], [ 36.073828454924325, -0.196986491452143, 0.0 ], [ 36.073859782851265, -0.196988050113157, 0.0 ], [ 36.073890377874577, -0.196987550370614, 0.0 ], [ 36.073920940266454, -0.196988921864198, 0.0 ], [ 36.07395158831234, -0.196993238026314, 0.0 ], [ 36.073980995012008, -0.196998146697603, 0.0 ], [ 36.074008261990578, -0.197003504961174, 0.0 ], [ 36.074030206560856, -0.197010157076362, 0.0 ], [ 36.074049700343501, -0.197015127266431, 0.0 ], [ 36.074068167421821, -0.197019879523056, 0.0 ], [ 36.074086927108148, -0.197024503527461, 0.0 ], [ 36.074109698673304, -0.197028867107642, 0.0 ], [ 36.074138880884909, -0.197034453400075, 0.0 ], [ 36.074169808526506, -0.197041271529627, 0.0 ], [ 36.074202276518726, -0.197046717443026, 0.0 ], [ 36.074236383865482, -0.197049173811214, 0.0 ], [ 36.074270775379468, -0.197048404572076, 0.0 ], [ 36.074303384876877, -0.197045187317237, 0.0 ], [ 36.074334360696085, -0.197038066460748, 0.0 ], [ 36.074363080537701, -0.197028959217166, 0.0 ], [ 36.074389837514154, -0.197020017882901, 0.0 ], [ 36.074413581483519, -0.19701161543907, 0.0 ], [ 36.074436411435791, -0.197005305446762, 0.0 ], [ 36.074462044182404, -0.196999608547104, 0.0 ], [ 36.074487056058203, -0.196992748675674, 0.0 ], [ 36.074509820614573, -0.196985739326782, 0.0 ], [ 36.074526403991975, -0.196979201453532, 0.0 ], [ 36.07454142015191, -0.196973701480571, 0.0 ], [ 36.074558670672452, -0.196970643277492, 0.0 ], [ 36.074576316361451, -0.196966032851832, 0.0 ], [ 36.074590023961747, -0.196960543492677, 0.0 ], [ 36.074600850685826, -0.196954437412694, 0.0 ], [ 36.07461079794431, -0.196947827904256, 0.0 ], [ 36.074620462806983, -0.196939374209711, 0.0 ], [ 36.074629450584538, -0.196933060896648, 0.0 ], [ 36.074639253666369, -0.196929800806543, 0.0 ], [ 36.074647474520674, -0.196926139266121, 0.0 ], [ 36.074657542112327, -0.19691913673573, 0.0 ], [ 36.074675279694226, -0.19691251322492, 0.0 ], [ 36.074694749261937, -0.196907017640989, 0.0 ], [ 36.074712861448745, -0.196898383805761, 0.0 ], [ 36.074732116501735, -0.196887742490848, 0.0 ], [ 36.074755620313397, -0.196877206727658, 0.0 ], [ 36.074780490259414, -0.196871102190763, 0.0 ], [ 36.074809070905943, -0.196862528909783, 0.0 ], [ 36.074832577014952, -0.196854298091053, 0.0 ], [ 36.074855648405247, -0.196847973677952, 0.0 ], [ 36.074881099509554, -0.196844342246097, 0.0 ], [ 36.074907198683213, -0.196840292585244, 0.0 ], [ 36.07493182089285, -0.1968343551593, 0.0 ], [ 36.074953262069755, -0.19683006886056, 0.0 ], [ 36.07497371635111, -0.196823706944543, 0.0 ], [ 36.074993374705677, -0.196816427790398, 0.0 ], [ 36.075013557682546, -0.196811573844838, 0.0 ], [ 36.075032574297296, -0.19680966525577, 0.0 ], [ 36.075052357789659, -0.196805372342318, 0.0 ], [ 36.075074398899154, -0.196798767647822, 0.0 ], [ 36.075097144413341, -0.196792950064406, 0.0 ], [ 36.075121318304568, -0.196789736749404, 0.0 ], [ 36.075143746432126, -0.196787228799519, 0.0 ], [ 36.075162453030835, -0.196782308636463, 0.0 ], [ 36.07517844116586, -0.196776969657699, 0.0 ], [ 36.075191649052599, -0.196770378782951, 0.0 ], [ 36.075204453084332, -0.196763664955382, 0.0 ], [ 36.075216750537834, -0.196759200869319, 0.0 ], [ 36.075226259062866, -0.196756989741399, 0.0 ], [ 36.075234008359622, -0.196755493011932, 0.0 ], [ 36.075238458187563, -0.19675544138151, 0.0 ], [ 36.075239789107968, -0.196755885254561, 0.0 ] ], [ [ 36.075239789107968, -0.196755885254561, 0.0 ], [ 36.07530845285816, -0.196743736388363, 0.0 ], [ 36.075351197254946, -0.196738962267805, 0.0 ], [ 36.075420201018154, -0.196748557300277, 0.0 ], [ 36.075472450397001, -0.196746556915095, 0.0 ], [ 36.075536550751522, -0.196753006752888, 0.0 ], [ 36.075599751369467, -0.196756807236213, 0.0 ], [ 36.075649800176159, -0.19676990653639, 0.0 ], [ 36.075695700016674, -0.196781906402177, 0.0 ], [ 36.075745200449276, -0.196789806601763, 0.0 ], [ 36.075830649445784, -0.196808355941009, 0.0 ], [ 36.075863750338542, -0.196813155926897, 0.0 ], [ 36.075927200572245, -0.196811205382065, 0.0 ], [ 36.075973350061716, -0.196801555411189, 0.0 ], [ 36.076001300012294, -0.196791704392151, 0.0 ], [ 36.076043249528233, -0.196774854226904, 0.0 ], [ 36.076084498824841, -0.196764203173331, 0.0 ], [ 36.076136798474721, -0.196746652752212, 0.0 ], [ 36.076233698814164, -0.196712601389157, 0.0 ], [ 36.076299748445543, -0.196688550528725, 0.0 ], [ 36.076358047770199, -0.19666140005313, 0.0 ], [ 36.076395997131151, -0.196644500388926, 0.0 ], [ 36.076474698129871, -0.196619600580535, 0.0 ], [ 36.076570748094419, -0.196598701079972, 0.0 ], [ 36.076629498473501, -0.196594801653268, 0.0 ], [ 36.076654798826965, -0.196596451415007, 0.0 ], [ 36.076718898678784, -0.196601001989822, 0.0 ], [ 36.076765898269279, -0.196606251645894, 0.0 ], [ 36.0767929981902, -0.196607501449477, 0.0 ], [ 36.076831248779094, -0.196597850989557, 0.0 ], [ 36.076892847423395, -0.196580751227354, 0.0 ], [ 36.076981997495928, -0.196559350851203, 0.0 ], [ 36.077047947651771, -0.196539900809862, 0.0 ], [ 36.077102448034154, -0.196517050532021, 0.0 ], [ 36.077204947843278, -0.196462851875756, 0.0 ], [ 36.07724594778081, -0.19644110157213, 0.0 ], [ 36.077289796698551, -0.196417601589789, 0.0 ], [ 36.077360047576299, -0.196393702307457, 0.0 ], [ 36.077404147913512, -0.196380002245046, 0.0 ], [ 36.077447847228065, -0.196370602096524, 0.0 ], [ 36.07749304712663, -0.196366702104544, 0.0 ], [ 36.077516647617337, -0.196368402164431, 0.0 ], [ 36.077585897650877, -0.196387201670715, 0.0 ], [ 36.07765279711483, -0.196406052272858, 0.0 ], [ 36.077743547462347, -0.196431951987025, 0.0 ], [ 36.077827096760494, -0.196454801881494, 0.0 ], [ 36.077911596530953, -0.196477602249024, 0.0 ], [ 36.077956746151528, -0.196494851606614, 0.0 ], [ 36.078026547276181, -0.196518902645628, 0.0 ], [ 36.078094897562785, -0.19653525158783, 0.0 ], [ 36.078167496808845, -0.196545402023898, 0.0 ], [ 36.078238446582361, -0.196554751630151, 0.0 ], [ 36.078286996148805, -0.196565701141487, 0.0 ], [ 36.078331895969391, -0.19656905117463, 0.0 ], [ 36.078411296827625, -0.196561751656216, 0.0 ], [ 36.078505995729053, -0.196559351126935, 0.0 ], [ 36.078562444379372, -0.196559100718338, 0.0 ], [ 36.078621146243037, -0.196556101201871, 0.0 ], [ 36.078665596069754, -0.196556300481336, 0.0 ], [ 36.078708546246318, -0.196550800816551, 0.0 ], [ 36.078754344715946, -0.196542350655219, 0.0 ], [ 36.078827446362737, -0.196533000785959, 0.0 ], [ 36.078924545721016, -0.196522501253507, 0.0 ], [ 36.078999345931251, -0.196510401272134, 0.0 ], [ 36.079087295237059, -0.196505101878443, 0.0 ], [ 36.079150295453026, -0.196506351591771, 0.0 ], [ 36.079212695752986, -0.196509850135205, 0.0 ], [ 36.079278096039104, -0.196520800772386, 0.0 ], [ 36.07937189639042, -0.196530150738258, 0.0 ], [ 36.07944539604523, -0.19654480010992, 0.0 ], [ 36.079493734227228, -0.196595439816647, 0.0 ], [ 36.079556529697818, -0.196649813701368, 0.0 ], [ 36.079616410502055, -0.196712124769361, 0.0 ], [ 36.079647593171337, -0.19677657949241, 0.0 ], [ 36.079679114499115, -0.196865412954308, 0.0 ], [ 36.079705815055355, -0.196955751799202, 0.0 ], [ 36.079753737753201, -0.197079105538585, 0.0 ], [ 36.079812272548146, -0.197186862253503, 0.0 ], [ 36.079860387720039, -0.197260799095751, 0.0 ], [ 36.079991439778986, -0.197334192019351, 0.0 ], [ 36.080152234149786, -0.197325204446583, 0.0 ], [ 36.080321741033359, -0.197246141739431, 0.0 ], [ 36.080486655569167, -0.19713994820114, 0.0 ], [ 36.080641225258269, -0.196951274927029, 0.0 ], [ 36.080753004821183, -0.196807676817314, 0.0 ], [ 36.08086302783294, -0.196649078527089, 0.0 ], [ 36.080949114994574, -0.19651266454555, 0.0 ], [ 36.080986269807241, -0.19642476724831, 0.0 ], [ 36.081021966979314, -0.196332108882722, 0.0 ], [ 36.081080218208932, -0.196283159179576, 0.0 ], [ 36.081151250122673, -0.196248918786303, 0.0 ], [ 36.081225741861687, -0.196225579427798, 0.0 ], [ 36.081309986145158, -0.19619045041482, 0.0 ], [ 36.081376085851225, -0.196163876687834, 0.0 ], [ 36.081480957825228, -0.196116731297179, 0.0 ], [ 36.08155851228485, -0.196127769868176, 0.0 ], [ 36.081806865102614, -0.196092240078774, 0.0 ], [ 36.082090391079511, -0.196094903167906, 0.0 ], [ 36.082240518105984, -0.196132232310155, 0.0 ], [ 36.082350604076602, -0.196214634536289, 0.0 ] ] ] } },
{ "type": "Feature", "properties": { "Name": null, "Type": "Murram", "Length_Km": 0.08771779384, "main__road": 0, "Type2": 0 }, "geometry": { "type": "MultiLineString", "coordinates": [ [ [ 36.085770946264148, -0.198994642546452, 0.0 ], [ 36.085812877418782, -0.199060144977479, 0.0 ], [ 36.085925334751693, -0.199173828312603, 0.0 ], [ 36.086027682410588, -0.199226025691574, 0.0 ], [ 36.086140982401126, -0.199242072866274, 0.0 ], [ 36.0862549819457, -0.19919382318642, 0.0 ], [ 36.086421130990502, -0.199085972409545, 0.0 ] ] ] } },
{ "type": "Feature", "properties": { "Name": "Northern Bypass", "Type": "Murram", "Length_Km": 0.30179715445, "main__road": 0, "Type2": 2 }, "geometry": { "type": "MultiLineString", "coordinates": [ [ [ 36.084655389070988, -0.197546666442104, 0.0 ], [ 36.084655991772379, -0.197545676825787, 0.0 ], [ 36.084633052817289, -0.197506164937024, 0.0 ], [ 36.084559532011532, -0.19742987953621, 0.0 ], [ 36.084469525837079, -0.197321678662014, 0.0 ], [ 36.084286705244118, -0.197151909775444, 0.0 ], [ 36.083998083931633, -0.196927279571323, 0.0 ], [ 36.083683927313899, -0.196725326934788, 0.0 ], [ 36.083481167335933, -0.196631071935938, 0.0 ], [ 36.083331814869304, -0.19658752909868, 0.0 ], [ 36.083148888762736, -0.19649991870318, 0.0 ], [ 36.08300456508335, -0.196435387242148, 0.0 ], [ 36.082769808915948, -0.19634173940533, 0.0 ], [ 36.082589147373625, -0.196290445047649, 0.0 ], [ 36.082444713423783, -0.196262305082847, 0.0 ], [ 36.082352838238485, -0.196214634923493, 0.0 ] ] ] } },
{ "type": "Feature", "properties": { "Name": "Mvuke road", "Type": "Murram", "Length_Km": 0.12708144853, "main__road": 0, "Type2": 1 }, "geometry": { "type": "MultiLineString", "coordinates": [ [ [ 36.083430734792216, -0.199859662459789, 0.0 ], [ 36.083414367121961, -0.200043880431202, 0.0 ], [ 36.083397794449226, -0.200338036337728, 0.0 ], [ 36.08338891718082, -0.200620588367265, 0.0 ], [ 36.08338135432448, -0.200818082879119, 0.0 ], [ 36.083376332105352, -0.201006346240807, 0.0 ] ] ] } },
{ "type": "Feature", "properties": { "Name": "Mvuke road", "Type": "Murram", "Length_Km": 0.77273812757000004, "main__road": 0, "Type2": 1 }, "geometry": { "type": "MultiLineString", "coordinates": [ [ [ 36.084653760300895, -0.197545661076267, 0.0 ], [ 36.084908030727235, -0.197402997187832, 0.0 ], [ 36.085196386806615, -0.197176999839295, 0.0 ], [ 36.085453101018793, -0.19697796345255, 0.0 ], [ 36.085742230568243, -0.196742804867965, 0.0 ], [ 36.085975582208754, -0.1965774876032, 0.0 ], [ 36.086283970865367, -0.196382801461514, 0.0 ], [ 36.086615251200371, -0.196195164189066, 0.0 ], [ 36.086837612071164, -0.196103041804679, 0.0 ], [ 36.086945237812579, -0.196062884719218, 0.0 ], [ 36.08715139332989, -0.195980827799014, 0.0 ], [ 36.087351186457454, -0.195914295549407, 0.0 ], [ 36.087549928534926, -0.195864112036921, 0.0 ], [ 36.087752462993919, -0.19581709702734, 0.0 ], [ 36.088054988462666, -0.195759865573047, 0.0 ], [ 36.088252987329568, -0.195737125592874, 0.0 ], [ 36.088542650098084, -0.195746481299827, 0.0 ], [ 36.08891773608012, -0.195811057283741, 0.0 ], [ 36.089190570191768, -0.19586517866177, 0.0 ], [ 36.089558896823846, -0.195926746501292, 0.0 ], [ 36.089751779072124, -0.195952362231841, 0.0 ], [ 36.090072147457377, -0.19597546820877, 0.0 ], [ 36.090448547936731, -0.196008287180586, 0.0 ], [ 36.090701004430514, -0.196046053435548, 0.0 ], [ 36.091070876030415, -0.196113785730645, 0.0 ] ] ] } },
{ "type": "Feature", "properties": { "Name": null, "Type": "Murram", "Length_Km": 0.16754835101000001, "main__road": 0, "Type2": 0 }, "geometry": { "type": "MultiLineString", "coordinates": [ [ [ 36.080817486613427, -0.204869660595656, 0.0 ], [ 36.080757547324943, -0.204860352201043, 0.0 ], [ 36.080722516428288, -0.204851838926106, 0.0 ], [ 36.080627897503213, -0.204812101704632, 0.0 ], [ 36.080519446487969, -0.204760701666068, 0.0 ], [ 36.080427797606617, -0.2047149518684, 0.0 ], [ 36.080385747414653, -0.204700851580913, 0.0 ], [ 36.08030194740526, -0.204684352039059, 0.0 ], [ 36.080218597767661, -0.20465380147169, 0.0 ], [ 36.080142947152822, -0.204607050744362, 0.0 ], [ 36.080056297362333, -0.204546500823465, 0.0 ], [ 36.079980697079321, -0.20450944972781, 0.0 ], [ 36.079918996076543, -0.204504900035341, 0.0 ], [ 36.079848947254064, -0.204505999634174, 0.0 ], [ 36.079764047104653, -0.204518749628125, 0.0 ], [ 36.079717947821884, -0.204537399591444, 0.0 ], [ 36.079624246165373, -0.204588499155836, 0.0 ], [ 36.079519647322044, -0.204622649761479, 0.0 ], [ 36.079422747861869, -0.204653649269677, 0.0 ] ] ] } },
{ "type": "Feature", "properties": { "Name": null, "Type": "Murram", "Length_Km": 0.27203685867, "main__road": 0, "Type2": 0 }, "geometry": { "type": "MultiLineString", "coordinates": [ [ [ 36.0580981344213, -0.202079481111661, 0.0 ], [ 36.058011808295348, -0.202084819670209, 0.0 ], [ 36.057942893539725, -0.20210082778872, 0.0 ], [ 36.057916591052688, -0.202114702208246, 0.0 ], [ 36.057852343641066, -0.202184030395193, 0.0 ], [ 36.057800443340177, -0.202246314153217, 0.0 ], [ 36.057737043954013, -0.202311154634579, 0.0 ], [ 36.057663039548224, -0.202377623167179, 0.0 ], [ 36.057524020098434, -0.202494807847473, 0.0 ], [ 36.057407873187351, -0.202586607387861, 0.0 ], [ 36.05723379071209, -0.2027135618889, 0.0 ], [ 36.057032578813164, -0.2028514342335, 0.0 ], [ 36.056826933200796, -0.202980022843823, 0.0 ], [ 36.056623992769069, -0.203102853690432, 0.0 ], [ 36.056430683446692, -0.203214832118297, 0.0 ], [ 36.056299849020235, -0.203282494612272, 0.0 ], [ 36.056182504257038, -0.203337822727549, 0.0 ], [ 36.05607055271782, -0.203391969086864, 0.0 ] ] ] } },
{ "type": "Feature", "properties": { "Name": null, "Type": "Murram", "Length_Km": 0.34208873647, "main__road": 0, "Type2": 0 }, "geometry": { "type": "MultiLineString", "coordinates": [ [ [ 36.045710988023046, -0.196764067936662, 0.0 ], [ 36.045757540285898, -0.196707033162793, 0.0 ], [ 36.045790610834032, -0.196674610667091, 0.0 ], [ 36.045865809190225, -0.196641367048575, 0.0 ], [ 36.045952005602558, -0.196621663737084, 0.0 ], [ 36.046057172331416, -0.196605446836301, 0.0 ], [ 36.046185553026788, -0.196590628148056, 0.0 ], [ 36.046338825631132, -0.196574063707623, 0.0 ], [ 36.046542995698793, -0.196554739812868, 0.0 ], [ 36.046695608999599, -0.196546822860682, 0.0 ], [ 36.046833365332496, -0.19653952672515, 0.0 ], [ 36.046955378690704, -0.196533939093325, 0.0 ], [ 36.04711491687236, -0.196531959495913, 0.0 ], [ 36.04722670936102, -0.196539013969749, 0.0 ], [ 36.047342989297952, -0.196556216704397, 0.0 ], [ 36.047473309084332, -0.196580587754031, 0.0 ], [ 36.04753412002399, -0.196594030221254, 0.0 ], [ 36.04765328260445, -0.196637665152922, 0.0 ], [ 36.047753695520157, -0.196688834895957, 0.0 ], [ 36.047856773179483, -0.196775542516533, 0.0 ], [ 36.0479087522423, -0.196839478684496, 0.0 ], [ 36.047995654959777, -0.196975845678504, 0.0 ], [ 36.048076104331081, -0.197104476487396, 0.0 ], [ 36.048107269042433, -0.197168226503209, 0.0 ], [ 36.048123069429828, -0.197233963374315, 0.0 ], [ 36.048120334808736, -0.197301016124119, 0.0 ], [ 36.0481020984083, -0.197365698906148, 0.0 ], [ 36.048074699435439, -0.197421142439524, 0.0 ], [ 36.048022723709707, -0.197492820669055, 0.0 ] ] ] } },
{ "type": "Feature", "properties": { "Name": "Ring road", "Type": "Murram", "Length_Km": 0.29923636081, "main__road": 0, "Type2": 0 }, "geometry": { "type": "MultiLineString", "coordinates": [ [ [ 36.05062679689037, -0.220680253655057, 0.0 ], [ 36.050664159814858, -0.220690723860977, 0.0 ], [ 36.050685294783968, -0.220694762276284, 0.0 ], [ 36.050703459729156, -0.220695468804619, 0.0 ], [ 36.050755209267116, -0.220697047539181, 0.0 ], [ 36.050798758111085, -0.220695975516381, 0.0 ], [ 36.050863666451711, -0.220693556033295, 0.0 ], [ 36.050907159204918, -0.220690190849087, 0.0 ], [ 36.050986741191828, -0.220679746428667, 0.0 ], [ 36.051037298066959, -0.22067168972084, 0.0 ], [ 36.051084034658729, -0.220662058315246, 0.0 ], [ 36.051138194337994, -0.22065247897068, 0.0 ], [ 36.051213463304364, -0.220640620577713, 0.0 ], [ 36.051276195956603, -0.220630053559981, 0.0 ], [ 36.0513463338322, -0.220619113941398, 0.0 ], [ 36.051413746863417, -0.220608608380015, 0.0 ], [ 36.051445736144586, -0.220602833925106, 0.0 ], [ 36.051523356281479, -0.220587699799337, 0.0 ], [ 36.051591349758453, -0.220569188196389, 0.0 ], [ 36.05165069625194, -0.2205492283394, 0.0 ], [ 36.051681231064421, -0.220537049395274, 0.0 ], [ 36.051728809522537, -0.220513575205348, 0.0 ], [ 36.051780295231701, -0.220487547512469, 0.0 ], [ 36.051845307951517, -0.220456330816157, 0.0 ], [ 36.051898920961257, -0.220428982579953, 0.0 ], [ 36.051938122891045, -0.220407073445872, 0.0 ], [ 36.051975968188479, -0.220383288320439, 0.0 ], [ 36.052046768756405, -0.220338437621884, 0.0 ], [ 36.052157237528675, -0.220269243762588, 0.0 ], [ 36.05220797742075, -0.220238694648936, 0.0 ], [ 36.052242987716248, -0.220218757980006, 0.0 ], [ 36.052276118341332, -0.220200553001901, 0.0 ], [ 36.052305836602855, -0.220182986145031, 0.0 ], [ 36.052356718555522, -0.220151128742916, 0.0 ], [ 36.05240148720916, -0.220117353753177, 0.0 ], [ 36.052433527880396, -0.220096631326873, 0.0 ], [ 36.052461644359489, -0.220073268019884, 0.0 ], [ 36.052572639739481, -0.220046933947417, 0.0 ], [ 36.052839853593191, -0.219963725492511, 0.0 ], [ 36.053131753218409, -0.219855524832951, 0.0 ] ] ] } },
{ "type": "Feature", "properties": { "Name": null, "Type": "Murram", "Length_Km": 0.06704301456, "main__road": 0, "Type2": 0 }, "geometry": { "type": "MultiLineString", "coordinates": [ [ [ 36.054823779107743, -0.212900659423752, 0.0 ], [ 36.05485704430204, -0.212906353463812, 0.0 ], [ 36.054875619684246, -0.212915454633064, 0.0 ], [ 36.054885319075396, -0.21291892783703, 0.0 ], [ 36.05491452796587, -0.21292282489007, 0.0 ], [ 36.054942078422307, -0.212916499997433, 0.0 ], [ 36.054957803805195, -0.212909007304026, 0.0 ], [ 36.054976118601431, -0.212895862620945, 0.0 ], [ 36.054997195665543, -0.212878988691771, 0.0 ], [ 36.055022316282539, -0.212860129571908, 0.0 ], [ 36.055050677198658, -0.212839299564856, 0.0 ], [ 36.055078251921508, -0.212818440494392, 0.0 ], [ 36.055103854087804, -0.21279693773502, 0.0 ], [ 36.055154177093627, -0.212753902229332, 0.0 ], [ 36.055180625682219, -0.212736703140107, 0.0 ], [ 36.055206351404422, -0.212721582031395, 0.0 ], [ 36.055230584697462, -0.212705968214862, 0.0 ], [ 36.055254008396631, -0.212690676804096, 0.0 ], [ 36.055277586560834, -0.212679660021904, 0.0 ], [ 36.055301456884919, -0.212675686310391, 0.0 ], [ 36.055322317149546, -0.212680691307863, 0.0 ], [ 36.055341309280728, -0.212692955814051, 0.0 ] ] ] } },
{ "type": "Feature", "properties": { "Name": "Ring road", "Type": "Murram", "Length_Km": 1.3411724111200001, "main__road": 0, "Type2": 2 }, "geometry": { "type": "MultiLineString", "coordinates": [ [ [ 36.052964978768031, -0.233878285567098, 0.0 ], [ 36.052973711472873, -0.23385208168833, 0.0 ], [ 36.053189729077062, -0.232796734972959, 0.0 ], [ 36.053203057432818, -0.232758495917194, 0.0 ], [ 36.05322524329231, -0.232714888131949, 0.0 ], [ 36.053251646299252, -0.232610752963846, 0.0 ], [ 36.053285792987367, -0.232523284978711, 0.0 ], [ 36.053311201382733, -0.23246379202121, 0.0 ], [ 36.053352241747781, -0.232371515074205, 0.0 ], [ 36.053388515829575, -0.232286641544887, 0.0 ], [ 36.05342013860075, -0.232217482113127, 0.0 ], [ 36.053447067256869, -0.232162705874727, 0.0 ], [ 36.053481766424476, -0.232028672831262, 0.0 ], [ 36.053527471015137, -0.231918768980444, 0.0 ], [ 36.053578351981841, -0.231810436525521, 0.0 ], [ 36.053622278807154, -0.231690887120601, 0.0 ], [ 36.053654299637493, -0.231636830218559, 0.0 ], [ 36.053681523001117, -0.231589097923565, 0.0 ], [ 36.053721503774753, -0.231494839254425, 0.0 ], [ 36.053761281023412, -0.231395146715089, 0.0 ], [ 36.053806429897847, -0.231290214812714, 0.0 ], [ 36.053854125300383, -0.231196701319957, 0.0 ], [ 36.053902478036875, -0.231110132476762, 0.0 ], [ 36.053948650552599, -0.231024634760688, 0.0 ], [ 36.05399363343389, -0.230928166144944, 0.0 ], [ 36.054035651291088, -0.230834720116949, 0.0 ], [ 36.054057786551198, -0.230739545145016, 0.0 ], [ 36.054073996702073, -0.23065705630055, 0.0 ], [ 36.054075376789719, -0.230583251827897, 0.0 ], [ 36.054076641066445, -0.230527256789116, 0.0 ], [ 36.054059300328852, -0.230476132456284, 0.0 ], [ 36.054034736818409, -0.2304018898519, 0.0 ], [ 36.054013112745444, -0.230340068666815, 0.0 ], [ 36.053992218195347, -0.230287734686866, 0.0 ], [ 36.05395733909679, -0.23023930649674, 0.0 ], [ 36.053911400406747, -0.230185727727619, 0.0 ], [ 36.053842459326859, -0.230131093427649, 0.0 ], [ 36.053777263600544, -0.230075786775535, 0.0 ], [ 36.053705197750446, -0.230015363841847, 0.0 ], [ 36.053626936688339, -0.229958673022242, 0.0 ], [ 36.053553495010682, -0.229898173924525, 0.0 ], [ 36.053481109806469, -0.229841465353178, 0.0 ], [ 36.053402732380711, -0.229778862746232, 0.0 ], [ 36.053327800661648, -0.229715018503844, 0.0 ], [ 36.053246455142165, -0.229644094713095, 0.0 ], [ 36.053159211809479, -0.229570858496985, 0.0 ], [ 36.05307556856669, -0.229491866653139, 0.0 ], [ 36.052987074316135, -0.229417773658234, 0.0 ], [ 36.052900307319433, -0.229345713063006, 0.0 ], [ 36.05281865592535, -0.229274016745363, 0.0 ], [ 36.052737050712928, -0.229200304676708, 0.0 ], [ 36.052654159861319, -0.229119892697043, 0.0 ], [ 36.052573319273634, -0.229037481642133, 0.0 ], [ 36.052535370723874, -0.228998168612026, 0.0 ], [ 36.052493761196089, -0.22895506363317, 0.0 ], [ 36.052415920020096, -0.22886815184088, 0.0 ], [ 36.052343872259392, -0.228784980945857, 0.0 ], [ 36.052279978740849, -0.228694479603757, 0.0 ], [ 36.052217449265271, -0.228604637222093, 0.0 ], [ 36.052155411147226, -0.22852153707157, 0.0 ], [ 36.052097662876335, -0.22843464660588, 0.0 ], [ 36.05203598647001, -0.228351401079377, 0.0 ], [ 36.051972839440317, -0.228261921827744, 0.0 ], [ 36.051891466788, -0.228187685887088, 0.0 ], [ 36.051856384159208, -0.228102536660999, 0.0 ], [ 36.051810954524058, -0.227990068997313, 0.0 ], [ 36.051765924063105, -0.227851803921152, 0.0 ], [ 36.051723437120543, -0.227722180705858, 0.0 ], [ 36.051696352112863, -0.227640725849835, 0.0 ], [ 36.051677041080019, -0.227563940199842, 0.0 ], [ 36.051649131589741, -0.227485380083334, 0.0 ], [ 36.051668103616628, -0.227377645585519, 0.0 ], [ 36.051677942374575, -0.227267659445489, 0.0 ], [ 36.051696989983526, -0.22715885608393, 0.0 ], [ 36.051721909251633, -0.227048459185625, 0.0 ], [ 36.051741173254989, -0.22693456719575, 0.0 ], [ 36.051750945949436, -0.226831579751053, 0.0 ], [ 36.051742788281949, -0.226726036205433, 0.0 ], [ 36.051716211335055, -0.226625853168284, 0.0 ], [ 36.051676429818173, -0.22653394105718, 0.0 ], [ 36.051625283604743, -0.226445683224477, 0.0 ], [ 36.051572317077799, -0.226362967265026, 0.0 ], [ 36.051518912307465, -0.226281591154898, 0.0 ], [ 36.051464005870663, -0.226201071292054, 0.0 ], [ 36.051408588200104, -0.226118870773842, 0.0 ], [ 36.051346643871405, -0.226037388151583, 0.0 ], [ 36.051275917492873, -0.225956689831633, 0.0 ], [ 36.051201584632558, -0.225877928857487, 0.0 ], [ 36.051113940717336, -0.225810461996951, 0.0 ], [ 36.05102468628899, -0.225740642942161, 0.0 ], [ 36.050935537451338, -0.225676917300886, 0.0 ], [ 36.050851653889175, -0.225614557960256, 0.0 ], [ 36.050770761726284, -0.225551799873412, 0.0 ], [ 36.050700202939211, -0.225494883369031, 0.0 ], [ 36.050638288910847, -0.225432526677136, 0.0 ], [ 36.050592184908623, -0.22536145415284, 0.0 ], [ 36.050548363925856, -0.225286768894021, 0.0 ], [ 36.050519009199149, -0.225200011833938, 0.0 ], [ 36.050493036113984, -0.225109110985794, 0.0 ], [ 36.050476854374551, -0.225019230386559, 0.0 ], [ 36.050467933958736, -0.224943999213535, 0.0 ], [ 36.050459278104356, -0.224865210913189, 0.0 ], [ 36.05043585047607, -0.224804885906819, 0.0 ], [ 36.050407739634579, -0.224722629580635, 0.0 ], [ 36.050383334835381, -0.224634159552392, 0.0 ], [ 36.050370310512236, -0.224584517223866, 0.0 ], [ 36.050314028126493, -0.224463499413849, 0.0 ], [ 36.050295957851759, -0.224401722629391, 0.0 ], [ 36.050269458643683, -0.224320596054238, 0.0 ], [ 36.05025676057258, -0.224227734548014, 0.0 ], [ 36.050243768750185, -0.224136221045491, 0.0 ], [ 36.050239034320398, -0.224064639171279, 0.0 ], [ 36.050241414279775, -0.223983792163007, 0.0 ], [ 36.050227704501118, -0.223914728425055, 0.0 ], [ 36.050205199441514, -0.223849867032964, 0.0 ], [ 36.050188595087711, -0.223786266339555, 0.0 ], [ 36.05016313301288, -0.223706750077156, 0.0 ], [ 36.050136517728859, -0.223640557880736, 0.0 ], [ 36.050089301236319, -0.223585271639291, 0.0 ], [ 36.050060624389744, -0.223560203909891, 0.0 ], [ 36.050031825531626, -0.223543999743396, 0.0 ], [ 36.050006022913472, -0.223539221257703, 0.0 ] ] ] } },
{ "type": "Feature", "properties": { "Name": "Ring road", "Type": "Murram", "Length_Km": 0.33509265578000003, "main__road": 0, "Type2": 2 }, "geometry": { "type": "MultiLineString", "coordinates": [ [ [ 36.050006022913443, -0.223539221257703, 0.0 ], [ 36.050039871657411, -0.223515784248014, 0.0 ], [ 36.050078804795589, -0.223487052689605, 0.0 ], [ 36.050111900191688, -0.223451788375123, 0.0 ], [ 36.050129421530855, -0.223434810112478, 0.0 ], [ 36.050145189393362, -0.223407678580716, 0.0 ], [ 36.050172088034572, -0.223306780012385, 0.0 ], [ 36.05019618889834, -0.223184679649256, 0.0 ], [ 36.050204988102749, -0.22310128055946, 0.0 ], [ 36.05021478861746, -0.222973682092208, 0.0 ], [ 36.050220988692118, -0.222890283384597, 0.0 ], [ 36.050229238885592, -0.222782683243729, 0.0 ], [ 36.050239788330636, -0.222712082939267, 0.0 ], [ 36.050263989161579, -0.222574182619935, 0.0 ], [ 36.050293090179188, -0.222436585950584, 0.0 ], [ 36.050329189850821, -0.222289383475232, 0.0 ], [ 36.050367788954794, -0.222165284643248, 0.0 ], [ 36.050399489609788, -0.222043087257984, 0.0 ], [ 36.050437689555793, -0.221899387238563, 0.0 ], [ 36.050467790186545, -0.221803587838104, 0.0 ], [ 36.050517889203462, -0.221658586372176, 0.0 ], [ 36.050564789643474, -0.221522386409832, 0.0 ], [ 36.050602389472921, -0.22140438522332, 0.0 ], [ 36.050630288847884, -0.221302386266535, 0.0 ], [ 36.050655590191923, -0.221203985535058, 0.0 ], [ 36.05068708972896, -0.221077087003308, 0.0 ], [ 36.050710389739024, -0.220959887100858, 0.0 ], [ 36.050718288948957, -0.220860885686379, 0.0 ], [ 36.050720762971096, -0.220811976496864, 0.0 ], [ 36.050709488722646, -0.220779985830734, 0.0 ], [ 36.050693089082799, -0.220761087150745, 0.0 ], [ 36.050662988948041, -0.220721186012837, 0.0 ], [ 36.05062679689037, -0.220680253655057, 0.0 ] ] ] } },
{ "type": "Feature", "properties": { "Name": null, "Type": "Murram", "Length_Km": 1.7238502315099999, "main__road": 0, "Type2": 0 }, "geometry": { "type": "MultiLineString", "coordinates": [ [ [ 36.060447437854393, -0.241932275704022, 0.0 ], [ 36.060497680481454, -0.241923665930744, 0.0 ], [ 36.060549179794172, -0.241918366976877, 0.0 ], [ 36.06057936172293, -0.241909400493628, 0.0 ], [ 36.060619279392121, -0.241889066940119, 0.0 ], [ 36.060656019060261, -0.241860193397136, 0.0 ], [ 36.060696993940539, -0.241818959513527, 0.0 ], [ 36.06071682080109, -0.241796347424314, 0.0 ], [ 36.060731362603896, -0.241772404191776, 0.0 ], [ 36.06077772972619, -0.241688518319285, 0.0 ], [ 36.060830513080219, -0.241587501907156, 0.0 ], [ 36.060873222314008, -0.24151483532134, 0.0 ], [ 36.060909129044376, -0.241452466653736, 0.0 ], [ 36.060932879333784, -0.241410667036918, 0.0 ], [ 36.060956993514338, -0.241358501245453, 0.0 ], [ 36.060984261414944, -0.241293995656242, 0.0 ], [ 36.061006780618769, -0.241233966055488, 0.0 ], [ 36.06102921225056, -0.241172121232539, 0.0 ], [ 36.061052780042814, -0.241102118637799, 0.0 ], [ 36.061073051644613, -0.241034889182499, 0.0 ], [ 36.061098360707916, -0.24093883082544, 0.0 ], [ 36.061123578499789, -0.240841446959045, 0.0 ], [ 36.061139878502559, -0.240779268303707, 0.0 ], [ 36.061158164454, -0.240713808435078, 0.0 ], [ 36.061178218041483, -0.240641873310734, 0.0 ], [ 36.061203557536992, -0.240550290149162, 0.0 ], [ 36.061226180357501, -0.240466967418489, 0.0 ], [ 36.061242596242288, -0.240391469771256, 0.0 ], [ 36.061252063993642, -0.240340151028812, 0.0 ], [ 36.061260273672453, -0.240287808310987, 0.0 ], [ 36.061263305348675, -0.240237152285739, 0.0 ], [ 36.061263379068087, -0.240164385227961, 0.0 ], [ 36.061261633311837, -0.240105545768489, 0.0 ], [ 36.061253478618646, -0.240050616338823, 0.0 ], [ 36.061241216948609, -0.239966135927836, 0.0 ], [ 36.061232879759146, -0.239908369362139, 0.0 ], [ 36.061227021280182, -0.239834377651301, 0.0 ], [ 36.061225393967149, -0.239775580685689, 0.0 ], [ 36.061227172067326, -0.239723757025708, 0.0 ], [ 36.061232951617185, -0.239652903972819, 0.0 ], [ 36.061248835391453, -0.239542594813307, 0.0 ], [ 36.061269127882156, -0.239431163498415, 0.0 ], [ 36.061282878386521, -0.23934596943228, 0.0 ], [ 36.061294851117943, -0.239251445988185, 0.0 ], [ 36.061305443703624, -0.239151669096448, 0.0 ], [ 36.061318978874077, -0.239040468536366, 0.0 ], [ 36.061326626003378, -0.238982715319343, 0.0 ], [ 36.06134428815534, -0.238865720361991, 0.0 ], [ 36.061355601847772, -0.238806497872188, 0.0 ], [ 36.061370679036955, -0.238737269534312, 0.0 ], [ 36.061390063740085, -0.238674474375932, 0.0 ], [ 36.061398678363958, -0.23864656963226, 0.0 ], [ 36.061416228285907, -0.238606569361349, 0.0 ], [ 36.061425514614278, -0.238585402418946, 0.0 ], [ 36.061450229112111, -0.238537412807656, 0.0 ], [ 36.061476378355934, -0.238491069739955, 0.0 ], [ 36.061507614263327, -0.238442031603395, 0.0 ], [ 36.061536326737901, -0.238395735156153, 0.0 ], [ 36.061562218682909, -0.238352305926965, 0.0 ], [ 36.061586816879746, -0.238306779316005, 0.0 ], [ 36.061618078273725, -0.238243168058018, 0.0 ], [ 36.061655479152662, -0.238150867248084, 0.0 ], [ 36.061678543726757, -0.238078671561626, 0.0 ], [ 36.061717977838853, -0.237950068035172, 0.0 ], [ 36.061756215950837, -0.237815387971949, 0.0 ], [ 36.061776777921907, -0.237736370954299, 0.0 ], [ 36.061794593755508, -0.237656393797359, 0.0 ], [ 36.061817337766563, -0.237554748197281, 0.0 ], [ 36.061822778964149, -0.237530468648457, 0.0 ], [ 36.061844870608589, -0.237454012563319, 0.0 ], [ 36.061872827909916, -0.23735350109084, 0.0 ], [ 36.061897820922091, -0.237248001471513, 0.0 ], [ 36.061920424707004, -0.237147222314033, 0.0 ], [ 36.061937378304265, -0.237065820983135, 0.0 ], [ 36.061952103361762, -0.23700190349049, 0.0 ], [ 36.061958447339151, -0.236934990813139, 0.0 ], [ 36.061964100942205, -0.236864716837826, 0.0 ], [ 36.061967310155509, -0.236762411115234, 0.0 ], [ 36.061965385149072, -0.236679952268967, 0.0 ], [ 36.061963678076829, -0.236580969615129, 0.0 ], [ 36.061953501086109, -0.236444380939878, 0.0 ], [ 36.061947578207281, -0.236359572964408, 0.0 ], [ 36.061945117576521, -0.236267471478696, 0.0 ], [ 36.061941969927425, -0.236173108299865, 0.0 ], [ 36.061937616852809, -0.236109392784987, 0.0 ], [ 36.061922482932701, -0.235994476175071, 0.0 ], [ 36.061900063219909, -0.235861883079219, 0.0 ], [ 36.061881995097821, -0.235761245330814, 0.0 ], [ 36.06185761785612, -0.235637639298079, 0.0 ], [ 36.061829912660535, -0.235492529337539, 0.0 ], [ 36.06180887809613, -0.235336471744424, 0.0 ], [ 36.06180706019024, -0.235256407302871, 0.0 ], [ 36.061815115160542, -0.235152497927273, 0.0 ], [ 36.061834266929615, -0.23506069282616, 0.0 ], [ 36.061873778127804, -0.234930873030819, 0.0 ], [ 36.06191998750429, -0.234791429266847, 0.0 ], [ 36.061960196838726, -0.234657671990726, 0.0 ], [ 36.061996488985073, -0.234526375116059, 0.0 ], [ 36.06203277787813, -0.234393373260727, 0.0 ], [ 36.062053095574079, -0.234305232207588, 0.0 ], [ 36.062058628477722, -0.234240623354229, 0.0 ], [ 36.0620651181925, -0.234166882667655, 0.0 ], [ 36.062073658236855, -0.234077843746531, 0.0 ], [ 36.062102068594221, -0.233928742836718, 0.0 ], [ 36.062136479374516, -0.233806826937416, 0.0 ], [ 36.062170155609699, -0.233712968364919, 0.0 ], [ 36.062207623838013, -0.233618689528717, 0.0 ], [ 36.062234296229676, -0.233545618935625, 0.0 ], [ 36.062264715986103, -0.233488426045733, 0.0 ], [ 36.062317378544911, -0.233382173990026, 0.0 ], [ 36.062350700620776, -0.233321441642134, 0.0 ], [ 36.062399545862469, -0.233238334649814, 0.0 ], [ 36.062449578129844, -0.233135072725449, 0.0 ], [ 36.062500298672347, -0.233023516476266, 0.0 ], [ 36.062532477788984, -0.232947373163472, 0.0 ], [ 36.062564015707665, -0.232868713365887, 0.0 ], [ 36.062599276928339, -0.232774462921778, 0.0 ], [ 36.062635777922459, -0.2326697750823, 0.0 ], [ 36.062664166996441, -0.232584369721086, 0.0 ], [ 36.062693078426243, -0.232494476600786, 0.0 ], [ 36.062716672790906, -0.232414831182587, 0.0 ], [ 36.062744139407499, -0.232315336781258, 0.0 ], [ 36.06276680643316, -0.232223556675419, 0.0 ], [ 36.062788276349323, -0.232122217810856, 0.0 ], [ 36.062809148107782, -0.232005325349776, 0.0 ], [ 36.062824920249881, -0.231910630807033, 0.0 ], [ 36.062843457785981, -0.231788433195778, 0.0 ], [ 36.062859187805422, -0.231671326426471, 0.0 ], [ 36.062874581078823, -0.231533027145948, 0.0 ], [ 36.062882936098617, -0.231430419699285, 0.0 ], [ 36.062886408375121, -0.231298699312262, 0.0 ], [ 36.062887614334272, -0.231092521663702, 0.0 ], [ 36.062895595309989, -0.230891425991828, 0.0 ], [ 36.062900657178361, -0.230798571533117, 0.0 ], [ 36.062909376537803, -0.230642736841921, 0.0 ], [ 36.062918177559105, -0.230491274376209, 0.0 ], [ 36.062927788800238, -0.230340786989788, 0.0 ], [ 36.062940777522094, -0.230202478153249, 0.0 ], [ 36.062954827376963, -0.230098128032949, 0.0 ], [ 36.062969014057764, -0.230009473264353, 0.0 ], [ 36.062991600395534, -0.229885245284819, 0.0 ], [ 36.063013977040512, -0.229781577223052, 0.0 ], [ 36.063028104440676, -0.229728583199895, 0.0 ], [ 36.0630539769924, -0.229628477586408, 0.0 ], [ 36.063081927710094, -0.229512677968719, 0.0 ], [ 36.063106001091462, -0.229410957358184, 0.0 ], [ 36.063132477957318, -0.229313679018516, 0.0 ], [ 36.063157794895069, -0.229204806259507, 0.0 ], [ 36.063172977120573, -0.229136979081642, 0.0 ], [ 36.06319461742337, -0.229030484575501, 0.0 ], [ 36.063209277843654, -0.228955478690283, 0.0 ], [ 36.063232678067003, -0.228867079658523, 0.0 ], [ 36.063260677241985, -0.228782179149605, 0.0 ], [ 36.063290277622443, -0.228696878695905, 0.0 ], [ 36.063309805721687, -0.228632359331212, 0.0 ], [ 36.063320588041677, -0.228588615907288, 0.0 ], [ 36.063331977540315, -0.228533578400604, 0.0 ], [ 36.063328527830507, -0.228496529993687, 0.0 ], [ 36.063325077222188, -0.228459480683301, 0.0 ], [ 36.0632996784516, -0.228439914854474, 0.0 ], [ 36.063261077776858, -0.228410178845251, 0.0 ], [ 36.063238878402707, -0.228391479257347, 0.0 ], [ 36.063216678131234, -0.228372779669977, 0.0 ], [ 36.063171907584838, -0.228363386433646, 0.0 ], [ 36.063076978438595, -0.228346579418207, 0.0 ], [ 36.062973878360431, -0.228330508931926, 0.0 ], [ 36.062845887396719, -0.228313334684937, 0.0 ], [ 36.062763607456382, -0.228297077792255, 0.0 ], [ 36.062671494622869, -0.228285041124835, 0.0 ], [ 36.062577861034647, -0.228275031683891, 0.0 ], [ 36.06249717905304, -0.228265731443283, 0.0 ], [ 36.062425081788298, -0.228255543870484, 0.0 ], [ 36.062338782590636, -0.228240828503745, 0.0 ], [ 36.062266005565789, -0.228227998856956, 0.0 ], [ 36.062213578439803, -0.228219081141188, 0.0 ], [ 36.062180279337817, -0.228215981567043, 0.0 ], [ 36.062140230975125, -0.228213411899255, 0.0 ], [ 36.062104549498777, -0.228221387378264, 0.0 ], [ 36.062090678930197, -0.22822038253646, 0.0 ], [ 36.062069629214982, -0.228228782038212, 0.0 ], [ 36.062028779066736, -0.228245732185217, 0.0 ], [ 36.0620014660064, -0.228257286460874, 0.0 ], [ 36.061962829869529, -0.228265832370381, 0.0 ], [ 36.06193377983108, -0.228270082111962, 0.0 ] ] ] } },
{ "type": "Feature", "properties": { "Name": "Loliondo road", "Type": "Murram", "Length_Km": 1.86688891361, "main__road": 0, "Type2": 2 }, "geometry": { "type": "MultiLineString", "coordinates": [ [ [ 36.063963843872195, -0.214321354217359, 0.0 ], [ 36.064043283296677, -0.214376614333712, 0.0 ], [ 36.064091383658877, -0.214386012163543, 0.0 ], [ 36.064141181987942, -0.214395917202305, 0.0 ], [ 36.064191182834151, -0.214407516412606, 0.0 ], [ 36.064238982441111, -0.214422217047025, 0.0 ], [ 36.064283181890787, -0.214443314942809, 0.0 ], [ 36.064323382768812, -0.21447041608229, 0.0 ], [ 36.064360283628353, -0.214501912302778, 0.0 ], [ 36.064397282778195, -0.214535716178368, 0.0 ], [ 36.064435682003214, -0.214569613387775, 0.0 ], [ 36.06447668310345, -0.21460331773923, 0.0 ], [ 36.064519382059174, -0.214638115697594, 0.0 ], [ 36.064563983686718, -0.21467301341108, 0.0 ], [ 36.064609283472109, -0.214708411820362, 0.0 ], [ 36.064654782312466, -0.214744817714805, 0.0 ], [ 36.064701282684368, -0.214781616842305, 0.0 ], [ 36.064747283152329, -0.214818415877223, 0.0 ], [ 36.064792683215735, -0.214855114507589, 0.0 ], [ 36.064839381993536, -0.214891613707287, 0.0 ], [ 36.064886282652395, -0.21492841201951, 0.0 ], [ 36.064931482556752, -0.214965218141266, 0.0 ], [ 36.064975682001183, -0.215000716655329, 0.0 ], [ 36.065019483128445, -0.215035314268679, 0.0 ], [ 36.065064182742802, -0.215069418724835, 0.0 ], [ 36.065107982549044, -0.215101515350203, 0.0 ], [ 36.065148683292854, -0.215128915698182, 0.0 ], [ 36.065185382226758, -0.215150913932125, 0.0 ], [ 36.065222382388292, -0.215169916996605, 0.0 ], [ 36.065266181772358, -0.215190014644812, 0.0 ], [ 36.065317981974587, -0.215212012159626, 0.0 ], [ 36.065375581569221, -0.215235217913593, 0.0 ], [ 36.065435982536378, -0.215256915297376, 0.0 ], [ 36.065499782218907, -0.215274418206103, 0.0 ], [ 36.065568583141193, -0.215285116623903, 0.0 ], [ 36.065643483394005, -0.215286618190351, 0.0 ], [ 36.065721281460029, -0.21527971469369, 0.0 ], [ 36.065798583356745, -0.215267314876136, 0.0 ], [ 36.065875382925029, -0.215253515379115, 0.0 ], [ 36.065953382876245, -0.215242216200854, 0.0 ], [ 36.066033983153737, -0.215234219048641, 0.0 ], [ 36.066118482550301, -0.215228916993612, 0.0 ], [ 36.066207582067307, -0.215226015616792, 0.0 ], [ 36.066298282867194, -0.215227116319167, 0.0 ], [ 36.066390082352278, -0.215232219005455, 0.0 ], [ 36.066481582091654, -0.215242018230539, 0.0 ], [ 36.066572781970926, -0.215257119366756, 0.0 ], [ 36.066664882020056, -0.215277116052452, 0.0 ], [ 36.066757781697717, -0.215302123019149, 0.0 ], [ 36.066852382057363, -0.215332318437865, 0.0 ], [ 36.066944482063271, -0.215366916329907, 0.0 ], [ 36.067033182666542, -0.215404623559035, 0.0 ], [ 36.067117082639889, -0.215441923281433, 0.0 ], [ 36.067195182206689, -0.215478621947571, 0.0 ], [ 36.067270181746075, -0.215515722099725, 0.0 ], [ 36.067345682915239, -0.215553221717179, 0.0 ], [ 36.067422682682668, -0.21559192152741, 0.0 ], [ 36.067498682452822, -0.215631622273095, 0.0 ], [ 36.067571082269318, -0.215671822894803, 0.0 ], [ 36.067640181904586, -0.215717220050553, 0.0 ], [ 36.067702981899828, -0.215767918879879, 0.0 ], [ 36.067751581889588, -0.215827023334558, 0.0 ], [ 36.06779188216769, -0.215889022047661, 0.0 ], [ 36.067825582724971, -0.215953222329222, 0.0 ], [ 36.067854582836794, -0.216018722809901, 0.0 ], [ 36.067878982958938, -0.216081121460668, 0.0 ], [ 36.067901782642117, -0.216139826134396, 0.0 ], [ 36.067925783252619, -0.216198122641094, 0.0 ], [ 36.067946683333261, -0.216259421018464, 0.0 ], [ 36.067955883207439, -0.216322928111514, 0.0 ], [ 36.067950582355365, -0.216385627362441, 0.0 ], [ 36.067928383515756, -0.216443023195073, 0.0 ], [ 36.067894283554033, -0.216492522504751, 0.0 ], [ 36.067853683273285, -0.216535925278405, 0.0 ], [ 36.067806483262899, -0.21657212466012, 0.0 ], [ 36.067752583710963, -0.216602127174498, 0.0 ], [ 36.067697983804152, -0.216629027698045, 0.0 ], [ 36.067645684300196, -0.216655327807705, 0.0 ], [ 36.067594484441798, -0.216680527614877, 0.0 ], [ 36.06754358411726, -0.216702226260172, 0.0 ], [ 36.067493884147147, -0.216721829825662, 0.0 ], [ 36.067443684711314, -0.216739125652315, 0.0 ], [ 36.067392084358531, -0.216756027263958, 0.0 ], [ 36.067339984120544, -0.216772829388158, 0.0 ], [ 36.067287784244712, -0.216789724555994, 0.0 ], [ 36.067237084719018, -0.216808027725992, 0.0 ], [ 36.067189885132045, -0.216827925412694, 0.0 ], [ 36.067145385008388, -0.216848929550423, 0.0 ], [ 36.067100584416039, -0.216868926181847, 0.0 ], [ 36.06705488561915, -0.216887929648398, 0.0 ], [ 36.067009685871561, -0.216906726298954, 0.0 ], [ 36.066965885112964, -0.216926630053465, 0.0 ], [ 36.066923485676412, -0.216949528406109, 0.0 ], [ 36.066884985773321, -0.216977630088775, 0.0 ], [ 36.066851285841686, -0.217009626950066, 0.0 ], [ 36.066822185907803, -0.217044631675888, 0.0 ], [ 36.066794486241747, -0.217078729516654, 0.0 ], [ 36.06676718645555, -0.217110233371672, 0.0 ], [ 36.066740586316385, -0.21713912793886, 0.0 ], [ 36.066714886441453, -0.217167629638901, 0.0 ], [ 36.066690385928936, -0.217199232515733, 0.0 ], [ 36.066666986666284, -0.217235431907654, 0.0 ], [ 36.066644986104976, -0.21727423195394, 0.0 ], [ 36.066622586461754, -0.217311430850175, 0.0 ], [ 36.066599486006069, -0.217347929366599, 0.0 ], [ 36.066573786436244, -0.217384228600439, 0.0 ], [ 36.066546485978009, -0.217419233655042, 0.0 ], [ 36.066520785967803, -0.217453130374959, 0.0 ], [ 36.066498286220821, -0.21748812912631, 0.0 ], [ 36.066479586761801, -0.21752632804303, 0.0 ], [ 36.066464986685418, -0.217566529090501, 0.0 ], [ 36.066451586484774, -0.217607129733357, 0.0 ], [ 36.066436786607831, -0.217645529986842, 0.0 ], [ 36.066423087003152, -0.217679533831643, 0.0 ], [ 36.066410287302325, -0.217710329382944, 0.0 ], [ 36.066399086289863, -0.217739831375331, 0.0 ], [ 36.066389686476356, -0.217769733983717, 0.0 ], [ 36.06638198644599, -0.217800029960257, 0.0 ], [ 36.066377786995638, -0.217828531282666, 0.0 ], [ 36.066375786794566, -0.217855030788685, 0.0 ], [ 36.066373886959276, -0.217882331753071, 0.0 ], [ 36.066372286504766, -0.217911633210605, 0.0 ], [ 36.066369387047388, -0.217942629455297, 0.0 ], [ 36.066365686446652, -0.217976633425613, 0.0 ], [ 36.066359886505246, -0.218011131224448, 0.0 ], [ 36.066351487012199, -0.218043027230269, 0.0 ], [ 36.066343186471357, -0.218073729679887, 0.0 ], [ 36.066337087068113, -0.218106633576775, 0.0 ], [ 36.066331486501099, -0.21814043117006, 0.0 ], [ 36.066325686248355, -0.218176529134274, 0.0 ], [ 36.066319786924794, -0.218214428735442, 0.0 ], [ 36.06631368623502, -0.218254028757286, 0.0 ], [ 36.066307386510175, -0.21829252913323, 0.0 ], [ 36.066299686669979, -0.218331128626153, 0.0 ], [ 36.066289185951703, -0.218368627967722, 0.0 ], [ 36.066274486684598, -0.21840642737145, 0.0 ], [ 36.066254886664517, -0.218441732054786, 0.0 ], [ 36.06623078696456, -0.218470426476026, 0.0 ], [ 36.066202285754159, -0.218490729779345, 0.0 ], [ 36.066172186735329, -0.21850773214389, 0.0 ], [ 36.066142185756597, -0.218523626788007, 0.0 ], [ 36.066112986241677, -0.218539527911751, 0.0 ], [ 36.066085186917995, -0.218554928746369, 0.0 ], [ 36.066061185608604, -0.218571330535878, 0.0 ], [ 36.06603988681664, -0.218586925086531, 0.0 ], [ 36.066021086500548, -0.218603326982383, 0.0 ], [ 36.066004886630786, -0.218622328863994, 0.0 ], [ 36.065991386278192, -0.21864212548051, 0.0 ], [ 36.065982486262456, -0.218663122890568, 0.0 ], [ 36.06597728492455, -0.218683626784149, 0.0 ], [ 36.065975786601072, -0.218704423240893, 0.0 ], [ 36.065977185394715, -0.218725227489554, 0.0 ], [ 36.065980385445876, -0.218746124249695, 0.0 ], [ 36.065984985264656, -0.218768722645557, 0.0 ], [ 36.065990785318888, -0.218794521608996, 0.0 ], [ 36.065998085789069, -0.218826024000582, 0.0 ], [ 36.066007485742531, -0.218865624314528, 0.0 ], [ 36.06601668505305, -0.218907826781382, 0.0 ], [ 36.066026084409231, -0.218950521716446, 0.0 ], [ 36.066035784385512, -0.218993423621155, 0.0 ], [ 36.066046685513385, -0.219039420380542, 0.0 ], [ 36.066059485241077, -0.219088025123459, 0.0 ], [ 36.066074584450824, -0.219136123430482, 0.0 ], [ 36.066090684598784, -0.219183020227494, 0.0 ], [ 36.066106084927171, -0.219228724218258, 0.0 ], [ 36.06611988421762, -0.21927392010922, 0.0 ], [ 36.066133684479645, -0.219318722962135, 0.0 ], [ 36.066147784774891, -0.219362119064856, 0.0 ], [ 36.066162584564381, -0.219403719973668, 0.0 ], [ 36.066178684767685, -0.219445621112269, 0.0 ], [ 36.066195184944888, -0.219489123400889, 0.0 ], [ 36.066211484691195, -0.219534119201269, 0.0 ], [ 36.066228784091841, -0.219579922961905, 0.0 ], [ 36.066246383961015, -0.219626719771808, 0.0 ], [ 36.066264683856858, -0.219673617012764, 0.0 ], [ 36.066283683758797, -0.219720721302446, 0.0 ], [ 36.066303983689743, -0.219770119933048, 0.0 ], [ 36.066324983473493, -0.219820519823356, 0.0 ], [ 36.066345183798262, -0.219869818145256, 0.0 ], [ 36.066365283794767, -0.219918116231693, 0.0 ], [ 36.066384983871814, -0.21996451952045, 0.0 ], [ 36.066403683818869, -0.220007915637466, 0.0 ], [ 36.066421083734703, -0.220049016512471, 0.0 ], [ 36.066438183142544, -0.220089316794369, 0.0 ], [ 36.066454783463442, -0.220130018151095, 0.0 ], [ 36.066470383112744, -0.220170518727399, 0.0 ], [ 36.06648498314248, -0.220210018891313, 0.0 ], [ 36.066499283348911, -0.220249819876048, 0.0 ], [ 36.066513683938673, -0.220290320220645, 0.0 ], [ 36.066527483281384, -0.220330421084215, 0.0 ], [ 36.066540383409631, -0.220370114276376, 0.0 ], [ 36.06655128314965, -0.220409114062828, 0.0 ], [ 36.066558783130347, -0.22044831467266, 0.0 ], [ 36.06656348377755, -0.220487714416176, 0.0 ], [ 36.066566583172062, -0.220527715602972, 0.0 ], [ 36.066568882972859, -0.220567315461773, 0.0 ], [ 36.066570083570575, -0.22060571520514, 0.0 ], [ 36.06657028263767, -0.220643714484221, 0.0 ], [ 36.066569883111541, -0.22068151396369, 0.0 ], [ 36.066566883081755, -0.220717018846867, 0.0 ], [ 36.066564082335297, -0.220752316858514, 0.0 ], [ 36.066563383467923, -0.220787915257719, 0.0 ], [ 36.066564082254665, -0.220822212835116, 0.0 ], [ 36.066569482522759, -0.220859118046384, 0.0 ], [ 36.066576282532161, -0.220893215333496, 0.0 ], [ 36.066584382561494, -0.220925017887171, 0.0 ], [ 36.066593982406111, -0.220956313850622, 0.0 ], [ 36.066602982230535, -0.220985515292983, 0.0 ], [ 36.066612182642366, -0.221012416364638, 0.0 ], [ 36.066620882012778, -0.221035914609858, 0.0 ], [ 36.066628782159036, -0.22105711228764, 0.0 ], [ 36.066638381833606, -0.221080017085368, 0.0 ], [ 36.066647082197342, -0.221103015674693, 0.0 ], [ 36.066657082742985, -0.221127515298643, 0.0 ], [ 36.066667381999608, -0.221152814613928, 0.0 ], [ 36.06667778271175, -0.221177914267503, 0.0 ], [ 36.066687782436517, -0.221202012721207, 0.0 ], [ 36.066698482150379, -0.221226412191615, 0.0 ], [ 36.066708081804244, -0.221249410056717, 0.0 ], [ 36.066716782105608, -0.221272715852094, 0.0 ], [ 36.066726182203404, -0.221297314750167, 0.0 ], [ 36.066735881851137, -0.221323014218406, 0.0 ], [ 36.066744981872944, -0.221349214129779, 0.0 ], [ 36.066751681710734, -0.221372212329459, 0.0 ], [ 36.066757981439181, -0.221394310525534, 0.0 ], [ 36.066766381039088, -0.221417808717701, 0.0 ], [ 36.066775181682438, -0.221442014460427, 0.0 ], [ 36.066784081051487, -0.221466212994662, 0.0 ], [ 36.066793181692752, -0.221489211668779, 0.0 ], [ 36.066801380932411, -0.221509207704674, 0.0 ], [ 36.06680858099994, -0.221525910143279, 0.0 ], [ 36.066814481118946, -0.22153990983995, 0.0 ], [ 36.066820581535204, -0.221553109943978, 0.0 ], [ 36.066826381270218, -0.221566410281742, 0.0 ], [ 36.066832981319997, -0.221581010970421, 0.0 ], [ 36.066839781278233, -0.221596811598859, 0.0 ], [ 36.066846780267937, -0.221613706452842, 0.0 ], [ 36.066853880400878, -0.221632009041239, 0.0 ], [ 36.066861380585287, -0.221651505284162, 0.0 ], [ 36.066868880592949, -0.221671908680817, 0.0 ], [ 36.066876880351906, -0.221693106387346, 0.0 ], [ 36.066885679761462, -0.221714403641198, 0.0 ], [ 36.066894079899811, -0.221735107191267, 0.0 ], [ 36.066902180313996, -0.221755603772036, 0.0 ], [ 36.0669104799709, -0.221776107620697, 0.0 ], [ 36.066918880265419, -0.221796004311075, 0.0 ], [ 36.066927279660959, -0.221815907326327, 0.0 ], [ 36.066936379925274, -0.221836203519802, 0.0 ], [ 36.066946179906161, -0.221858201216334, 0.0 ], [ 36.066957179314947, -0.221882900732763, 0.0 ], [ 36.066971278681258, -0.221912202587708, 0.0 ], [ 36.066989278572912, -0.221946106036093, 0.0 ], [ 36.067012078653704, -0.221982704787849, 0.0 ], [ 36.067038679422019, -0.222020403899046, 0.0 ], [ 36.067067978945708, -0.22205820383788, 0.0 ], [ 36.067098279296218, -0.222095402218999, 0.0 ], [ 36.067128078842593, -0.222132601406689, 0.0 ], [ 36.067155978483434, -0.222169300563552, 0.0 ], [ 36.067179878756797, -0.222206599785685, 0.0 ], [ 36.067202578371401, -0.222242904878523, 0.0 ], [ 36.067223277990792, -0.222281104300046, 0.0 ], [ 36.067243778950214, -0.222320903852374, 0.0 ], [ 36.067260978580848, -0.222362398697232, 0.0 ], [ 36.067274778213807, -0.22240530058568, 0.0 ], [ 36.067285678088254, -0.222447902829879, 0.0 ], [ 36.067293578446517, -0.222490898424745, 0.0 ], [ 36.067301978552187, -0.222534700076497, 0.0 ], [ 36.067308678580197, -0.222579602807274, 0.0 ], [ 36.067314478319574, -0.222624999596554, 0.0 ], [ 36.067318178692261, -0.222670996824491, 0.0 ], [ 36.06732267824389, -0.222719500630145, 0.0 ], [ 36.067325778223726, -0.222769899785202, 0.0 ], [ 36.067325477307811, -0.222821699656704, 0.0 ], [ 36.067323677098372, -0.222875900839538, 0.0 ], [ 36.067319878159893, -0.222930094397605, 0.0 ], [ 36.067315576794648, -0.222983395158465, 0.0 ], [ 36.067311777324115, -0.223035694896459, 0.0 ], [ 36.067308577634421, -0.223086693655931, 0.0 ], [ 36.067306076681767, -0.223139794187083, 0.0 ], [ 36.067304276844958, -0.223196596659251, 0.0 ], [ 36.067304076402714, -0.223257693972879, 0.0 ], [ 36.067304777197315, -0.223322594464022, 0.0 ], [ 36.067309576719516, -0.223392796836872, 0.0 ], [ 36.067320776821248, -0.22346489430155, 0.0 ], [ 36.06734007648857, -0.223534196922455, 0.0 ], [ 36.067367476214656, -0.223598196474712, 0.0 ], [ 36.06740167712497, -0.223657893823009, 0.0 ], [ 36.0674403771567, -0.223713195445382, 0.0 ], [ 36.067482276990262, -0.223762794564876, 0.0 ], [ 36.067526376851866, -0.223806497624704, 0.0 ], [ 36.067571377048651, -0.223844897087888, 0.0 ], [ 36.067614476528227, -0.223877794520962, 0.0 ], [ 36.06765737653371, -0.223907296413524, 0.0 ], [ 36.067701276785769, -0.223934597483971, 0.0 ], [ 36.067743776437467, -0.223959896936303, 0.0 ], [ 36.067782876602493, -0.223983995812159, 0.0 ], [ 36.067819277014571, -0.224008495323628, 0.0 ], [ 36.067855876731208, -0.224032693997463, 0.0 ], [ 36.06789077595699, -0.224060095383866, 0.0 ], [ 36.067923976388656, -0.224091197334024, 0.0 ], [ 36.067955576535049, -0.224127095862036, 0.0 ], [ 36.06798817646748, -0.224167696614686, 0.0 ], [ 36.068022676476282, -0.224212492885906, 0.0 ], [ 36.068058575309763, -0.224259195908771, 0.0 ], [ 36.068095775437975, -0.224306294041217, 0.0 ], [ 36.068134075978158, -0.224352990320782, 0.0 ], [ 36.068173374948636, -0.224397593299577, 0.0 ], [ 36.06821307569188, -0.224439194800329, 0.0 ], [ 36.068252475447167, -0.224477894071916, 0.0 ], [ 36.068294276139127, -0.224511391239285, 0.0 ], [ 36.068339075422607, -0.224540093014592, 0.0 ], [ 36.068385375058902, -0.224565592040355, 0.0 ], [ 36.068430675296639, -0.224588991040184, 0.0 ], [ 36.068474074988124, -0.224610588002235, 0.0 ], [ 36.068513975528049, -0.224631192179392, 0.0 ], [ 36.068551275059178, -0.224652089489169, 0.0 ], [ 36.068586574843785, -0.224673593580169, 0.0 ], [ 36.06862057509138, -0.224694890502049, 0.0 ], [ 36.068653174166052, -0.224717087975393, 0.0 ], [ 36.068682673900511, -0.224740687126071, 0.0 ], [ 36.068706974186156, -0.224765486044767, 0.0 ], [ 36.068723974755898, -0.224792086069758, 0.0 ], [ 36.068736774092059, -0.22481888674549, 0.0 ], [ 36.068748173970164, -0.22484698733738, 0.0 ], [ 36.068760574322447, -0.224876288935651, 0.0 ], [ 36.068774473655722, -0.224904790297065, 0.0 ], [ 36.068790174526093, -0.224931990920509, 0.0 ], [ 36.068807373835753, -0.224956589646555, 0.0 ], [ 36.068824873442871, -0.224978487749611, 0.0 ], [ 36.06884147375564, -0.22500038567346, 0.0 ], [ 36.068854974045195, -0.225022590181759, 0.0 ], [ 36.068867673647986, -0.225045388156801, 0.0 ], [ 36.068881573483523, -0.225066785884003, 0.0 ], [ 36.068895473299229, -0.225088283001214, 0.0 ], [ 36.06890957317664, -0.225110187655983, 0.0 ], [ 36.068925173476451, -0.225133086506661, 0.0 ], [ 36.068942273181626, -0.225157584925657, 0.0 ], [ 36.068959173483471, -0.225182884746374, 0.0 ], [ 36.068975273018033, -0.225209184627449, 0.0 ], [ 36.068991472775735, -0.225236985311035, 0.0 ], [ 36.069007672936394, -0.225267286997154, 0.0 ], [ 36.069024872338858, -0.225300483829866, 0.0 ], [ 36.069042672551191, -0.225336282078744, 0.0 ], [ 36.069060172463935, -0.225374781856513, 0.0 ], [ 36.069076471884834, -0.225415982982861, 0.0 ], [ 36.069091272421105, -0.225457483785674, 0.0 ], [ 36.06910587197558, -0.225498684573619, 0.0 ], [ 36.069119972518898, -0.22553988616614, 0.0 ], [ 36.069133572237995, -0.225581179820462, 0.0 ], [ 36.069145971918154, -0.225622881635715, 0.0 ], [ 36.06915827203408, -0.225664282552677, 0.0 ], [ 36.06917017186386, -0.225705683390259, 0.0 ], [ 36.069181671526309, -0.225746484197044, 0.0 ], [ 36.069192771121827, -0.225786178086376, 0.0 ], [ 36.069204271197947, -0.225824877257998, 0.0 ], [ 36.06921807176132, -0.225862582996908, 0.0 ], [ 36.069239091667697, -0.225919130828572, 0.0 ], [ 36.069244266731467, -0.226050045056992, 0.0 ], [ 36.069246853148861, -0.226123356203818, 0.0 ], [ 36.069252038437611, -0.22620714172382, 0.0 ], [ 36.069254623427518, -0.226283072237347, 0.0 ], [ 36.069245980284855, -0.226320953900473, 0.0 ], [ 36.069237270431763, -0.226359127945887, 0.0 ] ] ] } },
{ "type": "Feature", "properties": { "Name": "Kismayu road", "Type": "Murram", "Length_Km": 1.63001324214, "main__road": 0, "Type2": 2 }, "geometry": { "type": "MultiLineString", "coordinates": [ [ [ 36.064270982720757, -0.207475921949865, 0.0 ], [ 36.0642689385461, -0.207419946537133, 0.0 ], [ 36.06427430681368, -0.20736376558167, 0.0 ], [ 36.064286684935688, -0.207310183587747, 0.0 ], [ 36.064306475008657, -0.207259099432394, 0.0 ], [ 36.064335378938303, -0.207209109331375, 0.0 ], [ 36.064371493490171, -0.207163219905065, 0.0 ], [ 36.064413521676173, -0.207122033573381, 0.0 ], [ 36.064459455686929, -0.207081243707155, 0.0 ], [ 36.064506790887364, -0.207039351779771, 0.0 ], [ 36.064555025577967, -0.206996357698543, 0.0 ], [ 36.064603962146116, -0.206953163157258, 0.0 ], [ 36.064652498947581, -0.206912071070337, 0.0 ], [ 36.06470023503838, -0.206871781173767, 0.0 ], [ 36.06474776862283, -0.206829688678742, 0.0 ], [ 36.064794903003865, -0.206786594986833, 0.0 ], [ 36.064841435183929, -0.206743401791278, 0.0 ], [ 36.064886366051084, -0.20670121122451, 0.0 ], [ 36.064928493143441, -0.206659021946083, 0.0 ], [ 36.064969720193005, -0.206616032868008, 0.0 ], [ 36.065011344959636, -0.20657234271433, 0.0 ], [ 36.065053070354217, -0.206528051723023, 0.0 ], [ 36.065095295707856, -0.206483459038408, 0.0 ], [ 36.065137220526871, -0.206438166956765, 0.0 ], [ 36.065178042523208, -0.2063917732564, 0.0 ], [ 36.065217561699917, -0.206343478269536, 0.0 ], [ 36.065256478946303, -0.206293581195773, 0.0 ], [ 36.065294694531232, -0.206242683773099, 0.0 ], [ 36.065332709882931, -0.206192286870226, 0.0 ], [ 36.065369924041633, -0.206140388136605, 0.0 ], [ 36.065406036182914, -0.206087890151682, 0.0 ], [ 36.065439443216825, -0.206035694353089, 0.0 ], [ 36.065470449448519, -0.205983499918727, 0.0 ], [ 36.065499350280277, -0.205930606660901, 0.0 ], [ 36.065524745799742, -0.205876013203241, 0.0 ], [ 36.065546936396153, -0.205821222185315, 0.0 ], [ 36.065566525704519, -0.205768335348092, 0.0 ], [ 36.065583812627168, -0.205717152161184, 0.0 ], [ 36.065601097234264, -0.205663867342084, 0.0 ], [ 36.065619284039023, -0.205609379173135, 0.0 ], [ 36.065636465145808, -0.205552688895656, 0.0 ], [ 36.065652444954253, -0.205493496499201, 0.0 ], [ 36.065667020666069, -0.205431601361324, 0.0 ], [ 36.06568209337523, -0.205365899705283, 0.0 ], [ 36.065697865752568, -0.205297294202671, 0.0 ], [ 36.065713336693335, -0.205227988400829, 0.0 ], [ 36.065729110104122, -0.205158581455886, 0.0 ], [ 36.065743880683925, -0.205090976885335, 0.0 ], [ 36.065757753331667, -0.205025777368692, 0.0 ], [ 36.065770224624806, -0.204962581643429, 0.0 ], [ 36.065784197280934, -0.204900185821718, 0.0 ], [ 36.065797873400271, -0.204839793089228, 0.0 ], [ 36.065811449696625, -0.20478050175053, 0.0 ], [ 36.065826827981596, -0.204722210955363, 0.0 ], [ 36.065844010966067, -0.204664819507669, 0.0 ], [ 36.065861993616551, -0.204607427300067, 0.0 ], [ 36.065880877421733, -0.204549634986823, 0.0 ], [ 36.065900563477861, -0.204492441863472, 0.0 ], [ 36.065921151335004, -0.204436250022669, 0.0 ], [ 36.065941039735328, -0.204381760319431, 0.0 ], [ 36.065957725508923, -0.204329276791907, 0.0 ], [ 36.065973009158633, -0.204278095007394, 0.0 ], [ 36.065987294252515, -0.204229919113283, 0.0 ], [ 36.066000979351209, -0.204184346203908, 0.0 ], [ 36.066013365287375, -0.204141479156002, 0.0 ], [ 36.066024551719558, -0.204101115595221, 0.0 ], [ 36.066038341875647, -0.204060249234754, 0.0 ], [ 36.066055732567278, -0.204015575110443, 0.0 ], [ 36.066074825196033, -0.203969298415545, 0.0 ], [ 36.066093618292449, -0.203921718761891, 0.0 ], [ 36.066112309125998, -0.203873840016747, 0.0 ], [ 36.066131399450924, -0.203825359585509, 0.0 ], [ 36.066150291284202, -0.20377768055553, 0.0 ], [ 36.066168382874352, -0.203733206231126, 0.0 ], [ 36.06618507790882, -0.203694039942937, 0.0 ], [ 36.06619877342434, -0.203660383793964, 0.0 ], [ 36.066210466879134, -0.203630334208855, 0.0 ], [ 36.066221861431266, -0.203600485154668, 0.0 ], [ 36.06623245613514, -0.203571637076205, 0.0 ], [ 36.066242648545547, -0.203543991534639, 0.0 ], [ 36.066255247231567, -0.203515844060094, 0.0 ], [ 36.066268642210396, -0.203486494118666, 0.0 ], [ 36.066281638771812, -0.203456743836738, 0.0 ], [ 36.066294834719564, -0.203426192151152, 0.0 ], [ 36.066308631323736, -0.203394337670298, 0.0 ], [ 36.066324230063437, -0.203362683196383, 0.0 ], [ 36.066340130039883, -0.203332830432602, 0.0 ], [ 36.066354529277262, -0.203303679446612, 0.0 ], [ 36.066368927509295, -0.203275130216617, 0.0 ], [ 36.066382626412953, -0.203247581980764, 0.0 ], [ 36.066396326142083, -0.203220434915645, 0.0 ], [ 36.066410625362622, -0.203193486736674, 0.0 ], [ 36.066423924017002, -0.203165738744354, 0.0 ], [ 36.066436821400757, -0.203138492143071, 0.0 ], [ 36.066450120790932, -0.203111645881481, 0.0 ], [ 36.066463519065834, -0.203083897001598, 0.0 ], [ 36.066477518680259, -0.20305604884023, 0.0 ], [ 36.066492217621921, -0.203027198779483, 0.0 ], [ 36.066507916694739, -0.202996544530815, 0.0 ], [ 36.066524817674612, -0.202964988766015, 0.0 ], [ 36.066543618831524, -0.202932430414429, 0.0 ], [ 36.066565225037643, -0.202897767321255, 0.0 ], [ 36.066589530513184, -0.202860297417112, 0.0 ], [ 36.066615740207816, -0.202824329536507, 0.0 ], [ 36.066641650893239, -0.202789162136, 0.0 ], [ 36.066667261565108, -0.202755396972592, 0.0 ], [ 36.066692271526613, -0.202723234577979, 0.0 ], [ 36.066718085377666, -0.202692573105315, 0.0 ], [ 36.066742697427109, -0.202662214100444, 0.0 ], [ 36.066765708253733, -0.20263235627026, 0.0 ], [ 36.066787014121324, -0.202600897060281, 0.0 ], [ 36.066807619905433, -0.202569639212362, 0.0 ], [ 36.066828223983038, -0.20253787989861, 0.0 ], [ 36.0668489297435, -0.202504619823084, 0.0 ], [ 36.066871534997006, -0.202469154548365, 0.0 ], [ 36.066896041289645, -0.202432886367514, 0.0 ], [ 36.066920850073245, -0.202396418557191, 0.0 ], [ 36.066944354144873, -0.202358549121038, 0.0 ], [ 36.066966655800954, -0.202319379273872, 0.0 ], [ 36.06698925971704, -0.202281310894009, 0.0 ], [ 36.067012263809275, -0.202243842534663, 0.0 ], [ 36.067033969800939, -0.202208178308959, 0.0 ], [ 36.067054271805496, -0.202174217001684, 0.0 ], [ 36.067075176047396, -0.202140154604836, 0.0 ], [ 36.067098784321757, -0.202106792031733, 0.0 ], [ 36.067124595212235, -0.20207252540941, 0.0 ], [ 36.067152308617779, -0.20203925934522, 0.0 ], [ 36.067180625034261, -0.202006594241342, 0.0 ], [ 36.067208337541537, -0.201973328173571, 0.0 ], [ 36.067234949965545, -0.201938660516738, 0.0 ], [ 36.067259355922609, -0.201901291782416, 0.0 ], [ 36.067281858571661, -0.201862321632802, 0.0 ], [ 36.067302558360964, -0.201822152161201, 0.0 ], [ 36.067320553306239, -0.201780782302551, 0.0 ], [ 36.06733484260964, -0.201738714245898, 0.0 ], [ 36.06734602666112, -0.201696146877918, 0.0 ], [ 36.067354006664708, -0.201653483160009, 0.0 ], [ 36.067359984404334, -0.201610520011302, 0.0 ], [ 36.067364461156295, -0.201569660033978, 0.0 ], [ 36.067366238881455, -0.201535312287898, 0.0 ], [ 36.067366818496161, -0.201505771158883, 0.0 ], [ 36.06736579382769, -0.20147372784112, 0.0 ], [ 36.067363764054328, -0.201436076975805, 0.0 ], [ 36.067364134751671, -0.201395220780903, 0.0 ], [ 36.067366707343005, -0.201352460317894, 0.0 ], [ 36.067371478891644, -0.201304091072928, 0.0 ], [ 36.067379352823238, -0.201252113644159, 0.0 ], [ 36.067386725192769, -0.20119933649233, 0.0 ], [ 36.067392595044254, -0.201147160828866, 0.0 ], [ 36.067397064674715, -0.201095686965209, 0.0 ], [ 36.067400233424181, -0.20104651689534, 0.0 ], [ 36.067402803276366, -0.200998850208493, 0.0 ], [ 36.067404970291626, -0.200950382009733, 0.0 ], [ 36.067406837752287, -0.200900712952944, 0.0 ], [ 36.067409906853406, -0.200851643157208, 0.0 ], [ 36.067413579350969, -0.200806078299706, 0.0 ], [ 36.067416552115318, -0.200763818465798, 0.0 ], [ 36.0674185264212, -0.200724063066022, 0.0 ], [ 36.067419501248274, -0.200687512343701, 0.0 ], [ 36.067419078090644, -0.200654266520835, 0.0 ], [ 36.067418957300028, -0.200626629023485, 0.0 ], [ 36.067418339383401, -0.200603597683562, 0.0 ], [ 36.067417022104991, -0.200581768830549, 0.0 ], [ 36.067414703906159, -0.200561141507277, 0.0 ], [ 36.067411183976176, -0.200540415484222, 0.0 ], [ 36.06740596019192, -0.200516887280972, 0.0 ], [ 36.06739913221076, -0.200490355426005, 0.0 ], [ 36.067391902238292, -0.200463323842275, 0.0 ], [ 36.067385575041527, -0.20043689237004, 0.0 ], [ 36.067379047509021, -0.200411562277415, 0.0 ], [ 36.067372519993611, -0.20038613189217, 0.0 ], [ 36.06736509147877, -0.200360201689422, 0.0 ], [ 36.067356761119804, -0.200333470790328, 0.0 ], [ 36.067349030534182, -0.200305337704632, 0.0 ], [ 36.067340898115361, -0.200275803157684, 0.0 ], [ 36.067332162876824, -0.200244566235089, 0.0 ], [ 36.067322526638414, -0.200212830398842, 0.0 ], [ 36.067313291492738, -0.200181593388366, 0.0 ], [ 36.06730485853253, -0.200151358546542, 0.0 ], [ 36.067296324929167, -0.200121823930575, 0.0 ], [ 36.067287692688282, -0.200091788736529, 0.0 ], [ 36.067279558697777, -0.20006095219174, 0.0 ], [ 36.067271825834915, -0.200030415693841, 0.0 ], [ 36.067264193403176, -0.200000379775205, 0.0 ], [ 36.067257161483617, -0.199969843402618, 0.0 ], [ 36.067251632130812, -0.199938403757532, 0.0 ], [ 36.067249006073517, -0.199907563675013, 0.0 ], [ 36.067250787393618, -0.199878021857947, 0.0 ], [ 36.06725777665828, -0.199849777544533, 0.0 ], [ 36.067269173230365, -0.199823232667493, 0.0 ], [ 36.067283775996643, -0.199799889599959, 0.0 ], [ 36.06730038343715, -0.199778447935022, 0.0 ], [ 36.067311398196878, -0.199764300457074, 0.0 ], [ 36.067318091436313, -0.199755703560362, 0.0 ], [ 36.067334995064073, -0.199729054847041, 0.0 ], [ 36.067350694723977, -0.199699702528412, 0.0 ], [ 36.067364592402463, -0.199669250281519, 0.0 ], [ 36.067375485278468, -0.199638700822387, 0.0 ], [ 36.067382069762125, -0.199605350529168, 0.0 ], [ 36.067385048558066, -0.199569399209017, 0.0 ], [ 36.067386724240187, -0.199533147682563, 0.0 ], [ 36.0673876989935, -0.199496797545988, 0.0 ], [ 36.067389775149266, -0.199459444675269, 0.0 ], [ 36.067392753078074, -0.199423292768464, 0.0 ], [ 36.0673964335882, -0.199388041815054, 0.0 ], [ 36.06739911217614, -0.199354593245946, 0.0 ], [ 36.067400391390528, -0.199322148261697, 0.0 ], [ 36.067401269318076, -0.199290304060336, 0.0 ], [ 36.067403350630741, -0.199259359093942, 0.0 ], [ 36.067406131092255, -0.19922841515467, 0.0 ], [ 36.067409714760366, -0.199197769525452, 0.0 ], [ 36.067413296632488, -0.199167124799241, 0.0 ], [ 36.067415377906592, -0.199136381321656, 0.0 ], [ 36.06741705785921, -0.199106438309276, 0.0 ], [ 36.067418237957583, -0.199076196136749, 0.0 ], [ 36.067419016909113, -0.199045753307432, 0.0 ], [ 36.067420296732742, -0.199014910298424, 0.0 ], [ 36.067421775939472, -0.198983265884769, 0.0 ], [ 36.067422953003167, -0.198949818855709, 0.0 ], [ 36.067424129622182, -0.198913767824729, 0.0 ], [ 36.067424801402858, -0.198875114509841, 0.0 ], [ 36.067424571669036, -0.198833757644571, 0.0 ], [ 36.067423440106346, -0.198791500694482, 0.0 ], [ 36.067421707201881, -0.198749343931262, 0.0 ], [ 36.067419873811161, -0.198706986564614, 0.0 ], [ 36.067417641050142, -0.198664529738253, 0.0 ], [ 36.067414906447326, -0.198622875166912, 0.0 ], [ 36.067412474194974, -0.198581820599519, 0.0 ], [ 36.067410241874001, -0.19854196687195, 0.0 ], [ 36.067407511057766, -0.198504316790281, 0.0 ], [ 36.067405181212322, -0.198467868487382, 0.0 ], [ 36.067403152785225, -0.198432221677563, 0.0 ], [ 36.067401525398836, -0.198397375474782, 0.0 ], [ 36.067399498503704, -0.198363229445074, 0.0 ], [ 36.067397571194817, -0.19832928401887, 0.0 ], [ 36.067396344193298, -0.198293836129392, 0.0 ], [ 36.067395115569539, -0.198257387117619, 0.0 ], [ 36.067394590373382, -0.198222139034114, 0.0 ], [ 36.06739466625551, -0.198188292446658, 0.0 ], [ 36.067395341820855, -0.198153544231976, 0.0 ], [ 36.067396017489401, -0.198118195163305, 0.0 ], [ 36.067396893142259, -0.198083746958947, 0.0 ], [ 36.067398170785644, -0.198049799386265, 0.0 ], [ 36.067399647035266, -0.19801435016527, 0.0 ], [ 36.067400720829042, -0.197975895700045, 0.0 ], [ 36.067401291698594, -0.197934138708393, 0.0 ], [ 36.06740316247182, -0.197890477283161, 0.0 ], [ 36.067406735846617, -0.197846514374602, 0.0 ], [ 36.067412213430067, -0.197804151969195, 0.0 ], [ 36.067418792032164, -0.197762990561108, 0.0 ], [ 36.067424169816789, -0.197721630162961, 0.0 ], [ 36.067429146419094, -0.197680268790453, 0.0 ], [ 36.067434624685568, -0.197639108994996, 0.0 ], [ 36.067439802219901, -0.197598349414511, 0.0 ], [ 36.067444179151103, -0.197557790279047, 0.0 ], [ 36.06744735434998, -0.197517132446664, 0.0 ], [ 36.06745183171126, -0.197477073889275, 0.0 ], [ 36.06745771082231, -0.1974378161136, 0.0 ], [ 36.067463593158386, -0.197400660875301, 0.0 ], [ 36.067469475164387, -0.197365407587963, 0.0 ], [ 36.067475257581542, -0.197329955504021, 0.0 ], [ 36.067480839925345, -0.19729410130942, 0.0 ], [ 36.067486922794117, -0.19725985008186, 0.0 ], [ 36.067494109323377, -0.197227099826909, 0.0 ], [ 36.067503999215695, -0.19719374648017, 0.0 ], [ 36.067513790588009, -0.197164399411505, 0.0 ], [ 36.067521680975034, -0.197135554377772, 0.0 ], [ 36.067527167140639, -0.197105708704233, 0.0 ], [ 36.067530549021249, -0.19707386222483, 0.0 ], [ 36.067530625524043, -0.197041417927123, 0.0 ], [ 36.067531001168859, -0.197007370801941, 0.0 ], [ 36.067533478905467, -0.196972421407952, 0.0 ], [ 36.067538261343692, -0.196937869974333, 0.0 ], [ 36.067546148618554, -0.196906221253422, 0.0 ], [ 36.067554338901253, -0.19687657392595, 0.0 ], [ 36.067561427850947, -0.196847529066706, 0.0 ], [ 36.067566715316829, -0.196819686503969, 0.0 ], [ 36.067569701151335, -0.19679445025158, 0.0 ], [ 36.067571150153817, -0.196781984130734, 0.0 ], [ 36.067572785934466, -0.196767911111728, 0.0 ], [ 36.067574464494712, -0.196735264699623, 0.0 ], [ 36.06757694379349, -0.196701617304972, 0.0 ], [ 36.067580525752575, -0.196670071736628, 0.0 ], [ 36.067586113133267, -0.196641327492036, 0.0 ], [ 36.067592401354645, -0.196613184223547, 0.0 ], [ 36.067599289258347, -0.196584139326512, 0.0 ], [ 36.06760647878928, -0.196554693309998, 0.0 ], [ 36.067614066911233, -0.196524647412088, 0.0 ], [ 36.067622456583564, -0.196494098381814, 0.0 ], [ 36.067631646787589, -0.196463750076584, 0.0 ], [ 36.067640838716969, -0.196433802039359, 0.0 ], [ 36.067650329598258, -0.196403352589044, 0.0 ], [ 36.067660720702278, -0.19637270361279, 0.0 ], [ 36.067669812230314, -0.196342054409463, 0.0 ], [ 36.067678001687021, -0.196311907416666, 0.0 ], [ 36.067685890515875, -0.196281560688675, 0.0 ], [ 36.067694480962871, -0.196252514276615, 0.0 ], [ 36.067702872009896, -0.196224369562338, 0.0 ], [ 36.067710762339118, -0.196195724199242, 0.0 ], [ 36.06771694933888, -0.196166380102635, 0.0 ], [ 36.067722536015957, -0.196136434143489, 0.0 ], [ 36.067727721596889, -0.1961059893601, 0.0 ], [ 36.067733706846887, -0.196075542908528, 0.0 ], [ 36.067739193070523, -0.196045197566273, 0.0 ], [ 36.067744778898408, -0.196014951630454, 0.0 ], [ 36.067750164618005, -0.195984505977154, 0.0 ], [ 36.067756251126973, -0.195954962178455, 0.0 ], [ 36.067761938318128, -0.195925016234651, 0.0 ], [ 36.067767222686861, -0.195894170294542, 0.0 ], [ 36.067772407449816, -0.195863224043864, 0.0 ], [ 36.067778694183431, -0.195833178813955, 0.0 ], [ 36.067785483205625, -0.195804934426458, 0.0 ], [ 36.067791671732834, -0.195777092009602, 0.0 ], [ 36.067798962419957, -0.195749048294509, 0.0 ], [ 36.067808053622436, -0.1957202025482, 0.0 ], [ 36.067817745284096, -0.195691155416264, 0.0 ], [ 36.067826336562433, -0.195662408971571, 0.0 ], [ 36.067834026735831, -0.195633764469985, 0.0 ], [ 36.067842216122763, -0.19560391744272, 0.0 ], [ 36.067851106574167, -0.195573368485987, 0.0 ], [ 36.067859595100181, -0.195541920436532, 0.0 ], [ 36.06786908533514, -0.195509868995559, 0.0 ], [ 36.067878775728175, -0.195477717295819, 0.0 ], [ 36.067888767422083, -0.195447068235141, 0.0 ], [ 36.067898458436609, -0.195416519414709, 0.0 ], [ 36.067907950103248, -0.195386571413413, 0.0 ], [ 36.067917540613585, -0.195355923185054, 0.0 ], [ 36.067927031586777, -0.195324773474081, 0.0 ], [ 36.067936422022498, -0.195293723134551, 0.0 ], [ 36.067945312465767, -0.195263175076236, 0.0 ], [ 36.067954302478945, -0.195232927913571, 0.0 ], [ 36.067962893002694, -0.195203280631936, 0.0 ], [ 36.067971884569815, -0.195174434859527, 0.0 ], [ 36.067981576235383, -0.195145287425454, 0.0 ], [ 36.067991170038795, -0.195116340559867, 0.0 ], [ 36.06800096139348, -0.195086792873666, 0.0 ], [ 36.068010051938984, -0.195056445432461, 0.0 ], [ 36.068018240636185, -0.195025296394397, 0.0 ], [ 36.068026128859174, -0.194993045888193, 0.0 ], [ 36.068034016200741, -0.194960695991965, 0.0 ], [ 36.068042003924404, -0.194929146649358, 0.0 ], [ 36.068050593850522, -0.194897697703445, 0.0 ], [ 36.068060083187511, -0.194865546861743, 0.0 ], [ 36.068070873996994, -0.194832793583105, 0.0 ], [ 36.068082066696356, -0.194801141789014, 0.0 ], [ 36.068093059928337, -0.194770792865015, 0.0 ], [ 36.068103852966601, -0.194740743881212, 0.0 ], [ 36.068114545535622, -0.194710394904038, 0.0 ], [ 36.068126439194188, -0.194678642032019, 0.0 ], [ 36.068140535326755, -0.194646788343258, 0.0 ], [ 36.068154331523964, -0.194615935724648, 0.0 ], [ 36.068167629353596, -0.194586585606934, 0.0 ], [ 36.068180828048284, -0.194559639792505, 0.0 ], [ 36.068194428667823, -0.194533593973121, 0.0 ], [ 36.068207626515225, -0.194506347278279, 0.0 ], [ 36.068220424129656, -0.194478799634719, 0.0 ], [ 36.068233622027201, -0.194451252059583, 0.0 ], [ 36.068246920375714, -0.194424104769564, 0.0 ], [ 36.068260220399182, -0.194397659530132, 0.0 ], [ 36.068273218829297, -0.194371413016967, 0.0 ], [ 36.068285418162411, -0.194347071028784, 0.0 ], [ 36.068295217650132, -0.194327637561946, 0.0 ], [ 36.068303217769568, -0.194312810937712, 0.0 ], [ 36.068312718725657, -0.19429668166657, 0.0 ], [ 36.068323720773826, -0.194277748064055, 0.0 ], [ 36.068335220529384, -0.194255908760469, 0.0 ], [ 36.068348520311361, -0.194230864908254, 0.0 ], [ 36.068363221392751, -0.19420401692636, 0.0 ], [ 36.06837822152729, -0.194176068482823, 0.0 ], [ 36.068392520750102, -0.194147919331731, 0.0 ], [ 36.068407523218859, -0.194122072522565, 0.0 ], [ 36.068421925057187, -0.194097428221821, 0.0 ], [ 36.068436328383982, -0.194074585580749, 0.0 ], [ 36.06845153596565, -0.194056450524425, 0.0 ], [ 36.068465743480211, -0.194039816979984, 0.0 ], [ 36.068481452541747, -0.19402298220406, 0.0 ], [ 36.068500565895711, -0.194005644741513, 0.0 ], [ 36.068522084355706, -0.193989406397847, 0.0 ], [ 36.068545607212677, -0.193976772622539, 0.0 ], [ 36.068571033526226, -0.193964937000751, 0.0 ] ] ] } },
{ "type": "Feature", "properties": { "Name": "Mvuke road", "Type": "Murram", "Length_Km": 5.0096599170999996, "main__road": 0, "Type2": 1 }, "geometry": { "type": "MultiLineString", "coordinates": [ [ [ 36.046013400749729, -0.215977396119815, 0.0 ], [ 36.046004082860328, -0.215983407258743, 0.0 ], [ 36.045991181954854, -0.215990859726163, 0.0 ], [ 36.045977661068086, -0.215997382349036, 0.0 ], [ 36.045961249105069, -0.21600073575999, 0.0 ], [ 36.045943711420904, -0.216005562597841, 0.0 ], [ 36.045930739551601, -0.216008644713711, 0.0 ], [ 36.045916658042806, -0.216013582449539, 0.0 ], [ 36.045904952412045, -0.216017221379817, 0.0 ], [ 36.045888886869754, -0.216025316541721, 0.0 ], [ 36.045872557179969, -0.216030221315415, 0.0 ], [ 36.045855833943129, -0.216037488723324, 0.0 ], [ 36.045840939427848, -0.216041851660968, 0.0 ], [ 36.04581990564597, -0.216053550914184, 0.0 ], [ 36.045795741617646, -0.216064392118707, 0.0 ], [ 36.045769359250095, -0.216074023077409, 0.0 ], [ 36.045740693925715, -0.216087140285566, 0.0 ], [ 36.045711819265776, -0.216096726488229, 0.0 ], [ 36.045681290491906, -0.216106621374709, 0.0 ], [ 36.045653814390505, -0.216114723360231, 0.0 ], [ 36.045622746719538, -0.216122068402238, 0.0 ], [ 36.045595514914432, -0.216133924567967, 0.0 ], [ 36.045568887474303, -0.216143893392647, 0.0 ], [ 36.04554312475738, -0.21615620702362, 0.0 ], [ 36.04551673750678, -0.216167935050817, 0.0 ], [ 36.0454879200676, -0.21617868770686, 0.0 ], [ 36.045459787931613, -0.216191387584555, 0.0 ], [ 36.045431704138849, -0.216204721743195, 0.0 ], [ 36.045406914703456, -0.216219580780436, 0.0 ], [ 36.045388530128875, -0.216232110874648, 0.0 ], [ 36.045365001713229, -0.216246654825724, 0.0 ], [ 36.045341721499796, -0.216263291380635, 0.0 ], [ 36.045320027526159, -0.216277871826587, 0.0 ], [ 36.045297784939891, -0.216289079319007, 0.0 ], [ 36.045274997149939, -0.216302556351868, 0.0 ], [ 36.045251198965232, -0.216315159482917, 0.0 ], [ 36.045227467617032, -0.216325551708823, 0.0 ], [ 36.045206859204988, -0.216328089322111, 0.0 ], [ 36.045184752990934, -0.216339538982457, 0.0 ], [ 36.045163992338964, -0.216349733911542, 0.0 ], [ 36.045142987586139, -0.216359859221696, 0.0 ], [ 36.045121261034247, -0.216371165294342, 0.0 ], [ 36.045099032001247, -0.216381911085669, 0.0 ], [ 36.045079937258876, -0.216395823423621, 0.0 ], [ 36.045061537801928, -0.216411102020395, 0.0 ], [ 36.045042352557111, -0.216419576043704, 0.0 ], [ 36.04502174333529, -0.216431054903177, 0.0 ], [ 36.04500361894474, -0.216444047642446, 0.0 ], [ 36.044982655925658, -0.216456523920129, 0.0 ], [ 36.044961348274533, -0.216469001033981, 0.0 ], [ 36.044939868060368, -0.216482770149503, 0.0 ], [ 36.044919135293043, -0.216497342639955, 0.0 ], [ 36.044899828398172, -0.216513077334914, 0.0 ], [ 36.044882868539588, -0.216528144782235, 0.0 ], [ 36.044867556948624, -0.216545312332498, 0.0 ], [ 36.044853347680245, -0.216561340755671, 0.0 ], [ 36.044836516491166, -0.216569995935508, 0.0 ], [ 36.044819004482839, -0.216581420275855, 0.0 ], [ 36.044796236615056, -0.216593998296223, 0.0 ], [ 36.044771245706038, -0.216606499988959, 0.0 ], [ 36.044745863054096, -0.216621311908915, 0.0 ], [ 36.044715480606662, -0.216640492286586, 0.0 ], [ 36.044691720903565, -0.216653707997927, 0.0 ], [ 36.044658639677493, -0.216663827339137, 0.0 ], [ 36.044632563552092, -0.216667824876421, 0.0 ], [ 36.044599474598314, -0.216676127233987, 0.0 ], [ 36.04456984223328, -0.216687048666259, 0.0 ], [ 36.044545579561508, -0.216697577205191, 0.0 ], [ 36.04452117164535, -0.216707339529488, 0.0 ], [ 36.044502584088384, -0.21671602056521, 0.0 ], [ 36.044483099281827, -0.216723505164492, 0.0 ], [ 36.044465505205373, -0.216732339087592, 0.0 ], [ 36.044449231084862, -0.216742403862302, 0.0 ], [ 36.044424231003838, -0.216751280619063, 0.0 ], [ 36.044396434590702, -0.216754367973296, 0.0 ], [ 36.044367477791297, -0.216757176817517, 0.0 ], [ 36.044343037244381, -0.216763950284995, 0.0 ], [ 36.044327383043559, -0.216775265651434, 0.0 ], [ 36.044308622524206, -0.216782650098093, 0.0 ], [ 36.044290409460302, -0.216790070791684, 0.0 ], [ 36.044271138666261, -0.216800101551422, 0.0 ], [ 36.044256370330025, -0.216806461276586, 0.0 ], [ 36.044240508647228, -0.216813955611362, 0.0 ], [ 36.044222656056128, -0.216818335122759, 0.0 ], [ 36.044205151913786, -0.216821531992925, 0.0 ], [ 36.044188675717749, -0.216827674540504, 0.0 ], [ 36.044174429151305, -0.216841656467651, 0.0 ], [ 36.044160889455476, -0.216857425695925, 0.0 ], [ 36.0441424466634, -0.216864718042531, 0.0 ], [ 36.044125078821949, -0.216868524814608, 0.0 ], [ 36.044108010491932, -0.216873618258355, 0.0 ], [ 36.044088230673928, -0.216884461180922, 0.0 ], [ 36.044069672047605, -0.216892068832723, 0.0 ], [ 36.044049660908925, -0.216901720869268, 0.0 ], [ 36.04403101992316, -0.21690824337607, 0.0 ], [ 36.044011671770924, -0.216914523601688, 0.0 ], [ 36.043991201419118, -0.216922636852321, 0.0 ], [ 36.043972292124288, -0.2169289704704, 0.0 ], [ 36.043957517357434, -0.216936118964083, 0.0 ], [ 36.04393929250179, -0.216944211869393, 0.0 ], [ 36.043920298467199, -0.216952513338149, 0.0 ], [ 36.043902836399973, -0.216960965088841, 0.0 ], [ 36.043887422396288, -0.216969326885402, 0.0 ], [ 36.043870522848756, -0.216978819600605, 0.0 ], [ 36.043873326004586, -0.216991131516828, 0.0 ], [ 36.043853593870807, -0.217001374506288, 0.0 ], [ 36.043824622579116, -0.217014297347471, 0.0 ], [ 36.043790133994953, -0.217015757053899, 0.0 ], [ 36.043764399394405, -0.2170266873572, 0.0 ], [ 36.043732154983218, -0.217035025097123, 0.0 ], [ 36.043702826617299, -0.21704264871904, 0.0 ], [ 36.043675340756444, -0.217050370279075, 0.0 ], [ 36.043648883021724, -0.217060096046937, 0.0 ], [ 36.043621756296083, -0.217071749796538, 0.0 ], [ 36.043592835046631, -0.217085826437897, 0.0 ], [ 36.043567986948418, -0.217097850169346, 0.0 ], [ 36.043546278781839, -0.21711167251655, 0.0 ], [ 36.043519468560881, -0.217120250742211, 0.0 ], [ 36.043491543048496, -0.217132078712666, 0.0 ], [ 36.043468811266052, -0.217143787525102, 0.0 ], [ 36.043447251145921, -0.217157811383844, 0.0 ], [ 36.043423343512373, -0.217170328616925, 0.0 ], [ 36.04339921138034, -0.217183518928238, 0.0 ], [ 36.043376941675071, -0.217195880169994, 0.0 ], [ 36.043350514397765, -0.217210602403427, 0.0 ], [ 36.043321100670461, -0.217223467320806, 0.0 ], [ 36.043293345525576, -0.2172361121015, 0.0 ], [ 36.043266690173695, -0.217246769351527, 0.0 ], [ 36.0432423271413, -0.217256594001891, 0.0 ], [ 36.043215199684916, -0.217272088605072, 0.0 ], [ 36.043191241009239, -0.217288699671863, 0.0 ], [ 36.04316070136656, -0.217299397724792, 0.0 ], [ 36.043134754373824, -0.217313441502535, 0.0 ], [ 36.043104563038909, -0.217323696897149, 0.0 ], [ 36.043094017659477, -0.217328436515382, 0.0 ], [ 36.043076973978465, -0.217336096850924, 0.0 ], [ 36.043045873304706, -0.217352035207193, 0.0 ], [ 36.043013823989561, -0.217363346452472, 0.0 ], [ 36.042984565113215, -0.217378392488225, 0.0 ], [ 36.04295965298283, -0.217392084994036, 0.0 ], [ 36.042933893746515, -0.217405190949749, 0.0 ], [ 36.042906049494277, -0.217419209053338, 0.0 ], [ 36.042878957121175, -0.217434307008901, 0.0 ], [ 36.042847293636029, -0.21744608183054, 0.0 ], [ 36.042816465850535, -0.217461757308842, 0.0 ], [ 36.042784912286074, -0.217471312202542, 0.0 ], [ 36.042751670598264, -0.217480704132875, 0.0 ], [ 36.0427322848439, -0.21749593007998, 0.0 ], [ 36.042714258530211, -0.217512393209917, 0.0 ], [ 36.042690873886812, -0.217521545820828, 0.0 ], [ 36.042661207942423, -0.217529948188583, 0.0 ], [ 36.042646393015822, -0.21754064748843, 0.0 ], [ 36.042624478894282, -0.217552112491389, 0.0 ], [ 36.042598517457066, -0.217566641442576, 0.0 ], [ 36.042571343087289, -0.217578797514234, 0.0 ], [ 36.042547460141151, -0.217589015274579, 0.0 ], [ 36.042521519408297, -0.217598564028557, 0.0 ], [ 36.042492872414648, -0.217610017776555, 0.0 ], [ 36.04245976872182, -0.217620571652451, 0.0 ], [ 36.042426643742075, -0.217629818131014, 0.0 ], [ 36.042393415898658, -0.217641932359272, 0.0 ], [ 36.042362401679945, -0.217656397975944, 0.0 ], [ 36.042333734046771, -0.217672516586582, 0.0 ], [ 36.042307291268493, -0.217683932812744, 0.0 ], [ 36.042282564924804, -0.217697633470011, 0.0 ], [ 36.042259036547392, -0.217712197221401, 0.0 ], [ 36.042234386404431, -0.217726341520147, 0.0 ], [ 36.042209019936465, -0.217741204879683, 0.0 ], [ 36.042183038546021, -0.217756851469575, 0.0 ], [ 36.042156143963204, -0.217770219205008, 0.0 ], [ 36.042130230708118, -0.217786247995211, 0.0 ], [ 36.042104687791387, -0.217803937525102, 0.0 ], [ 36.042081186289707, -0.217823420938262, 0.0 ], [ 36.042058738967221, -0.217844754060018, 0.0 ], [ 36.042037948157535, -0.217862624315954, 0.0 ], [ 36.042018753439393, -0.217878537860785, 0.0 ], [ 36.041995131778023, -0.217883526995131, 0.0 ], [ 36.041976522738032, -0.217892074262948, 0.0 ], [ 36.041957341991484, -0.217896038770482, 0.0 ], [ 36.041942073079028, -0.217901396364961, 0.0 ], [ 36.041928405137021, -0.217916730928521, 0.0 ], [ 36.041912755455456, -0.217927983005783, 0.0 ], [ 36.041897279484751, -0.217950615841162, 0.0 ], [ 36.04188172364384, -0.217973219747686, 0.0 ], [ 36.041868930175895, -0.217982181058001, 0.0 ], [ 36.041858170232082, -0.217996618090205, 0.0 ], [ 36.04184576365202, -0.218005189155497, 0.0 ], [ 36.041832645264073, -0.218014323877199, 0.0 ], [ 36.041818353359169, -0.21801682202312, 0.0 ], [ 36.04180758623707, -0.218031250921178, 0.0 ], [ 36.041786907032218, -0.218038177770711, 0.0 ], [ 36.041768312666647, -0.218049755439126, 0.0 ], [ 36.041745103373465, -0.218057208544703, 0.0 ], [ 36.041724107970396, -0.218065624330424, 0.0 ], [ 36.041702870882027, -0.218075409802986, 0.0 ], [ 36.041681291349981, -0.218087813605521, 0.0 ], [ 36.041666264610328, -0.218093941041066, 0.0 ], [ 36.041649828536713, -0.218101599664967, 0.0 ], [ 36.041632438950572, -0.218111291019255, 0.0 ], [ 36.041612223539758, -0.218123924580824, 0.0 ], [ 36.041588703865564, -0.218135284437639, 0.0 ], [ 36.04156467859594, -0.218148283177821, 0.0 ], [ 36.041540732168173, -0.218161988484422, 0.0 ], [ 36.041518114436897, -0.218173463262885, 0.0 ], [ 36.041498513559581, -0.218182687966398, 0.0 ], [ 36.04148035783696, -0.218190788975232, 0.0 ], [ 36.041463029094736, -0.218192148993481, 0.0 ], [ 36.041447476986789, -0.218200071614758, 0.0 ], [ 36.04142954332918, -0.218210812747559, 0.0 ], [ 36.041411999759603, -0.218223182096739, 0.0 ], [ 36.041369417843867, -0.218229074641209, 0.0 ], [ 36.041320240739253, -0.218237725239469, 0.0 ], [ 36.041292119836982, -0.218253061477769, 0.0 ], [ 36.041258723450106, -0.218264363376161, 0.0 ], [ 36.041238995321031, -0.218281914876137, 0.0 ], [ 36.041208912077245, -0.218294982896667, 0.0 ], [ 36.041176069163463, -0.218303046691384, 0.0 ], [ 36.041146278297525, -0.218307864741907, 0.0 ], [ 36.041115733102558, -0.218319654191544, 0.0 ], [ 36.041087495981664, -0.218332663842154, 0.0 ], [ 36.041061334244787, -0.218343509972391, 0.0 ], [ 36.041039114206235, -0.218354449936551, 0.0 ], [ 36.041013964900969, -0.218364895101936, 0.0 ], [ 36.040988504319436, -0.218379219912922, 0.0 ], [ 36.04095750702897, -0.218389823854169, 0.0 ], [ 36.040930382466783, -0.218399819582316, 0.0 ], [ 36.040900143286891, -0.21841175907062, 0.0 ], [ 36.040867907892853, -0.218424876354642, 0.0 ], [ 36.040834285327136, -0.218440950580601, 0.0 ], [ 36.040795965826042, -0.218459317917256, 0.0 ], [ 36.040756708068322, -0.218479727922785, 0.0 ], [ 36.040720170267285, -0.218501659080756, 0.0 ], [ 36.040687083027819, -0.218529442095834, 0.0 ], [ 36.040659555046062, -0.218560359599473, 0.0 ], [ 36.040636670231301, -0.218597845683789, 0.0 ], [ 36.040619210285051, -0.21863725913074, 0.0 ], [ 36.040604320310607, -0.218660184782993, 0.0 ], [ 36.040585134702013, -0.218684731406305, 0.0 ], [ 36.040565934141163, -0.218707702290659, 0.0 ], [ 36.040549497699757, -0.218726587105572, 0.0 ], [ 36.040532641646045, -0.218748007108496, 0.0 ], [ 36.04051541358097, -0.21876251422303, 0.0 ], [ 36.040497615594525, -0.218781780053395, 0.0 ], [ 36.040478443793106, -0.218804539516603, 0.0 ], [ 36.040459323568783, -0.218825125125454, 0.0 ], [ 36.040434358055933, -0.218836591284701, 0.0 ], [ 36.040409999968404, -0.218853547336335, 0.0 ], [ 36.040390598838464, -0.218874111203339, 0.0 ], [ 36.040367351406644, -0.218897863731574, 0.0 ], [ 36.040350474694449, -0.218919364137128, 0.0 ], [ 36.040332258873427, -0.218941250080949, 0.0 ], [ 36.04031141326584, -0.218959447348354, 0.0 ], [ 36.040286231592873, -0.21897487267455, 0.0 ], [ 36.04025772786391, -0.21898824094109, 0.0 ], [ 36.040231261804088, -0.219004181018348, 0.0 ], [ 36.040197215097741, -0.219018418281362, 0.0 ], [ 36.040164067922092, -0.219031318514291, 0.0 ], [ 36.040130470072739, -0.219044949603445, 0.0 ], [ 36.04010361135667, -0.21904476000632, 0.0 ], [ 36.040077243744108, -0.219048250532211, 0.0 ], [ 36.040052916464369, -0.219040577597732, 0.0 ], [ 36.040031535969362, -0.219044868716716, 0.0 ], [ 36.040007175970395, -0.219053197069013, 0.0 ], [ 36.03997733025232, -0.219063325956049, 0.0 ], [ 36.039946384038622, -0.219074441267035, 0.0 ], [ 36.039912459087702, -0.219085643632836, 0.0 ], [ 36.039875522619546, -0.219099361701306, 0.0 ], [ 36.039835677528032, -0.21911259852568, 0.0 ], [ 36.039796540127945, -0.219123363465046, 0.0 ], [ 36.039758902633999, -0.219137600915018, 0.0 ], [ 36.039726669176275, -0.219159353979081, 0.0 ], [ 36.0396949263816, -0.219177803879669, 0.0 ], [ 36.039661532909733, -0.219197390982402, 0.0 ], [ 36.039625526911458, -0.219216857402077, 0.0 ], [ 36.039589239747734, -0.21923302231381, 0.0 ], [ 36.039551596312123, -0.219245532231124, 0.0 ], [ 36.039518787952559, -0.219260725641032, 0.0 ], [ 36.039484842227999, -0.219277282233161, 0.0 ], [ 36.039454435837854, -0.219295425193088, 0.0 ], [ 36.0394278622827, -0.21930577607314, 0.0 ], [ 36.039398242187538, -0.219318753779982, 0.0 ], [ 36.039368567421981, -0.219326725088354, 0.0 ], [ 36.039344165142218, -0.219344865612893, 0.0 ], [ 36.039316333531474, -0.219354175391416, 0.0 ], [ 36.03928696573449, -0.219366610131515, 0.0 ], [ 36.039257024552604, -0.219378525235828, 0.0 ], [ 36.039228072835435, -0.2193927598618, 0.0 ], [ 36.039204374914341, -0.21940711026834, 0.0 ], [ 36.039180357403097, -0.219417302627423, 0.0 ], [ 36.039146362704727, -0.219422669145157, 0.0 ], [ 36.03911583160118, -0.21943142633921, 0.0 ], [ 36.039086908082446, -0.219443737380359, 0.0 ], [ 36.039059151252474, -0.219460814700699, 0.0 ], [ 36.039033602851205, -0.219479214300066, 0.0 ], [ 36.039007184846326, -0.219497360742514, 0.0 ], [ 36.03897915226495, -0.219515608963233, 0.0 ], [ 36.038952264868577, -0.219533821267995, 0.0 ], [ 36.038923655763426, -0.219549232331322, 0.0 ], [ 36.03889874246147, -0.219560018118013, 0.0 ], [ 36.03887217370977, -0.219573410222765, 0.0 ], [ 36.038847416311583, -0.219585520594119, 0.0 ], [ 36.038822599866123, -0.219601290194713, 0.0 ], [ 36.038794885143083, -0.219618768676064, 0.0 ], [ 36.038767496744619, -0.2196426920031, 0.0 ], [ 36.038732053164082, -0.219663792962179, 0.0 ], [ 36.038688751841704, -0.219682097793977, 0.0 ], [ 36.038639255326785, -0.219700030960537, 0.0 ], [ 36.038586690761925, -0.219715841160382, 0.0 ], [ 36.038540111332019, -0.219736897450858, 0.0 ], [ 36.038491386854339, -0.21975378358914, 0.0 ], [ 36.038444169294564, -0.219770378187427, 0.0 ], [ 36.038403378308537, -0.219792819801419, 0.0 ], [ 36.038358754876924, -0.219807233820745, 0.0 ], [ 36.038312675093358, -0.219829594877992, 0.0 ], [ 36.038268220014729, -0.219850542251489, 0.0 ], [ 36.038221546737873, -0.2198696595654, 0.0 ], [ 36.038181248412613, -0.219887793304158, 0.0 ], [ 36.038146753836664, -0.219902432484718, 0.0 ], [ 36.038118899964964, -0.219915567718384, 0.0 ], [ 36.038090668099606, -0.2199249063033, 0.0 ], [ 36.038063017925275, -0.219933591760629, 0.0 ], [ 36.038035721153101, -0.219943319944462, 0.0 ], [ 36.038005986056653, -0.21995247391361, 0.0 ], [ 36.037980414102037, -0.219958256783973, 0.0 ], [ 36.0379598869985, -0.219963271758741, 0.0 ], [ 36.037927772996731, -0.219970906446759, 0.0 ], [ 36.037895696958991, -0.219977159666331, 0.0 ], [ 36.037863885108536, -0.219986328582586, 0.0 ], [ 36.037832698175016, -0.219989486532405, 0.0 ], [ 36.037801187201502, -0.219992915472705, 0.0 ], [ 36.037767880760683, -0.219994411438199, 0.0 ], [ 36.037732168095793, -0.219996410186205, 0.0 ], [ 36.037697419701729, -0.219996444881864, 0.0 ], [ 36.037661912278217, -0.219990685182856, 0.0 ], [ 36.037630705737982, -0.219974751846646, 0.0 ], [ 36.037594241102084, -0.219966992479822, 0.0 ], [ 36.037548091475053, -0.219961053590423, 0.0 ], [ 36.037501880039237, -0.219949921283084, 0.0 ], [ 36.037456220759253, -0.219942327251505, 0.0 ], [ 36.037416140890002, -0.219935675785541, 0.0 ], [ 36.037377920518026, -0.219929378865282, 0.0 ], [ 36.03734296038354, -0.219924542669962, 0.0 ], [ 36.037309318876282, -0.219918486989933, 0.0 ], [ 36.037275961076226, -0.219916498991382, 0.0 ], [ 36.037242807010678, -0.219914474892532, 0.0 ], [ 36.037207416007931, -0.219910076817656, 0.0 ], [ 36.037168157714227, -0.219910692487592, 0.0 ], [ 36.037123325739145, -0.219913227025624, 0.0 ], [ 36.037069574944489, -0.219914390976167, 0.0 ], [ 36.037016394218362, -0.21991468043656, 0.0 ], [ 36.036962565665725, -0.219918822356199, 0.0 ], [ 36.036913909884056, -0.219915122788434, 0.0 ], [ 36.036866511820591, -0.219914199066812, 0.0 ], [ 36.036822899895938, -0.219910219502719, 0.0 ], [ 36.036783494457083, -0.219906094400524, 0.0 ], [ 36.036749491426782, -0.219899314032593, 0.0 ], [ 36.03672199542379, -0.219890749605595, 0.0 ], [ 36.036685825592492, -0.21988092125542, 0.0 ], [ 36.03665230013145, -0.219878176982901, 0.0 ], [ 36.036617025436065, -0.219875744980907, 0.0 ], [ 36.036580563627325, -0.219876675625729, 0.0 ], [ 36.036543298203235, -0.219874943454276, 0.0 ], [ 36.036507172784404, -0.219872115544943, 0.0 ], [ 36.036470320146762, -0.219866053813726, 0.0 ], [ 36.036432123758175, -0.21986120071975, 0.0 ], [ 36.036390198012874, -0.219853586652673, 0.0 ], [ 36.036345447635227, -0.219842844061334, 0.0 ], [ 36.036299513937294, -0.219834426882861, 0.0 ], [ 36.036254046125094, -0.219825519188732, 0.0 ], [ 36.036205471549223, -0.219815153513011, 0.0 ], [ 36.036151244254171, -0.219797835083127, 0.0 ], [ 36.036098003591185, -0.219778939313882, 0.0 ], [ 36.036052531365229, -0.219765090303385, 0.0 ], [ 36.036018596047484, -0.219756361076133, 0.0 ], [ 36.035984670733065, -0.219746964154432, 0.0 ], [ 36.035950752337826, -0.219734303741845, 0.0 ], [ 36.035911927309385, -0.219722431128792, 0.0 ], [ 36.035876883651603, -0.219708921192312, 0.0 ], [ 36.035841928522274, -0.219697065608118, 0.0 ], [ 36.035811046451016, -0.219688130985835, 0.0 ], [ 36.035776924933906, -0.219681608106522, 0.0 ], [ 36.035745575381455, -0.21967216019691, 0.0 ], [ 36.035712258309466, -0.219664055424392, 0.0 ], [ 36.03567733550689, -0.219656741813439, 0.0 ], [ 36.035647354093044, -0.219645299216778, 0.0 ], [ 36.035612581297336, -0.219637333299356, 0.0 ], [ 36.035574328745604, -0.219630693957099, 0.0 ], [ 36.03553387377967, -0.219624154470506, 0.0 ], [ 36.035494164158202, -0.219619957038866, 0.0 ], [ 36.035456984618214, -0.219615210770554, 0.0 ], [ 36.035423576358149, -0.219609940305438, 0.0 ], [ 36.035390293410657, -0.219606387444721, 0.0 ], [ 36.035361234670212, -0.219603828379322, 0.0 ], [ 36.035334608144531, -0.219600932783605, 0.0 ], [ 36.035310338174291, -0.21959909476392, 0.0 ], [ 36.035286404721425, -0.219597436609922, 0.0 ], [ 36.035264038839742, -0.219601990420557, 0.0 ], [ 36.035232533131833, -0.21960180891978, 0.0 ], [ 36.035201172109204, -0.219596036506325, 0.0 ], [ 36.035170235671785, -0.219589852174877, 0.0 ], [ 36.035139574075501, -0.219582569225644, 0.0 ], [ 36.035110472035171, -0.21957657228411, 0.0 ], [ 36.035079931775016, -0.21957299466765, 0.0 ], [ 36.035050228711029, -0.219565556504257, 0.0 ], [ 36.035021927587145, -0.219553053522379, 0.0 ], [ 36.034998886181171, -0.219542414623525, 0.0 ], [ 36.034973319648557, -0.219529939287805, 0.0 ], [ 36.034943371347609, -0.219509854603065, 0.0 ], [ 36.034914907701769, -0.219488553180042, 0.0 ], [ 36.034889099742806, -0.219466899008366, 0.0 ], [ 36.034866106785628, -0.219442514976263, 0.0 ], [ 36.034836649296722, -0.21941375485934, 0.0 ], [ 36.034809001488767, -0.219383048933562, 0.0 ], [ 36.034783555590693, -0.21935022109129, 0.0 ], [ 36.034759333292286, -0.219301771750716, 0.0 ], [ 36.034735007438407, -0.21925048084326, 0.0 ], [ 36.034710995977882, -0.219193133752168, 0.0 ], [ 36.034692696583761, -0.219142129546735, 0.0 ], [ 36.03468086487225, -0.219097751174307, 0.0 ], [ 36.034666778137932, -0.219060943797588, 0.0 ], [ 36.034651495410181, -0.219036261330569, 0.0 ], [ 36.034626194639692, -0.219018615257644, 0.0 ], [ 36.03459411439993, -0.219005449274772, 0.0 ], [ 36.034548953404872, -0.21900211545506, 0.0 ], [ 36.034505961286079, -0.219009632348523, 0.0 ], [ 36.034461853000842, -0.219024915617725, 0.0 ], [ 36.034419754645732, -0.219042290010033, 0.0 ], [ 36.034373360905562, -0.219073983328503, 0.0 ], [ 36.034336414237345, -0.219099555399573, 0.0 ], [ 36.034301922986899, -0.219130068360035, 0.0 ], [ 36.034269119834725, -0.219160810239836, 0.0 ], [ 36.034234898723177, -0.219191323249614, 0.0 ], [ 36.034191354126747, -0.219220092447208, 0.0 ], [ 36.034163814678273, -0.219241415336574, 0.0 ], [ 36.034135105262159, -0.219261021320277, 0.0 ], [ 36.034105844537351, -0.219286586762872, 0.0 ], [ 36.034078911187535, -0.219315565229782, 0.0 ], [ 36.034052222828166, -0.219344640419401, 0.0 ], [ 36.034024364569269, -0.21937164814025, 0.0 ], [ 36.03398706653774, -0.219399562027206, 0.0 ], [ 36.033949944514788, -0.219431551691381, 0.0 ], [ 36.033911580762805, -0.219457032205086, 0.0 ], [ 36.033876141137618, -0.219477046140874, 0.0 ], [ 36.033845873452535, -0.219498000749028, 0.0 ], [ 36.033820726107635, -0.219512958852129, 0.0 ], [ 36.033797906712273, -0.219523767582285, 0.0 ], [ 36.033782737908133, -0.21953173989034, 0.0 ], [ 36.033768525243659, -0.219542607240273, 0.0 ], [ 36.033744553187276, -0.219559612028498, 0.0 ], [ 36.033718363652881, -0.219580344269426, 0.0 ], [ 36.033692690073792, -0.219601540112993, 0.0 ], [ 36.033665128575649, -0.219625501233326, 0.0 ], [ 36.033637468498014, -0.219653337496602, 0.0 ], [ 36.033607023924709, -0.219688560323323, 0.0 ], [ 36.033579521335049, -0.219723391605255, 0.0 ], [ 36.03355068757358, -0.219759365564993, 0.0 ], [ 36.033521370092892, -0.219795248172445, 0.0 ], [ 36.033491956065639, -0.219829179172881, 0.0 ], [ 36.033462560231406, -0.219861859714382, 0.0 ], [ 36.033434522946486, -0.219895669009276, 0.0 ], [ 36.033402968847518, -0.219927572099959, 0.0 ], [ 36.033373324973169, -0.219957383936533, 0.0 ], [ 36.033340577681386, -0.21999161604111, 0.0 ], [ 36.033307942279777, -0.220022754541064, 0.0 ], [ 36.033279426135486, -0.220049965384944, 0.0 ], [ 36.033251360086801, -0.220079399859057, 0.0 ], [ 36.03322718448235, -0.220100098142639, 0.0 ], [ 36.033204032246594, -0.220124096253057, 0.0 ], [ 36.03317760507796, -0.220148425302629, 0.0 ], [ 36.033160461926443, -0.220165155848927, 0.0 ], [ 36.03314157734625, -0.220188202500296, 0.0 ], [ 36.03311518031127, -0.220214476813558, 0.0 ], [ 36.033084107742397, -0.220248477031145, 0.0 ], [ 36.033047961049697, -0.220286190577652, 0.0 ], [ 36.033006371404376, -0.220327457457564, 0.0 ], [ 36.032955147299511, -0.22037392845791, 0.0 ], [ 36.032912457996176, -0.22042568397827, 0.0 ], [ 36.032860662970187, -0.220481990482781, 0.0 ], [ 36.03281011749948, -0.220532291588968, 0.0 ], [ 36.032762510820255, -0.22058016192439, 0.0 ], [ 36.032726939309732, -0.220618353519859, 0.0 ], [ 36.032670078085594, -0.220669975196378, 0.0 ], [ 36.032615852133191, -0.220720061421419, 0.0 ], [ 36.032563669452955, -0.220771505121164, 0.0 ], [ 36.032508789158612, -0.220826611114257, 0.0 ], [ 36.032449612299075, -0.220874493579436, 0.0 ], [ 36.032393463289118, -0.220905159333177, 0.0 ], [ 36.032347752688686, -0.220945274270693, 0.0 ], [ 36.032307633773719, -0.22097851550107, 0.0 ], [ 36.032274219576443, -0.221013163021976, 0.0 ], [ 36.032242584852504, -0.221044298043931, 0.0 ], [ 36.03220807634645, -0.221075867984585, 0.0 ], [ 36.032163839038319, -0.221113208518721, 0.0 ], [ 36.032124579835013, -0.221151349647585, 0.0 ], [ 36.032068223761506, -0.221189909309949, 0.0 ], [ 36.032037270918032, -0.221231180944213, 0.0 ], [ 36.032006076792534, -0.221267182349597, 0.0 ], [ 36.031962096377924, -0.22130798697995, 0.0 ], [ 36.031927694913115, -0.221356588102346, 0.0 ], [ 36.031889607314596, -0.221401779541124, 0.0 ], [ 36.031850132381827, -0.221450753699442, 0.0 ], [ 36.031812370851846, -0.22150360154576, 0.0 ], [ 36.031772961970709, -0.221549838072732, 0.0 ], [ 36.031739318712596, -0.221594634646867, 0.0 ], [ 36.031711162101359, -0.221632735492416, 0.0 ], [ 36.031684226325893, -0.221673978989198, 0.0 ], [ 36.03164637184917, -0.221715700068959, 0.0 ], [ 36.031621046442162, -0.221755363642776, 0.0 ], [ 36.031590174471795, -0.221800624258179, 0.0 ], [ 36.031556814433202, -0.221842769070135, 0.0 ], [ 36.031524327077612, -0.221883167568137, 0.0 ], [ 36.031496831483658, -0.22192335744646, 0.0 ], [ 36.031475840676997, -0.221954772826203, 0.0 ], [ 36.031449407723322, -0.221994765044427, 0.0 ], [ 36.031424627011937, -0.222030189442722, 0.0 ], [ 36.031398876567167, -0.222067979035462, 0.0 ], [ 36.031377401479197, -0.222102147308504, 0.0 ], [ 36.03135105816925, -0.222138096328946, 0.0 ], [ 36.031330715781074, -0.222176327007644, 0.0 ], [ 36.031316503953498, -0.222205699089898, 0.0 ], [ 36.03129800288859, -0.222240803989136, 0.0 ], [ 36.031275041628675, -0.222274770475342, 0.0 ], [ 36.031247539441708, -0.222307397049195, 0.0 ], [ 36.031221616120064, -0.222338917137439, 0.0 ], [ 36.031193777986957, -0.222373022686839, 0.0 ], [ 36.031154900404168, -0.222405554820017, 0.0 ], [ 36.031117312624261, -0.222437376146625, 0.0 ], [ 36.031069210276357, -0.222468327091799, 0.0 ], [ 36.031021012493653, -0.222496276554837, 0.0 ], [ 36.030973228021772, -0.222521827279161, 0.0 ], [ 36.030926627001477, -0.222548948538437, 0.0 ], [ 36.030879577914597, -0.222568160380039, 0.0 ], [ 36.030835880312544, -0.22258566887199, 0.0 ], [ 36.030791783778618, -0.222600951937777, 0.0 ], [ 36.030756417304239, -0.222614287881565, 0.0 ], [ 36.030716643074463, -0.222629091144191, 0.0 ], [ 36.030690749593369, -0.222636801926539, 0.0 ], [ 36.030652455313529, -0.222646951505563, 0.0 ], [ 36.030614420649634, -0.222655855196003, 0.0 ], [ 36.030571333452954, -0.222668228253161, 0.0 ], [ 36.03052162875813, -0.222682967177357, 0.0 ], [ 36.030477575727573, -0.222700692428958, 0.0 ], [ 36.030430827398149, -0.222719448946288, 0.0 ], [ 36.030391432678144, -0.222734903706228, 0.0 ], [ 36.030348185197319, -0.22275001706905, 0.0 ], [ 36.030301979983328, -0.222768050883085, 0.0 ], [ 36.030244867812819, -0.222786246945865, 0.0 ], [ 36.030189003214765, -0.222808522601319, 0.0 ], [ 36.030131908303844, -0.222830226989607, 0.0 ], [ 36.030074799658308, -0.222848788064074, 0.0 ], [ 36.030011939803096, -0.222873091589674, 0.0 ], [ 36.02994798799098, -0.222900622227562, 0.0 ], [ 36.029888759567413, -0.222928080626102, 0.0 ], [ 36.029826746697879, -0.222949025065856, 0.0 ], [ 36.029765446219081, -0.222970985190147, 0.0 ], [ 36.029711212135751, -0.222994283924257, 0.0 ], [ 36.029649968339704, -0.223020080353204, 0.0 ], [ 36.029594255337194, -0.223038334495145, 0.0 ], [ 36.029543173637457, -0.223054724723497, 0.0 ], [ 36.02948259916969, -0.223072424937252, 0.0 ], [ 36.029423908872808, -0.223092712272819, 0.0 ], [ 36.029364380673996, -0.223111336981681, 0.0 ], [ 36.029304561288306, -0.223132030664371, 0.0 ], [ 36.029246473429978, -0.22315115710537, 0.0 ], [ 36.029189740899682, -0.223169525773021, 0.0 ], [ 36.02914158869676, -0.223185165761355, 0.0 ], [ 36.029092500459335, -0.223196173272309, 0.0 ], [ 36.029059088923226, -0.223208447039441, 0.0 ], [ 36.029026474356471, -0.223225152674501, 0.0 ], [ 36.028995116057011, -0.223256366194236, 0.0 ], [ 36.028964732351803, -0.223292375730232, 0.0 ], [ 36.028937431987764, -0.223330168506398, 0.0 ], [ 36.028910677986659, -0.22337345562427, 0.0 ], [ 36.028887098463137, -0.22340700536729, 0.0 ], [ 36.028869061499236, -0.223432496027846, 0.0 ], [ 36.028846753354571, -0.223454155856399, 0.0 ], [ 36.02882325022204, -0.223482646868705, 0.0 ], [ 36.02879246163306, -0.223510241939449, 0.0 ], [ 36.028764848150345, -0.2235384944985, 0.0 ], [ 36.028736427440286, -0.22356878340072, 0.0 ], [ 36.028711517888276, -0.223602233480065, 0.0 ], [ 36.028686945545665, -0.223632364137153, 0.0 ], [ 36.028663375371274, -0.223659498058619, 0.0 ], [ 36.028639110341032, -0.223687720565997, 0.0 ], [ 36.028615384431639, -0.223712719464211, 0.0 ], [ 36.02858700900439, -0.223736430828513, 0.0 ], [ 36.028553080087505, -0.223750956009866, 0.0 ], [ 36.028510466251142, -0.223766173333048, 0.0 ], [ 36.028461355568659, -0.223781834774128, 0.0 ], [ 36.028408441989065, -0.223799175067719, 0.0 ], [ 36.028358989638143, -0.223813518218728, 0.0 ], [ 36.02831143231365, -0.223829993125336, 0.0 ], [ 36.028265764144564, -0.223846531656999, 0.0 ], [ 36.028217655719651, -0.223863305510321, 0.0 ], [ 36.028170091656229, -0.223882099714942, 0.0 ], [ 36.028123495676432, -0.2239023198481, 0.0 ], [ 36.028075718302134, -0.223924200387883, 0.0 ], [ 36.028028394885013, -0.223946895077503, 0.0 ], [ 36.027978847109559, -0.223962782290606, 0.0 ], [ 36.027941889517649, -0.223971507229713, 0.0 ], [ 36.027901486974933, -0.223991640964365, 0.0 ], [ 36.02786084579585, -0.224011330123579, 0.0 ], [ 36.027807167953561, -0.224026892137652, 0.0 ], [ 36.027764021037903, -0.224042150891249, 0.0 ], [ 36.027720114555322, -0.224054473091501, 0.0 ], [ 36.02767103520452, -0.224066178957398, 0.0 ], [ 36.027639189529381, -0.224079693510511, 0.0 ], [ 36.027601888227224, -0.22409737845329, 0.0 ], [ 36.027557788892473, -0.224104709636625, 0.0 ], [ 36.027510857480429, -0.224110422969422, 0.0 ], [ 36.027463258121287, -0.22411731343628, 0.0 ], [ 36.027410957772666, -0.224120037785233, 0.0 ], [ 36.027367292878118, -0.224122568721042, 0.0 ], [ 36.027327557529681, -0.224131893015699, 0.0 ], [ 36.027275663587552, -0.224130876926641, 0.0 ], [ 36.027233200253129, -0.22413866832109, 0.0 ], [ 36.0271948167182, -0.224142357714722, 0.0 ], [ 36.027158115038873, -0.224146025763662, 0.0 ], [ 36.027123230753325, -0.224149566785156, 0.0 ], [ 36.027086824942238, -0.224154727486397, 0.0 ], [ 36.027046772273906, -0.224162180550217, 0.0 ], [ 36.027003061399988, -0.224165829110869, 0.0 ], [ 36.026955396894571, -0.224170977596511, 0.0 ], [ 36.026907821777662, -0.224177931305775, 0.0 ], [ 36.026861637767261, -0.224184716339824, 0.0 ], [ 36.026815063394061, -0.22419133775952, 0.0 ], [ 36.026772028004366, -0.224196570300987, 0.0 ], [ 36.026729521528573, -0.224204770967497, 0.0 ], [ 36.026683003372398, -0.224208540930276, 0.0 ], [ 36.026636938539433, -0.224216300868368, 0.0 ], [ 36.026586253520207, -0.224224255932358, 0.0 ], [ 36.02653540067498, -0.224232222707078, 0.0 ], [ 36.026485098592339, -0.224241608097051, 0.0 ], [ 36.026440983578425, -0.224251271210149, 0.0 ], [ 36.026390675844041, -0.22426201456676, 0.0 ], [ 36.026336615890067, -0.224272366848645, 0.0 ], [ 36.026288766429452, -0.224287037337589, 0.0 ], [ 36.026231855721051, -0.224294954995014, 0.0 ], [ 36.026177388051259, -0.224302184673987, 0.0 ], [ 36.026124830200196, -0.224309356010529, 0.0 ], [ 36.026073538213225, -0.224318835156392, 0.0 ], [ 36.026022703955107, -0.22433271085334, 0.0 ], [ 36.025971139317875, -0.224345811193053, 0.0 ], [ 36.025920402017, -0.224359552284369, 0.0 ], [ 36.02587090248705, -0.224372464206474, 0.0 ], [ 36.02582035616652, -0.224387125102407, 0.0 ], [ 36.025769723716884, -0.224401658585059, 0.0 ], [ 36.025718319634002, -0.224410778104326, 0.0 ], [ 36.025673920551931, -0.2244229339159, 0.0 ], [ 36.025628668561225, -0.224432195625454, 0.0 ], [ 36.025586487174785, -0.224439565111715, 0.0 ], [ 36.025538055709667, -0.224447638969608, 0.0 ], [ 36.025506115372941, -0.224459076302499, 0.0 ], [ 36.025484433843829, -0.224457557637229, 0.0 ], [ 36.025465557695824, -0.224460989846172, 0.0 ], [ 36.025438353830488, -0.224465171181648, 0.0 ], [ 36.02540963667272, -0.224470197891401, 0.0 ], [ 36.025377274765823, -0.224475970158213, 0.0 ], [ 36.025338896131068, -0.224482398054448, 0.0 ], [ 36.025298720275849, -0.224486832453549, 0.0 ], [ 36.025250835890489, -0.224492343172692, 0.0 ], [ 36.02520440093982, -0.224493219203186, 0.0 ], [ 36.025167751747119, -0.224504019509102, 0.0 ], [ 36.025134508873244, -0.224512603302665, 0.0 ], [ 36.025099767912451, -0.224517802261969, 0.0 ], [ 36.0250762006023, -0.224526354584685, 0.0 ], [ 36.025045971896638, -0.22453701253136, 0.0 ], [ 36.025020486308463, -0.224547562114175, 0.0 ], [ 36.024994676937467, -0.224557106029818, 0.0 ], [ 36.024959542722911, -0.22455417065162, 0.0 ], [ 36.024925006281563, -0.224555417719081, 0.0 ], [ 36.024889856343783, -0.224559315545612, 0.0 ], [ 36.024848992576707, -0.224566104333205, 0.0 ], [ 36.024809541776335, -0.224575592175522, 0.0 ], [ 36.024765581456535, -0.224583915388982, 0.0 ], [ 36.024720037549834, -0.22459455486699, 0.0 ], [ 36.024676801348619, -0.224608054404279, 0.0 ], [ 36.024633543760473, -0.224616312705113, 0.0 ], [ 36.024592825714208, -0.22462597466272, 0.0 ], [ 36.024557814979687, -0.224633928345608, 0.0 ], [ 36.024530765055516, -0.224640328710209, 0.0 ], [ 36.024510124828247, -0.224646658093451, 0.0 ], [ 36.024489645895684, -0.224649745734666, 0.0 ], [ 36.024487372594095, -0.224649882606505, 0.0 ], [ 36.024481147779291, -0.224649933747829, 0.0 ], [ 36.024480397487103, -0.22464999864806, 0.0 ], [ 36.024469375216682, -0.224652624708364, 0.0 ], [ 36.024449527872029, -0.224656846375509, 0.0 ], [ 36.024420237095519, -0.224667180143229, 0.0 ], [ 36.024391174968649, -0.224678534013244, 0.0 ], [ 36.02436082048532, -0.224689939120337, 0.0 ], [ 36.024328283543092, -0.224700491779432, 0.0 ], [ 36.024295308637043, -0.224711057901554, 0.0 ], [ 36.024258348949459, -0.224721857222501, 0.0 ], [ 36.024218414922025, -0.224733399523409, 0.0 ], [ 36.024180331748802, -0.224743520986517, 0.0 ], [ 36.024138670543323, -0.224757371388798, 0.0 ], [ 36.024100304503008, -0.2247683357622, 0.0 ], [ 36.024061737715265, -0.224777886109863, 0.0 ], [ 36.024025715017174, -0.224784045218074, 0.0 ], [ 36.023990788509792, -0.224788268338707, 0.0 ], [ 36.023956884691742, -0.224794585989093, 0.0 ], [ 36.023931131490876, -0.224797121417526, 0.0 ], [ 36.02390665577186, -0.224802182398998, 0.0 ], [ 36.023879951504192, -0.22480798922238, 0.0 ], [ 36.023848583341419, -0.224808225899914, 0.0 ], [ 36.023819215794987, -0.224807607364964, 0.0 ], [ 36.023760238542643, -0.224823535014934, 0.0 ], [ 36.023741775371654, -0.22482638543719, 0.0 ], [ 36.023725245548896, -0.224828169213487, 0.0 ], [ 36.02370212362009, -0.224826689099058, 0.0 ], [ 36.023662604290962, -0.22480211480729, 0.0 ], [ 36.023633549687851, -0.224798392799898, 0.0 ], [ 36.02360475913104, -0.224793714035593, 0.0 ], [ 36.023576094783351, -0.224786219979139, 0.0 ], [ 36.023548306231461, -0.224779366684929, 0.0 ], [ 36.023518556543941, -0.224773417400387, 0.0 ], [ 36.023492027278834, -0.22477031932397, 0.0 ], [ 36.023466502539442, -0.224756933254172, 0.0 ], [ 36.023441727807494, -0.224744903496215, 0.0 ], [ 36.023412489044674, -0.224733142980775, 0.0 ], [ 36.023387056014116, -0.224727893885552, 0.0 ], [ 36.023362450685674, -0.224725922869746, 0.0 ], [ 36.023341785700978, -0.22472153397412, 0.0 ], [ 36.023313559934593, -0.224719944406009, 0.0 ], [ 36.023284150334618, -0.224718762981388, 0.0 ], [ 36.023258976337473, -0.224719676737439, 0.0 ], [ 36.023238194715248, -0.224715135126408, 0.0 ], [ 36.023221268138229, -0.224708370775338, 0.0 ], [ 36.023202452924664, -0.224703487135724, 0.0 ], [ 36.02318157753168, -0.224692154773672, 0.0 ], [ 36.023170085283333, -0.224684416645326, 0.0 ], [ 36.023154554186902, -0.224678021207563, 0.0 ], [ 36.02313351863399, -0.224668749705409, 0.0 ], [ 36.023111643035193, -0.224655102365886, 0.0 ], [ 36.023089865733695, -0.224643572858837, 0.0 ], [ 36.02306876888521, -0.224631161670929, 0.0 ], [ 36.023050885612179, -0.224619931110664, 0.0 ], [ 36.023032241155505, -0.224609380734394, 0.0 ], [ 36.023026108878689, -0.224600005643094, 0.0 ], [ 36.023019141257969, -0.224594150431748, 0.0 ], [ 36.023008653071301, -0.224587409073274, 0.0 ], [ 36.022996404100759, -0.224575999859483, 0.0 ], [ 36.02297947629819, -0.224561918941367, 0.0 ], [ 36.022957854508626, -0.224544657643764, 0.0 ], [ 36.022939284712187, -0.224533257991563, 0.0 ], [ 36.022927687259539, -0.224531021276764, 0.0 ], [ 36.022922971925212, -0.224526882275682, 0.0 ], [ 36.022917179193023, -0.2245249611568, 0.0 ], [ 36.022894339497505, -0.224503467604591, 0.0 ], [ 36.022895249423321, -0.224503970136862, 0.0 ], [ 36.022891151258918, -0.224501250664768, 0.0 ], [ 36.022881617258271, -0.224498080146242, 0.0 ], [ 36.022873920585681, -0.224498279163855, 0.0 ], [ 36.022866989328485, -0.224494588755079, 0.0 ], [ 36.022859079552717, -0.22448783707895, 0.0 ], [ 36.022849498325819, -0.224482971578894, 0.0 ], [ 36.022842607745979, -0.224482311528442, 0.0 ], [ 36.022838365436208, -0.224482350422726, 0.0 ], [ 36.02283781607197, -0.224482938491972, 0.0 ], [ 36.022839612998595, -0.224481898020456, 0.0 ], [ 36.022841449393134, -0.224480959652781, 0.0 ], [ 36.022835249108866, -0.224475074783009, 0.0 ], [ 36.02282117516198, -0.224465853487084, 0.0 ], [ 36.022808521215403, -0.224455553696304, 0.0 ], [ 36.022801000005011, -0.224448980993186, 0.0 ], [ 36.022795112866518, -0.224443438614957, 0.0 ], [ 36.022782609935554, -0.224431929064458, 0.0 ], [ 36.022752395776315, -0.224410545153208, 0.0 ], [ 36.022720375161846, -0.224383998260104, 0.0 ], [ 36.022680620797651, -0.224354576661909, 0.0 ], [ 36.022641686953797, -0.224328446693629, 0.0 ], [ 36.022604753361207, -0.224298784435292, 0.0 ], [ 36.022566807587971, -0.224263852744295, 0.0 ], [ 36.022529265032375, -0.224223142332179, 0.0 ], [ 36.022492340000078, -0.224177589271958, 0.0 ], [ 36.022452341671823, -0.224133976316959, 0.0 ], [ 36.022405105369337, -0.22409459661838, 0.0 ], [ 36.022366091181404, -0.224057358984875, 0.0 ], [ 36.022308374120414, -0.224036996809681, 0.0 ], [ 36.022250016144987, -0.22401278919904, 0.0 ], [ 36.022188038918443, -0.223983046001076, 0.0 ], [ 36.022125886119532, -0.223951663816904, 0.0 ], [ 36.022068242911089, -0.223907563038308, 0.0 ], [ 36.022005858661288, -0.223871236848551, 0.0 ], [ 36.021944759233925, -0.223836637515732, 0.0 ], [ 36.021880521050825, -0.223808229254354, 0.0 ], [ 36.021813110796259, -0.223786566807292, 0.0 ], [ 36.021756263548959, -0.22376996249656, 0.0 ], [ 36.021698847113385, -0.223767867415739, 0.0 ], [ 36.021645032045626, -0.223762000940884, 0.0 ], [ 36.021588016781131, -0.223737401508295, 0.0 ], [ 36.021529015279903, -0.223722601061167, 0.0 ], [ 36.021467121121233, -0.223708527350053, 0.0 ], [ 36.021410211049407, -0.22369652366708, 0.0 ], [ 36.021363513671652, -0.223695579106451, 0.0 ], [ 36.021306850329275, -0.223692967377804, 0.0 ], [ 36.021256928303636, -0.223701410454111, 0.0 ], [ 36.021205746071935, -0.22372422708639, 0.0 ], [ 36.021100531642929, -0.223817528523149, 0.0 ], [ 36.020219282403318, -0.224428664559948, 0.0 ], [ 36.020166308019753, -0.224455738066248, 0.0 ], [ 36.020117968715233, -0.224502250430414, 0.0 ], [ 36.020081640916764, -0.224526812864951, 0.0 ], [ 36.020046761374012, -0.224552596221484, 0.0 ], [ 36.020013576945651, -0.224574831872213, 0.0 ], [ 36.01998500318404, -0.224594985887961, 0.0 ], [ 36.019963864161831, -0.224609735766167, 0.0 ], [ 36.019906648676091, -0.224675707719543, 0.0 ], [ 36.019815373051458, -0.224695698111926, 0.0 ], [ 36.01979961757327, -0.224720982090576, 0.0 ], [ 36.019753405546489, -0.224739152041656, 0.0 ], [ 36.019721386862848, -0.224766160207463, 0.0 ], [ 36.019681901278581, -0.224802320219285, 0.0 ], [ 36.019640925565803, -0.224835731476825, 0.0 ], [ 36.01959930654786, -0.224868281564887, 0.0 ], [ 36.019559871149141, -0.224909278017241, 0.0 ], [ 36.019536950757441, -0.224954924527806, 0.0 ], [ 36.019509745147381, -0.224999821163007, 0.0 ], [ 36.019480829102797, -0.225039629836796, 0.0 ], [ 36.019454970661137, -0.225079634286643, 0.0 ], [ 36.01942829963113, -0.225121565735551, 0.0 ], [ 36.01941066189557, -0.225170590595793, 0.0 ], [ 36.019390033156654, -0.225209537202064, 0.0 ], [ 36.019375202364451, -0.225237745078486, 0.0 ], [ 36.019364958092638, -0.225258970733774, 0.0 ], [ 36.019352458590994, -0.225266374180899, 0.0 ], [ 36.019340216122899, -0.225285384045645, 0.0 ], [ 36.019321528742459, -0.225301217697093, 0.0 ], [ 36.019300896570876, -0.225325970306919, 0.0 ], [ 36.019252821026313, -0.225359532777122, 0.0 ], [ 36.019244118183657, -0.22537830302911, 0.0 ], [ 36.019243611148632, -0.225396013338099, 0.0 ], [ 36.019233129474678, -0.225415117522263, 0.0 ], [ 36.019215038544949, -0.225441663190258, 0.0 ], [ 36.019212984615443, -0.225444366044368, 0.0 ], [ 36.019203901469517, -0.225448652205194, 0.0 ], [ 36.019190052559821, -0.225449754363295, 0.0 ], [ 36.019176141600063, -0.225447018439803, 0.0 ], [ 36.019169316943078, -0.225439981492692, 0.0 ], [ 36.019148902127363, -0.225437106008257, 0.0 ], [ 36.019126941435701, -0.225432016633421, 0.0 ], [ 36.019097684881984, -0.225433477954876, 0.0 ], [ 36.019063852271522, -0.22543898060305, 0.0 ], [ 36.019018974450582, -0.225445411604585, 0.0 ], [ 36.018979876414711, -0.225460024976541, 0.0 ], [ 36.018946854250032, -0.225474266440463, 0.0 ], [ 36.018930183166567, -0.225464801589791, 0.0 ], [ 36.018914876601336, -0.225462367151011, 0.0 ], [ 36.018896780900967, -0.225472492600454, 0.0 ], [ 36.018887533241362, -0.225482637923407, 0.0 ], [ 36.018874354903645, -0.225487374094028, 0.0 ], [ 36.018853919551049, -0.225488467680147, 0.0 ], [ 36.018822270480243, -0.225493891261998, 0.0 ], [ 36.018786643445821, -0.225505904160612, 0.0 ], [ 36.018751113641649, -0.225516407329964, 0.0 ], [ 36.018715277319089, -0.225524865815866, 0.0 ], [ 36.018681803535387, -0.225531201558379, 0.0 ], [ 36.018647581414157, -0.225536832418034, 0.0 ], [ 36.018617111759589, -0.225541509043299, 0.0 ], [ 36.01858457276159, -0.225545217597967, 0.0 ], [ 36.018557907478176, -0.22554967815859, 0.0 ], [ 36.018535833298621, -0.225551138229388, 0.0 ], [ 36.018523341366482, -0.225552179223692, 0.0 ], [ 36.018507190070281, -0.225555339985223, 0.0 ], [ 36.018486292525786, -0.225547552073464, 0.0 ], [ 36.018472500778834, -0.225541143448143, 0.0 ], [ 36.018449239348158, -0.225542184052886, 0.0 ], [ 36.01842747768228, -0.225542670214748, 0.0 ], [ 36.018396301030144, -0.225546385370686, 0.0 ], [ 36.01835822641258, -0.225555069270334, 0.0 ], [ 36.018319111529344, -0.225564314030264, 0.0 ], [ 36.018270767205394, -0.225573471977659, 0.0 ], [ 36.018218913063237, -0.225581942548555, 0.0 ], [ 36.018164343131353, -0.225586372115131, 0.0 ], [ 36.018108616166749, -0.22559185492526, 0.0 ], [ 36.018042093906921, -0.225605142669221, 0.0 ], [ 36.017975884477501, -0.225624805565575, 0.0 ], [ 36.017903714522518, -0.225651465747264, 0.0 ], [ 36.017831417837684, -0.225679079994227, 0.0 ], [ 36.017768972835206, -0.225691912293582, 0.0 ], [ 36.017706172179302, -0.225692686420938, 0.0 ], [ 36.017646185669555, -0.225677050871071, 0.0 ], [ 36.017601166458057, -0.225659454171243, 0.0 ], [ 36.01756801199393, -0.225631172406125, 0.0 ], [ 36.017533522658177, -0.225613556174206, 0.0 ], [ 36.017504631330922, -0.225593133011345, 0.0 ], [ 36.017487725107991, -0.225570441802517, 0.0 ], [ 36.017478989001326, -0.225540505297441, 0.0 ], [ 36.017481453645289, -0.225494796891928, 0.0 ], [ 36.017486949997092, -0.225448599408128, 0.0 ], [ 36.017496324051642, -0.225398980260971, 0.0 ], [ 36.017503873548876, -0.225345018525632, 0.0 ], [ 36.017507124117088, -0.225287115755054, 0.0 ], [ 36.017508055543146, -0.225225290423191, 0.0 ], [ 36.017508538975648, -0.225159789566717, 0.0 ], [ 36.017511622606385, -0.225092955675331, 0.0 ], [ 36.017520461731237, -0.225025607057184, 0.0 ], [ 36.01753348742848, -0.224963040605875, 0.0 ], [ 36.017540178662372, -0.224914908065649, 0.0 ], [ 36.017547304385189, -0.224875113100782, 0.0 ], [ 36.017542761198534, -0.224845088909435, 0.0 ], [ 36.01753778426594, -0.224825371745148, 0.0 ], [ 36.017533989786934, -0.224812096768303, 0.0 ], [ 36.017532604522373, -0.224805581356367, 0.0 ], [ 36.017530801442469, -0.224801545963814, 0.0 ], [ 36.017533538903542, -0.224804943676151, 0.0 ], [ 36.017533568314811, -0.224805964635868, 0.0 ], [ 36.017531847251732, -0.224804666861541, 0.0 ], [ 36.017530458763083, -0.224805274633944, 0.0 ], [ 36.017527851709431, -0.224800500919381, 0.0 ], [ 36.017519740014222, -0.224793919991327, 0.0 ], [ 36.017510080166943, -0.224787528483409, 0.0 ], [ 36.017492554121155, -0.224785530897933, 0.0 ], [ 36.01746232206105, -0.224787071540764, 0.0 ], [ 36.017425686645005, -0.22478860365345, 0.0 ], [ 36.01737569079598, -0.224790068900797, 0.0 ], [ 36.017316761715648, -0.22479125315021, 0.0 ], [ 36.017243716931951, -0.224790451349326, 0.0 ], [ 36.017156417302935, -0.22478785772228, 0.0 ], [ 36.017069482954824, -0.224785219897992, 0.0 ], [ 36.016976164879573, -0.224783191540301, 0.0 ], [ 36.016871221089467, -0.224781490594953, 0.0 ], [ 36.016761833929017, -0.22478014653082, 0.0 ], [ 36.016648159943927, -0.224777231314533, 0.0 ], [ 36.016531751609875, -0.224773371386398, 0.0 ], [ 36.016412344560038, -0.224771135337559, 0.0 ], [ 36.016291317995567, -0.224766999806373, 0.0 ], [ 36.016169723112483, -0.224764071232477, 0.0 ], [ 36.016047190456007, -0.224760869611183, 0.0 ], [ 36.015918982668836, -0.224760305047956, 0.0 ], [ 36.015785943789488, -0.224755774050846, 0.0 ], [ 36.015651195430181, -0.224750459373714, 0.0 ], [ 36.015514975588509, -0.22474350816394, 0.0 ], [ 36.015378176386399, -0.22473466943138, 0.0 ], [ 36.015239941428788, -0.224725052496796, 0.0 ], [ 36.015100020500221, -0.224718261358476, 0.0 ], [ 36.014957458196584, -0.224712376793932, 0.0 ], [ 36.014812092290626, -0.224706347099687, 0.0 ], [ 36.014661639112767, -0.224702886818156, 0.0 ], [ 36.014509245371002, -0.224700856375923, 0.0 ], [ 36.014356167192894, -0.224697329603656, 0.0 ], [ 36.014205428670635, -0.224689482788448, 0.0 ], [ 36.014054467298038, -0.224683142959808, 0.0 ], [ 36.013903681291168, -0.224679574188849, 0.0 ], [ 36.013753580056495, -0.224676037178969, 0.0 ], [ 36.013605941388469, -0.224672841287496, 0.0 ], [ 36.013459637040469, -0.224670712695058, 0.0 ], [ 36.013314896789886, -0.22466503368331, 0.0 ], [ 36.013171800215602, -0.224666207114074, 0.0 ], [ 36.013029753162392, -0.224661024668438, 0.0 ], [ 36.012889480604933, -0.224654790012317, 0.0 ], [ 36.012749717312644, -0.224655546703583, 0.0 ], [ 36.012608436749623, -0.224659252994924, 0.0 ], [ 36.01246765070276, -0.224654016594459, 0.0 ], [ 36.012325922646106, -0.224647297367663, 0.0 ], [ 36.012184906261908, -0.224640709292813, 0.0 ], [ 36.012044600645723, -0.224634285798963, 0.0 ], [ 36.011903070166511, -0.224627155523589, 0.0 ], [ 36.011759815885782, -0.224623563884075, 0.0 ], [ 36.011615898892522, -0.224622020329998, 0.0 ], [ 36.011467270018393, -0.2246218428018, 0.0 ], [ 36.011311993328206, -0.224614754902289, 0.0 ], [ 36.011151089246695, -0.22460959933367, 0.0 ], [ 36.010983627556989, -0.224604193065422, 0.0 ], [ 36.010812596618699, -0.224594857681357, 0.0 ], [ 36.010643644312246, -0.224589459241079, 0.0 ], [ 36.010476945196729, -0.224585735431904, 0.0 ], [ 36.010312943470765, -0.224579412822221, 0.0 ], [ 36.010151812404054, -0.224574645708166, 0.0 ], [ 36.009993614878084, -0.224571129624964, 0.0 ], [ 36.009837882541639, -0.224568269075118, 0.0 ], [ 36.009685006065361, -0.224564668242343, 0.0 ], [ 36.009534435616843, -0.224563269689165, 0.0 ], [ 36.009386851667102, -0.224563056221321, 0.0 ], [ 36.009243352423383, -0.224565376975525, 0.0 ], [ 36.009102999951502, -0.224561782303981, 0.0 ], [ 36.008964469690277, -0.224556355721927, 0.0 ], [ 36.00882726770169, -0.22455525261802, 0.0 ], [ 36.008689034122931, -0.224547394800284, 0.0 ], [ 36.008560746192394, -0.224548024600684, 0.0 ], [ 36.008453853217823, -0.224545516415823, 0.0 ], [ 36.008371160796422, -0.224538999852826, 0.0 ], [ 36.008303351949458, -0.224540120823204, 0.0 ], [ 36.008249788554721, -0.224535647567693, 0.0 ], [ 36.008202741331019, -0.224527776706362, 0.0 ], [ 36.00817117290601, -0.224504118684969, 0.0 ], [ 36.008142686513672, -0.224470585231773, 0.0 ], [ 36.008120317101429, -0.224428302715051, 0.0 ], [ 36.008091384079371, -0.224370934177379, 0.0 ], [ 36.008061975975572, -0.224301796672097, 0.0 ], [ 36.008031580942934, -0.224226848619181, 0.0 ], [ 36.007996429097837, -0.224149051799306, 0.0 ], [ 36.007958452164374, -0.224066348454337, 0.0 ], [ 36.007918627073202, -0.223980689420631, 0.0 ], [ 36.007877722944549, -0.223892042329569, 0.0 ], [ 36.007839272389525, -0.223803635168441, 0.0 ], [ 36.007800636392687, -0.223718033314706, 0.0 ], [ 36.007761609115775, -0.223636850360823, 0.0 ], [ 36.007726588350792, -0.223572090976443, 0.0 ], [ 36.007695744008956, -0.223526785501646, 0.0 ], [ 36.00767013045305, -0.223488189508445, 0.0 ], [ 36.007626839833385, -0.223449619747795, 0.0 ], [ 36.007569499240944, -0.223417566729718, 0.0 ], [ 36.007501811225268, -0.223389185209641, 0.0 ], [ 36.007434521572861, -0.223361343157327, 0.0 ], [ 36.007361681751789, -0.223339726839314, 0.0 ], [ 36.007315997372039, -0.223315981079774, 0.0 ], [ 36.007266255494692, -0.223306362378424, 0.0 ], [ 36.007241104199757, -0.223307806479504, 0.0 ], [ 36.007218730210553, -0.223306258783457, 0.0 ], [ 36.007129208911238, -0.223284035958928, 0.0 ] ] ] } },
{ "type": "Feature", "properties": { "Name": null, "Type": "Murram", "Length_Km": 0.35613105669, "main__road": 0, "Type2": 0 }, "geometry": { "type": "MultiLineString", "coordinates": [ [ [ 36.043094001503484, -0.217328443740426, 0.0 ], [ 36.043152925424415, -0.217319079392683, 0.0 ], [ 36.04318522056883, -0.217312870369695, 0.0 ], [ 36.043199943257243, -0.21731048252361, 0.0 ], [ 36.043209460420847, -0.217313557249015, 0.0 ], [ 36.043226536731375, -0.217322918332245, 0.0 ], [ 36.043236678602021, -0.217335008502448, 0.0 ], [ 36.043246415240773, -0.217349539905063, 0.0 ], [ 36.043248702013742, -0.217372889115629, 0.0 ], [ 36.043249279324172, -0.21746503020253, 0.0 ], [ 36.043254459654875, -0.217553220190457, 0.0 ], [ 36.043276018209326, -0.217733848898488, 0.0 ], [ 36.043291143547641, -0.217872898169812, 0.0 ], [ 36.043304726770025, -0.218027111824767, 0.0 ], [ 36.043315377923186, -0.218106830581291, 0.0 ], [ 36.043338809338067, -0.21822748220377, 0.0 ], [ 36.043377787862802, -0.218352228916947, 0.0 ], [ 36.043420863142977, -0.218473474396853, 0.0 ], [ 36.043455323070056, -0.218564538815821, 0.0 ], [ 36.043488117846216, -0.218657271715934, 0.0 ], [ 36.043517921223795, -0.21875514416172, 0.0 ], [ 36.043551361338324, -0.218870727227412, 0.0 ], [ 36.043576357393583, -0.218942917079526, 0.0 ], [ 36.043605732707995, -0.219008069371134, 0.0 ], [ 36.043674246862281, -0.21912980870191, 0.0 ], [ 36.043740382481673, -0.219252624576464, 0.0 ], [ 36.043797182301532, -0.219371939294925, 0.0 ], [ 36.04384697724845, -0.219477603162713, 0.0 ], [ 36.043871741297878, -0.219528874693873, 0.0 ], [ 36.043911289253089, -0.219623077206878, 0.0 ], [ 36.043931099547834, -0.219668014992957, 0.0 ], [ 36.043942431393759, -0.219689678227102, 0.0 ], [ 36.04399205910795, -0.219741367572952, 0.0 ], [ 36.044060393580715, -0.219803789916637, 0.0 ], [ 36.044079295789551, -0.219824786944277, 0.0 ], [ 36.044104269808408, -0.219862371099262, 0.0 ], [ 36.044132704217397, -0.219924512728788, 0.0 ], [ 36.044139983486993, -0.219943908236919, 0.0 ], [ 36.044147733393096, -0.219975306208129, 0.0 ], [ 36.044152271013701, -0.220012383981573, 0.0 ], [ 36.044154254285495, -0.220077763136632, 0.0 ], [ 36.04415054669289, -0.220115203403037, 0.0 ], [ 36.044144442409142, -0.220136365365988, 0.0 ], [ 36.044134369025656, -0.220155215339442, 0.0 ], [ 36.044111583378573, -0.22017597375046, 0.0 ] ] ] } },
{ "type": "Feature", "properties": { "Name": "Ring road", "Type": "Murram", "Length_Km": 0.62756338075999996, "main__road": 0, "Type2": 2 }, "geometry": { "type": "MultiLineString", "coordinates": [ [ [ 36.047850593996593, -0.214677632034339, 0.0 ], [ 36.047822551971763, -0.214735556979472, 0.0 ], [ 36.047809710368163, -0.214766258960853, 0.0 ], [ 36.047799911786285, -0.21480347412582, 0.0 ], [ 36.047792778254887, -0.214847891790459, 0.0 ], [ 36.047790825053397, -0.214896682602209, 0.0 ], [ 36.047793985119981, -0.214948530114686, 0.0 ], [ 36.047799366546307, -0.215004604739066, 0.0 ], [ 36.047807232458432, -0.215064040047075, 0.0 ], [ 36.047818873489049, -0.215126548967089, 0.0 ], [ 36.047833659073376, -0.21519020958323, 0.0 ], [ 36.047850383377138, -0.215257738559971, 0.0 ], [ 36.047869332864437, -0.215328252306719, 0.0 ], [ 36.047889473139477, -0.215404360905076, 0.0 ], [ 36.047914029208243, -0.215484198297116, 0.0 ], [ 36.047942343582442, -0.21556583985133, 0.0 ], [ 36.047971263541882, -0.215648584729204, 0.0 ], [ 36.04799819059064, -0.215733933182639, 0.0 ], [ 36.048023053609519, -0.215818316277985, 0.0 ], [ 36.048047159409087, -0.215901330391965, 0.0 ], [ 36.048074704762541, -0.215982202015338, 0.0 ], [ 36.048105226010122, -0.216059161055447, 0.0 ], [ 36.048126803270449, -0.216120321155569, 0.0 ], [ 36.048132617603692, -0.216136802558668, 0.0 ], [ 36.048157214397754, -0.216214633265013, 0.0 ], [ 36.048179320411137, -0.216298543306333, 0.0 ], [ 36.048201645428179, -0.216382329610545, 0.0 ], [ 36.048225809131402, -0.216462722637645, 0.0 ], [ 36.048250999543747, -0.216543143876384, 0.0 ], [ 36.048274918172034, -0.216623810630807, 0.0 ], [ 36.048299404506281, -0.216706542955037, 0.0 ], [ 36.048324620038571, -0.216791624587275, 0.0 ], [ 36.04834972372214, -0.216879606514431, 0.0 ], [ 36.048372386955194, -0.216968581848396, 0.0 ], [ 36.048393145710641, -0.217057630001568, 0.0 ], [ 36.048413648499654, -0.2171476042207, 0.0 ], [ 36.048437243314424, -0.21723650475376, 0.0 ], [ 36.048464566254772, -0.217325455709354, 0.0 ], [ 36.048495549021666, -0.217414929618317, 0.0 ], [ 36.048529906272883, -0.217504630070043, 0.0 ], [ 36.048566008670683, -0.21759200609874, 0.0 ], [ 36.048599894322315, -0.217679170276575, 0.0 ], [ 36.048629476253687, -0.217767824436476, 0.0 ], [ 36.048653116715585, -0.217857151472195, 0.0 ], [ 36.048678070690592, -0.217943866678516, 0.0 ], [ 36.048703524370929, -0.218026888377949, 0.0 ], [ 36.048729057342982, -0.21810825574322, 0.0 ], [ 36.048755217843819, -0.218188618515389, 0.0 ], [ 36.048781377650336, -0.218267901579302, 0.0 ], [ 36.048809405637328, -0.21834446720989, 0.0 ], [ 36.048838041672262, -0.218418665728606, 0.0 ], [ 36.048866427882125, -0.218489875342735, 0.0 ], [ 36.048894234189746, -0.218557080425728, 0.0 ], [ 36.04892414779961, -0.218619553261885, 0.0 ], [ 36.048958787621103, -0.218677016077948, 0.0 ], [ 36.049000598458782, -0.218729157636516, 0.0 ], [ 36.049049617721309, -0.218777465147095, 0.0 ], [ 36.049104910668426, -0.218819684132576, 0.0 ], [ 36.0491589285865, -0.218860387661198, 0.0 ], [ 36.04921163061703, -0.218902017048956, 0.0 ], [ 36.04926292241155, -0.218945154147464, 0.0 ], [ 36.04931448393522, -0.218990434463982, 0.0 ], [ 36.049366056158661, -0.219036081617795, 0.0 ], [ 36.049415245918745, -0.219084540982395, 0.0 ], [ 36.049462166330898, -0.219135640910282, 0.0 ], [ 36.049507251809317, -0.219184572022176, 0.0 ], [ 36.049551428086382, -0.219229127187024, 0.0 ], [ 36.049590581922637, -0.219269686885092, 0.0 ], [ 36.049626282994261, -0.219306365267578, 0.0 ], [ 36.049664782946707, -0.219344955157491, 0.0 ], [ 36.049706236423155, -0.219384031726228, 0.0 ], [ 36.049747428999837, -0.219421726756266, 0.0 ], [ 36.04978738231295, -0.219458592109431, 0.0 ], [ 36.049821284570768, -0.219491968668984, 0.0 ], [ 36.049845695158915, -0.219520111954448, 0.0 ], [ 36.049866716195005, -0.219542366300014, 0.0 ], [ 36.049884448035023, -0.219559569293035, 0.0 ], [ 36.049895547275717, -0.219568518182136, 0.0 ], [ 36.049904479744711, -0.219578737906213, 0.0 ], [ 36.049912806381833, -0.219589114724906, 0.0 ], [ 36.049923207712609, -0.219600980057781, 0.0 ], [ 36.049930539076087, -0.219611172362089, 0.0 ], [ 36.049939634784145, -0.219645074426406, 0.0 ], [ 36.049949905675845, -0.219695541055759, 0.0 ], [ 36.049952632156185, -0.219723699964802, 0.0 ] ] ] } },
{ "type": "Feature", "properties": { "Name": "Mvuke road", "Type": "Murram", "Length_Km": 0.87618653567000004, "main__road": 0, "Type2": 1 }, "geometry": { "type": "MultiLineString", "coordinates": [ [ [ 36.051845136312018, -0.210842940794553, 0.0 ], [ 36.051835929081776, -0.210842590298779, 0.0 ], [ 36.05181433475817, -0.210847122840548, 0.0 ], [ 36.051794954357362, -0.210852581914421, 0.0 ], [ 36.051773623932732, -0.210856911211912, 0.0 ], [ 36.051758559606142, -0.21086199342416, 0.0 ], [ 36.0517446618761, -0.210872622608371, 0.0 ], [ 36.051725080645511, -0.210891458360721, 0.0 ], [ 36.051702069957884, -0.21091602724838, 0.0 ], [ 36.051674890780568, -0.210943668244534, 0.0 ], [ 36.051642891575327, -0.210974190581659, 0.0 ], [ 36.051607234488543, -0.211008111295534, 0.0 ], [ 36.05157024405586, -0.21104515705517, 0.0 ], [ 36.051532896024561, -0.211084350428091, 0.0 ], [ 36.051492375494746, -0.211127778933476, 0.0 ], [ 36.051449206351641, -0.211176760914884, 0.0 ], [ 36.051402528918544, -0.211230685424947, 0.0 ], [ 36.05135226653961, -0.211286717181263, 0.0 ], [ 36.051302126655962, -0.21135002957321, 0.0 ], [ 36.051251705566315, -0.211419721707497, 0.0 ], [ 36.051202628969492, -0.211489070749261, 0.0 ], [ 36.051156113110288, -0.211557252009024, 0.0 ], [ 36.051115976141894, -0.211608465338089, 0.0 ], [ 36.051067448729349, -0.211663759208775, 0.0 ], [ 36.051010923101977, -0.211727788661511, 0.0 ], [ 36.050952206667489, -0.211796877440451, 0.0 ], [ 36.050890945168611, -0.211864886015959, 0.0 ], [ 36.050827412058233, -0.211928512051008, 0.0 ], [ 36.050761518273497, -0.211993696213895, 0.0 ], [ 36.05069452205408, -0.212055814495538, 0.0 ], [ 36.050627612409826, -0.212115705593904, 0.0 ], [ 36.050563589679598, -0.212172358091374, 0.0 ], [ 36.050504270668654, -0.212224178513743, 0.0 ], [ 36.050447765837397, -0.212272964520668, 0.0 ], [ 36.050396751130542, -0.212315800039228, 0.0 ], [ 36.050346716815433, -0.21235682417038, 0.0 ], [ 36.050299194409, -0.212398639359713, 0.0 ], [ 36.050241037940467, -0.212448862543724, 0.0 ], [ 36.050172645565333, -0.212499664744728, 0.0 ], [ 36.050102104015885, -0.212548883553757, 0.0 ], [ 36.05002944691681, -0.212594294497159, 0.0 ], [ 36.049956094439871, -0.212638803583553, 0.0 ], [ 36.049919056684914, -0.212660161306586, 0.0 ], [ 36.049882239735297, -0.212681392576522, 0.0 ], [ 36.049807355857041, -0.212722720949701, 0.0 ], [ 36.049725547955703, -0.212763752546889, 0.0 ], [ 36.049644024518699, -0.212805007362446, 0.0 ], [ 36.049568672334352, -0.212835873709381, 0.0 ], [ 36.049508384318223, -0.212857641710004, 0.0 ], [ 36.04947200553427, -0.212863551971861, 0.0 ], [ 36.049428331538991, -0.212895865462584, 0.0 ], [ 36.049397380910065, -0.212933106005479, 0.0 ], [ 36.049393600975328, -0.212937654114094, 0.0 ], [ 36.04936161416888, -0.212988180372797, 0.0 ], [ 36.049326761559932, -0.213048991811515, 0.0 ], [ 36.049281381616602, -0.213118600669918, 0.0 ], [ 36.049231969416489, -0.213192258352536, 0.0 ], [ 36.049183732767268, -0.213271472930836, 0.0 ], [ 36.049129449525616, -0.21335200459107, 0.0 ], [ 36.049069007604587, -0.213438098973436, 0.0 ], [ 36.049002241591609, -0.213531217043422, 0.0 ], [ 36.048935118490405, -0.213623728768524, 0.0 ], [ 36.048863990371714, -0.213718607854611, 0.0 ], [ 36.048788406434504, -0.213817258291101, 0.0 ], [ 36.048702818786325, -0.213917861123012, 0.0 ], [ 36.048610483026771, -0.2140086377221, 0.0 ], [ 36.048521017333059, -0.214085597256893, 0.0 ], [ 36.048431148088603, -0.214160889699048, 0.0 ], [ 36.04836045496635, -0.214223943050305, 0.0 ], [ 36.048287271943941, -0.214288505704699, 0.0 ], [ 36.048220664279178, -0.2143509309696, 0.0 ], [ 36.048147083228521, -0.214422583483687, 0.0 ], [ 36.048067588766884, -0.214498462441801, 0.0 ], [ 36.047986802003926, -0.214573958046293, 0.0 ], [ 36.047912510596802, -0.214638500563398, 0.0 ], [ 36.047850978173365, -0.214677343884038, 0.0 ], [ 36.047797752619772, -0.214717357052386, 0.0 ], [ 36.047753521603049, -0.214752765781171, 0.0 ], [ 36.047722837107166, -0.214774326092105, 0.0 ], [ 36.047699679211043, -0.214784738366036, 0.0 ], [ 36.04767451461916, -0.214808964227309, 0.0 ], [ 36.047647512047519, -0.214837592604839, 0.0 ], [ 36.047620456549723, -0.214856625549774, 0.0 ], [ 36.047595898687305, -0.21487595261916, 0.0 ], [ 36.047568701539824, -0.21489418501302, 0.0 ], [ 36.047539483265822, -0.21491713973491, 0.0 ], [ 36.047502471876527, -0.214951050889895, 0.0 ], [ 36.04746467057052, -0.214980935789821, 0.0 ], [ 36.047430464604119, -0.215010667780427, 0.0 ], [ 36.047394906346504, -0.215039278236268, 0.0 ], [ 36.047355851068595, -0.215070171220745, 0.0 ], [ 36.047310302420833, -0.215115729847878, 0.0 ], [ 36.047262087558174, -0.215150778174164, 0.0 ], [ 36.047212970374908, -0.21518768306384, 0.0 ], [ 36.047171020852005, -0.21521789151286, 0.0 ], [ 36.047137053502851, -0.215243504371081, 0.0 ], [ 36.047106002054839, -0.215269197299521, 0.0 ], [ 36.047075000910993, -0.215294653513076, 0.0 ], [ 36.047046497878675, -0.215313172955759, 0.0 ], [ 36.047016810854167, -0.215337542481552, 0.0 ], [ 36.046991575930825, -0.215354063958876, 0.0 ], [ 36.046966402022512, -0.215365940434926, 0.0 ], [ 36.046940968739783, -0.215387267711769, 0.0 ], [ 36.046918929242779, -0.215401721638555, 0.0 ], [ 36.046895922331515, -0.215420524938082, 0.0 ], [ 36.04687145145455, -0.215440245030333, 0.0 ], [ 36.046846015083808, -0.215458937629805, 0.0 ], [ 36.046819988156102, -0.215477707817453, 0.0 ], [ 36.046794639493847, -0.215497687952225, 0.0 ], [ 36.046774161309813, -0.215499598566913, 0.0 ], [ 36.046749541478356, -0.215514465804698, 0.0 ], [ 36.046724385271524, -0.215532377810462, 0.0 ], [ 36.046700115819597, -0.215550060491659, 0.0 ], [ 36.046673969456272, -0.215569210130954, 0.0 ], [ 36.046649381469642, -0.215586522304618, 0.0 ], [ 36.046626679974224, -0.21560390531637, 0.0 ], [ 36.0466084221976, -0.215619756810485, 0.0 ], [ 36.04659408134706, -0.215629214829405, 0.0 ], [ 36.046577914897519, -0.215644032192748, 0.0 ], [ 36.046560033701567, -0.21565706928473, 0.0 ], [ 36.046539178449962, -0.215669082110761, 0.0 ], [ 36.046515572206417, -0.215682218387385, 0.0 ], [ 36.04648922063722, -0.215695001759415, 0.0 ], [ 36.046462253366343, -0.215707944935397, 0.0 ], [ 36.046437294157762, -0.21571880045765, 0.0 ], [ 36.04641092065313, -0.215733668250266, 0.0 ], [ 36.046384565591119, -0.215750660227354, 0.0 ], [ 36.04635901912885, -0.215767812283298, 0.0 ], [ 36.046333277082084, -0.215784618251469, 0.0 ], [ 36.046306606587635, -0.215803801207266, 0.0 ], [ 36.046279296371651, -0.215822030822189, 0.0 ], [ 36.046253535799273, -0.215837155328781, 0.0 ], [ 36.046229943950934, -0.215854830897739, 0.0 ], [ 36.046208624409203, -0.215868397684899, 0.0 ], [ 36.046188969065881, -0.215875845235572, 0.0 ], [ 36.046169414158797, -0.215883721978538, 0.0 ], [ 36.046148673640801, -0.215896511846945, 0.0 ], [ 36.046129070759157, -0.215906530831567, 0.0 ], [ 36.046111834320179, -0.215912962385858, 0.0 ], [ 36.046096364002445, -0.215920024036503, 0.0 ], [ 36.046079213444131, -0.215927912085039, 0.0 ], [ 36.046060940538922, -0.215938403867712, 0.0 ], [ 36.046040109200334, -0.215952118019491, 0.0 ], [ 36.046025586383976, -0.215965133160873, 0.0 ], [ 36.046013400749722, -0.215977396119815, 0.0 ] ] ] } },
{ "type": "Feature", "properties": { "Name": "Ring road", "Type": "Murram", "Length_Km": 1.1073081312099999, "main__road": 0, "Type2": 2 }, "geometry": { "type": "MultiLineString", "coordinates": [ [ [ 36.078977414814915, -0.221582423540646, 0.0 ], [ 36.07896071007815, -0.221577596559814, 0.0 ], [ 36.078938144964496, -0.221577779060923, 0.0 ], [ 36.078926990423511, -0.221576460159201, 0.0 ], [ 36.078875993214012, -0.221580854952378, 0.0 ], [ 36.078802086311889, -0.221589513614022, 0.0 ], [ 36.078750434146897, -0.221602045639205, 0.0 ], [ 36.078694334363099, -0.221612389298011, 0.0 ], [ 36.078633665492774, -0.221631386249779, 0.0 ], [ 36.078572008868576, -0.221648326528143, 0.0 ], [ 36.078512195846514, -0.221669279826543, 0.0 ], [ 36.078439772243691, -0.221698025560736, 0.0 ], [ 36.078388757172348, -0.221715968150225, 0.0 ], [ 36.078339196936994, -0.221734036616956, 0.0 ], [ 36.078290302169634, -0.221754600813864, 0.0 ], [ 36.078241670794796, -0.22177299112275, 0.0 ], [ 36.078171191044817, -0.221784047551179, 0.0 ], [ 36.078101325692828, -0.221792528985516, 0.0 ], [ 36.078047621493276, -0.221802307475716, 0.0 ], [ 36.077988267906342, -0.221805325409202, 0.0 ], [ 36.077926474543609, -0.221810181583476, 0.0 ], [ 36.077905533112343, -0.221811848059611, 0.0 ], [ 36.077856874541588, -0.221815720208628, 0.0 ], [ 36.077775372840037, -0.221815974350747, 0.0 ], [ 36.077712899599149, -0.22181403751407, 0.0 ], [ 36.0776494574786, -0.22181454458449, 0.0 ], [ 36.077590608046471, -0.22180504395568, 0.0 ], [ 36.077501739819198, -0.221790462198599, 0.0 ], [ 36.077424824724595, -0.221775155436446, 0.0 ], [ 36.07736657007159, -0.221757837431577, 0.0 ], [ 36.077311871952411, -0.221746618171399, 0.0 ], [ 36.077251481925309, -0.221725771395677, 0.0 ], [ 36.07718533052595, -0.221706397176282, 0.0 ], [ 36.077117701155771, -0.221681271587648, 0.0 ], [ 36.077057254123055, -0.221658232800626, 0.0 ], [ 36.0770028994312, -0.22163946628198, 0.0 ], [ 36.076943521977306, -0.221622366727034, 0.0 ], [ 36.07686661008384, -0.22162778374625, 0.0 ], [ 36.076808418747589, -0.221598813620658, 0.0 ], [ 36.076736346422344, -0.221593888684295, 0.0 ], [ 36.07666995446813, -0.221602574093287, 0.0 ], [ 36.076608240334437, -0.221625053068526, 0.0 ], [ 36.07654403626222, -0.221653511227124, 0.0 ], [ 36.076480947509637, -0.221683424312203, 0.0 ], [ 36.076427706751538, -0.22171042448628, 0.0 ], [ 36.076374936091973, -0.221743061980111, 0.0 ], [ 36.076324410282474, -0.221779354759627, 0.0 ], [ 36.076274565724091, -0.221810795622439, 0.0 ], [ 36.076225523207931, -0.22184392898342, 0.0 ], [ 36.076172116296156, -0.221890057197677, 0.0 ], [ 36.076100720869654, -0.221944519797871, 0.0 ], [ 36.076022632214624, -0.221978634103698, 0.0 ], [ 36.075981338814479, -0.222034593468351, 0.0 ], [ 36.075935320944197, -0.222081330300835, 0.0 ], [ 36.075886325598844, -0.222130389561323, 0.0 ], [ 36.075836075956552, -0.222172696366347, 0.0 ], [ 36.075785798456771, -0.222219800994225, 0.0 ], [ 36.075733144576041, -0.222265818182838, 0.0 ], [ 36.07568840937941, -0.222316447725696, 0.0 ], [ 36.075630161261515, -0.222381384064912, 0.0 ], [ 36.075552970049699, -0.222411286166944, 0.0 ], [ 36.075504510682045, -0.222450263730385, 0.0 ], [ 36.075444092199504, -0.222497785575055, 0.0 ], [ 36.075387632747606, -0.222539990826001, 0.0 ], [ 36.075335987718169, -0.222585736213318, 0.0 ], [ 36.075275126580699, -0.222643434595745, 0.0 ], [ 36.075204439974769, -0.222708247360024, 0.0 ], [ 36.075155117535424, -0.222754769336289, 0.0 ], [ 36.075106313861568, -0.222801249847683, 0.0 ], [ 36.075046608281355, -0.222856540483841, 0.0 ], [ 36.075005085923408, -0.222894511022721, 0.0 ], [ 36.074963589142406, -0.222934791930571, 0.0 ], [ 36.074909425953742, -0.222983925983123, 0.0 ], [ 36.074869226027069, -0.223024405920566, 0.0 ], [ 36.074838257907444, -0.223069067484539, 0.0 ], [ 36.074792470155288, -0.223109367408128, 0.0 ], [ 36.074736437773502, -0.223156924386698, 0.0 ], [ 36.074664293810045, -0.223202395497348, 0.0 ], [ 36.074617155255432, -0.223233819612434, 0.0 ], [ 36.074555997730776, -0.223246676700624, 0.0 ], [ 36.074481484545089, -0.223263671187432, 0.0 ], [ 36.074417445720456, -0.223278165829044, 0.0 ], [ 36.074364032530845, -0.223287628018639, 0.0 ], [ 36.074302718646088, -0.223301545831187, 0.0 ], [ 36.074233114621549, -0.223319556866761, 0.0 ], [ 36.074176379782735, -0.223338184860685, 0.0 ], [ 36.074112086724718, -0.223363167795185, 0.0 ], [ 36.07405324726723, -0.223386274240623, 0.0 ], [ 36.073996032123262, -0.223405661110121, 0.0 ], [ 36.073921779525918, -0.223421230735974, 0.0 ], [ 36.073859108418688, -0.223436269564087, 0.0 ], [ 36.073777704400221, -0.223447886565218, 0.0 ], [ 36.073691354930247, -0.223456015803835, 0.0 ], [ 36.073619569068541, -0.223460478633322, 0.0 ], [ 36.073534226393939, -0.223460533089193, 0.0 ], [ 36.073452123814498, -0.223460060517014, 0.0 ], [ 36.073380823419328, -0.223460436708074, 0.0 ], [ 36.073320295835586, -0.223460400308276, 0.0 ], [ 36.07323887283124, -0.223454576175702, 0.0 ], [ 36.073149085401106, -0.223447254115036, 0.0 ], [ 36.073070494156617, -0.223431609921176, 0.0 ], [ 36.073008721599152, -0.223418603799673, 0.0 ], [ 36.07293546483622, -0.223404406337728, 0.0 ], [ 36.072882332646124, -0.223395456134952, 0.0 ], [ 36.072827721442565, -0.223386158678599, 0.0 ], [ 36.072758140402662, -0.223355953857915, 0.0 ], [ 36.072688020885373, -0.223353174206774, 0.0 ], [ 36.072618656475896, -0.223362603391927, 0.0 ], [ 36.072562649075266, -0.223328816006154, 0.0 ], [ 36.072495790543726, -0.22331966882539, 0.0 ], [ 36.072435377323217, -0.223313348304828, 0.0 ], [ 36.072091703127072, -0.223396211913107, 0.0 ], [ 36.072078049443547, -0.223423666990256, 0.0 ], [ 36.072005225158257, -0.223479162642102, 0.0 ], [ 36.071940777966127, -0.223526458485204, 0.0 ], [ 36.071876749614397, -0.22357525609477, 0.0 ], [ 36.071823655054082, -0.223617300075976, 0.0 ], [ 36.071754019638888, -0.22367258219483, 0.0 ], [ 36.071682223404352, -0.223721433359884, 0.0 ], [ 36.071613889492269, -0.223771509507318, 0.0 ], [ 36.071541745469602, -0.223804394982911, 0.0 ], [ 36.071469096013956, -0.22382885842851, 0.0 ], [ 36.071419344258274, -0.223854618489329, 0.0 ], [ 36.071336864431039, -0.223897619771712, 0.0 ], [ 36.071274501109798, -0.223945649650458, 0.0 ], [ 36.071212806282333, -0.223994421465294, 0.0 ], [ 36.071144832875611, -0.224036903367077, 0.0 ], [ 36.071077629214095, -0.224080978362423, 0.0 ], [ 36.071011889326222, -0.224125320188643, 0.0 ], [ 36.070658415676334, -0.224326874399774, 0.0 ], [ 36.07062737627254, -0.224341785698773, 0.0 ], [ 36.070534889202861, -0.22433076483101, 0.0 ], [ 36.070424794203952, -0.224360177583778, 0.0 ], [ 36.070264162825289, -0.224439446742508, 0.0 ], [ 36.070180426263967, -0.224479362987142, 0.0 ], [ 36.070109580255931, -0.224552451725934, 0.0 ] ] ] } },
{ "type": "Feature", "properties": { "Name": null, "Type": "Murram", "Length_Km": 0.56566059572000005, "main__road": 0, "Type2": 0 }, "geometry": { "type": "MultiLineString", "coordinates": [ [ [ 36.050331116169417, -0.222283189285078, 0.0 ], [ 36.050338474164526, -0.222285622136045, 0.0 ], [ 36.050357573282781, -0.222291429279981, 0.0 ], [ 36.050381549937086, -0.222298718272814, 0.0 ], [ 36.050412784113568, -0.222308214215714, 0.0 ], [ 36.050429312991703, -0.222313239299317, 0.0 ], [ 36.050463118474973, -0.222322667989792, 0.0 ], [ 36.050481587868049, -0.222326911909699, 0.0 ], [ 36.050504994997389, -0.22233228983322, 0.0 ], [ 36.050531443564296, -0.222338366787343, 0.0 ], [ 36.050565569797683, -0.222346036377797, 0.0 ], [ 36.050592580290655, -0.222351606566115, 0.0 ], [ 36.050617489858404, -0.222356743547834, 0.0 ], [ 36.050640275167048, -0.222361442800646, 0.0 ], [ 36.05066898812089, -0.222367363896279, 0.0 ], [ 36.050688597179793, -0.222372335382666, 0.0 ], [ 36.050697313960235, -0.222374810970793, 0.0 ], [ 36.050720982895683, -0.222381533395012, 0.0 ], [ 36.050749454003267, -0.222389620195608, 0.0 ], [ 36.050765868079559, -0.222394282041233, 0.0 ], [ 36.05078244010447, -0.222398989094715, 0.0 ], [ 36.050794783418439, -0.22240249452086, 0.0 ], [ 36.050818392599083, -0.222407307783311, 0.0 ], [ 36.050849466792961, -0.222413465170742, 0.0 ], [ 36.05088562234787, -0.222420629193936, 0.0 ], [ 36.050910575936619, -0.222425573735739, 0.0 ], [ 36.05094448249374, -0.222432244890349, 0.0 ], [ 36.050973686566707, -0.222437211962681, 0.0 ], [ 36.050994525465065, -0.222440756124246, 0.0 ], [ 36.051016251049028, -0.222444451351207, 0.0 ], [ 36.051040835026882, -0.22244863234053, 0.0 ], [ 36.051059717475098, -0.222451843615508, 0.0 ], [ 36.051089282328093, -0.22245687129673, 0.0 ], [ 36.051119672947991, -0.222461490748434, 0.0 ], [ 36.051150386124888, -0.222464280623302, 0.0 ], [ 36.051192260224951, -0.222468084668237, 0.0 ], [ 36.051226176470117, -0.222471166116085, 0.0 ], [ 36.051254906243749, -0.222473775794912, 0.0 ], [ 36.051274606494651, -0.222476017749309, 0.0 ], [ 36.051289604523234, -0.222479783921285, 0.0 ], [ 36.051313132726001, -0.222485691341383, 0.0 ], [ 36.05133835798955, -0.222492025563863, 0.0 ], [ 36.051370029570556, -0.222499978381891, 0.0 ], [ 36.051404703091755, -0.222508685338784, 0.0 ], [ 36.051461962118836, -0.222515896935273, 0.0 ], [ 36.051521880298893, -0.22252360961521, 0.0 ], [ 36.051555892797964, -0.222530178697672, 0.0 ], [ 36.051592803206425, -0.222537110671321, 0.0 ], [ 36.051620211121062, -0.222548215952421, 0.0 ], [ 36.051664025618201, -0.222565651897692, 0.0 ], [ 36.051757670921518, -0.222589037546936, 0.0 ], [ 36.051809117387876, -0.222598611618586, 0.0 ], [ 36.051858210744541, -0.222607703642657, 0.0 ], [ 36.05189034825765, -0.222615032222101, 0.0 ], [ 36.051929022745604, -0.222623939661264, 0.0 ], [ 36.051990280901386, -0.222640769204501, 0.0 ], [ 36.052032299806605, -0.222647727499025, 0.0 ], [ 36.05213861633667, -0.222664026607593, 0.0 ], [ 36.052203809654685, -0.222673365793235, 0.0 ], [ 36.052278015112201, -0.222675683654882, 0.0 ], [ 36.052354220141915, -0.222678160031747, 0.0 ], [ 36.052419061696078, -0.222687306697751, 0.0 ], [ 36.052485963800301, -0.222696867590321, 0.0 ], [ 36.052540655727611, -0.222710410610178, 0.0 ], [ 36.052597753709527, -0.222724503454961, 0.0 ], [ 36.052661969769048, -0.222738021267302, 0.0 ], [ 36.052728381908466, -0.222751907253979, 0.0 ], [ 36.052851307841529, -0.222765882196701, 0.0 ], [ 36.053013462339344, -0.222796495288473, 0.0 ], [ 36.053228982555154, -0.222844107150939, 0.0 ], [ 36.053358030970855, -0.222868371802158, 0.0 ], [ 36.053449504939586, -0.222889510898143, 0.0 ], [ 36.053504689745502, -0.222902486618067, 0.0 ], [ 36.053554532296715, -0.222913012712862, 0.0 ], [ 36.053670559787257, -0.222933845891906, 0.0 ], [ 36.05368397982717, -0.222938827007442, 0.0 ], [ 36.053729655886194, -0.222955780881162, 0.0 ], [ 36.05378999498916, -0.222977809183576, 0.0 ], [ 36.053856012757819, -0.22298024017804, 0.0 ], [ 36.053924262509895, -0.222983032125113, 0.0 ], [ 36.053991609780212, -0.223002123552524, 0.0 ], [ 36.054061539931254, -0.223021679910451, 0.0 ], [ 36.054133324942342, -0.223028814020574, 0.0 ], [ 36.054207700910084, -0.223036425710799, 0.0 ], [ 36.054219840522428, -0.223039979902088, 0.0 ], [ 36.054322493727945, -0.223069927045498, 0.0 ], [ 36.054345936233965, -0.223073807856637, 0.0 ], [ 36.054481146400256, -0.223096193532959, 0.0 ], [ 36.054603074874784, -0.223112939447113, 0.0 ], [ 36.054681879578453, -0.223122573221726, 0.0 ], [ 36.054705955986599, -0.223129654462184, 0.0 ], [ 36.054812736636471, -0.223155782323602, 0.0 ], [ 36.054815322189341, -0.223156339413093, 0.0 ], [ 36.054860479910289, -0.223198819722891, 0.0 ], [ 36.054897799691787, -0.223223956126684, 0.0 ], [ 36.055019410832074, -0.223307445731334, 0.0 ], [ 36.055122571112648, -0.223378821663084, 0.0 ], [ 36.055218637580431, -0.22344600652406, 0.0 ], [ 36.055219314189848, -0.223446479721929, 0.0 ] ] ] } },
{ "type": "Feature", "properties": { "Name": null, "Type": "Murram", "Length_Km": 0.58301206382000004, "main__road": 0, "Type2": 0 }, "geometry": { "type": "MultiLineString", "coordinates": [ [ [ 36.055219314189834, -0.223446479721929, 0.0 ], [ 36.055249046575014, -0.223467273552981, 0.0 ], [ 36.055285818971157, -0.223492033996014, 0.0 ], [ 36.055323793271654, -0.223538732386904, 0.0 ], [ 36.055361485828776, -0.223585083769166, 0.0 ], [ 36.055412579683015, -0.223631426084794, 0.0 ], [ 36.05546397324408, -0.22367804765516, 0.0 ], [ 36.055509484206674, -0.2237270036797, 0.0 ], [ 36.055557757831089, -0.22377953643234, 0.0 ], [ 36.055598973858878, -0.223835337654409, 0.0 ], [ 36.055642659133539, -0.223894386661639, 0.0 ], [ 36.05569048199564, -0.223943495861315, 0.0 ], [ 36.055738753485308, -0.223993197870652, 0.0 ], [ 36.055767819714951, -0.224046942954402, 0.0 ], [ 36.055796877868282, -0.224100674486344, 0.0 ], [ 36.055815731997541, -0.224156803755328, 0.0 ], [ 36.055838408767229, -0.224220813479546, 0.0 ], [ 36.05585237566283, -0.224251724241894, 0.0 ], [ 36.055888470064119, -0.224323910896765, 0.0 ], [ 36.055904111214026, -0.224366219129507, 0.0 ], [ 36.055920156016796, -0.224409618909024, 0.0 ], [ 36.05595426593591, -0.224473371622491, 0.0 ], [ 36.05599397431925, -0.224546547477812, 0.0 ], [ 36.056033428814359, -0.224596517913617, 0.0 ], [ 36.056109051916863, -0.224692828654151, 0.0 ], [ 36.056145744487019, -0.224740031935203, 0.0 ], [ 36.056188344554251, -0.224808761214868, 0.0 ], [ 36.056257113264593, -0.224910926388595, 0.0 ], [ 36.056289048123745, -0.224945136859285, 0.0 ], [ 36.056321297202068, -0.224978853163664, 0.0 ], [ 36.056399004404696, -0.225029186401052, 0.0 ], [ 36.05651522711868, -0.225085285586399, 0.0 ], [ 36.056548007926096, -0.225094290437576, 0.0 ], [ 36.056679540397887, -0.225130422870437, 0.0 ], [ 36.056770699609352, -0.225151507017449, 0.0 ], [ 36.056881712245392, -0.225176867053165, 0.0 ], [ 36.057025975085224, -0.225211309748602, 0.0 ], [ 36.057083682936984, -0.225224090053633, 0.0 ], [ 36.057175355700522, -0.225244391858565, 0.0 ], [ 36.057281219070319, -0.225244652576114, 0.0 ], [ 36.057318348738683, -0.225255662343719, 0.0 ], [ 36.057357035436489, -0.225267261527597, 0.0 ], [ 36.057416220572286, -0.225293623118918, 0.0 ], [ 36.05747577005971, -0.225320146518252, 0.0 ], [ 36.057560270122245, -0.22533588134758, 0.0 ], [ 36.057637124777393, -0.225350075926674, 0.0 ], [ 36.057653621072234, -0.22535246185742, 0.0 ], [ 36.057700246432333, -0.225357776772692, 0.0 ], [ 36.057837750510849, -0.225373451790734, 0.0 ], [ 36.057870937003756, -0.225373503641262, 0.0 ], [ 36.058061599872204, -0.225373580834679, 0.0 ], [ 36.05813444284297, -0.225373883709225, 0.0 ], [ 36.05831200611663, -0.225386848961424, 0.0 ], [ 36.058483927173846, -0.225398400859757, 0.0 ], [ 36.058509920806578, -0.225400403797005, 0.0 ], [ 36.058603072629836, -0.225416804477402, 0.0 ], [ 36.058683731453932, -0.225432856594593, 0.0 ], [ 36.0587579878149, -0.225447734640604, 0.0 ], [ 36.058826696105569, -0.225452481162963, 0.0 ], [ 36.058893399482201, -0.225456838763268, 0.0 ], [ 36.058937759742477, -0.225452524279625, 0.0 ], [ 36.05897897603456, -0.225448501004398, 0.0 ], [ 36.05905052140826, -0.225448225357511, 0.0 ], [ 36.059096103528269, -0.225433009992545, 0.0 ], [ 36.059131453592506, -0.225421094982181, 0.0 ], [ 36.059140672343695, -0.225417987778529, 0.0 ], [ 36.059160598222334, -0.225405559169997, 0.0 ], [ 36.059202549542825, -0.22537903806561, 0.0 ], [ 36.059231891322185, -0.225360488104373, 0.0 ], [ 36.059272859221529, -0.225328289900034, 0.0 ], [ 36.059320882468626, -0.22529072793082, 0.0 ], [ 36.059369065125537, -0.225250374976115, 0.0 ], [ 36.059397208240973, -0.225225363601359, 0.0 ], [ 36.059420614459057, -0.225204559931845, 0.0 ], [ 36.059447587039216, -0.225180589189938, 0.0 ], [ 36.059482133988602, -0.225149885030417, 0.0 ] ] ] } },
{ "type": "Feature", "properties": { "Name": null, "Type": "Murram", "Length_Km": 0.29841915427, "main__road": 0, "Type2": 0 }, "geometry": { "type": "MultiLineString", "coordinates": [ [ [ 36.055218637580431, -0.22344600652406, 0.0 ], [ 36.055234124612184, -0.223418776321271, 0.0 ], [ 36.055249591891922, -0.223391580447914, 0.0 ], [ 36.055264262010539, -0.223351674460059, 0.0 ], [ 36.055274608471791, -0.223323205393682, 0.0 ], [ 36.055277825172531, -0.223308998027797, 0.0 ], [ 36.055300019283607, -0.223258180703775, 0.0 ], [ 36.055320439184925, -0.223215847169963, 0.0 ], [ 36.055344079704732, -0.223166752258345, 0.0 ], [ 36.055375604055293, -0.223097890583294, 0.0 ], [ 36.055402236766753, -0.2230489480556, 0.0 ], [ 36.055419071866517, -0.22302147144729, 0.0 ], [ 36.05544921610948, -0.222965110729893, 0.0 ], [ 36.055464912745705, -0.22293990898109, 0.0 ], [ 36.055491070798283, -0.22290407747566, 0.0 ], [ 36.055519979974846, -0.222862031132525, 0.0 ], [ 36.05554007758613, -0.222829246928119, 0.0 ], [ 36.055559976069652, -0.222791302622416, 0.0 ], [ 36.055582113464276, -0.222745849521697, 0.0 ], [ 36.055599548763567, -0.222719468101976, 0.0 ], [ 36.055618147909158, -0.222689509836921, 0.0 ], [ 36.055631241183917, -0.222649271917013, 0.0 ], [ 36.055642249540277, -0.222604719225151, 0.0 ], [ 36.055652744550173, -0.222550916088293, 0.0 ], [ 36.055667629699073, -0.222521903980649, 0.0 ], [ 36.055694624000083, -0.222477939948954, 0.0 ], [ 36.055714690680588, -0.222442653850769, 0.0 ], [ 36.055745180836766, -0.222388814923513, 0.0 ], [ 36.055781221442601, -0.222342188170264, 0.0 ], [ 36.055824348631234, -0.222290906928515, 0.0 ], [ 36.055853158631137, -0.222260258571732, 0.0 ], [ 36.055883185813258, -0.222233235418659, 0.0 ], [ 36.055925282275759, -0.222216134518671, 0.0 ], [ 36.055968237704768, -0.222198683217828, 0.0 ], [ 36.056011482307042, -0.2221711368268, 0.0 ], [ 36.05604446491175, -0.222148749364717, 0.0 ], [ 36.056084991041246, -0.222144040068557, 0.0 ], [ 36.056129296013602, -0.222141804484498, 0.0 ], [ 36.056156018726504, -0.22214647922977, 0.0 ], [ 36.056189606555741, -0.222154599595363, 0.0 ], [ 36.056223538656788, -0.222164584916919, 0.0 ], [ 36.05626282310341, -0.222171411653704, 0.0 ], [ 36.056353706086718, -0.222177735418434, 0.0 ], [ 36.056436985841188, -0.222182571367595, 0.0 ], [ 36.056524765288657, -0.22217988902519, 0.0 ], [ 36.056590247274492, -0.222178467203555, 0.0 ], [ 36.056625583243836, -0.222187518555909, 0.0 ], [ 36.056666555463295, -0.222201072418046, 0.0 ], [ 36.056740606933047, -0.222221318971544, 0.0 ], [ 36.056797878937324, -0.22223702466594, 0.0 ], [ 36.056844148594983, -0.222248280998998, 0.0 ], [ 36.056916032658528, -0.222268428643174, 0.0 ], [ 36.056968528726848, -0.222281608024529, 0.0 ], [ 36.057011076576401, -0.222287900524901, 0.0 ], [ 36.057052388443886, -0.222294911087867, 0.0 ], [ 36.057130761813774, -0.22230821035374, 0.0 ] ] ] } },
{ "type": "Feature", "properties": { "Name": "Ring road", "Type": "Murram", "Length_Km": 0.26031103002, "main__road": 0, "Type2": 2 }, "geometry": { "type": "MultiLineString", "coordinates": [ [ [ 36.069245980284961, -0.226320953900441, 0.0 ], [ 36.069257302662585, -0.22632282479749, 0.0 ], [ 36.069281900582325, -0.226326559744751, 0.0 ], [ 36.069347787404404, -0.226373933926025, 0.0 ], [ 36.069400837563755, -0.226410883179401, 0.0 ], [ 36.069443595243818, -0.226434035094065, 0.0 ], [ 36.06948030128455, -0.226442616186421, 0.0 ], [ 36.069518344357739, -0.226443385528692, 0.0 ], [ 36.069542845105204, -0.226439385060429, 0.0 ], [ 36.069570494051995, -0.226427508150556, 0.0 ], [ 36.069595044363595, -0.226413457598968, 0.0 ], [ 36.069614620433008, -0.226396384602891, 0.0 ], [ 36.069644602503708, -0.226359283086696, 0.0 ], [ 36.069670903235881, -0.226303046527277, 0.0 ], [ 36.06968993498463, -0.226251981279329, 0.0 ], [ 36.069708047682418, -0.226200959214792, 0.0 ], [ 36.069728517120573, -0.226141353073024, 0.0 ], [ 36.069743835178805, -0.226103001711566, 0.0 ], [ 36.069759129436186, -0.22605793974025, 0.0 ], [ 36.069773216955134, -0.226024441051941, 0.0 ], [ 36.069789894355239, -0.225978884215215, 0.0 ], [ 36.069796289397459, -0.225954450117618, 0.0 ], [ 36.069799344173965, -0.225933384656107, 0.0 ], [ 36.069803055713479, -0.225899770035578, 0.0 ], [ 36.069805703731284, -0.225820748616015, 0.0 ], [ 36.069807852646456, -0.225746701996505, 0.0 ], [ 36.069811535532679, -0.225662834186013, 0.0 ], [ 36.069813587886713, -0.225591406913997, 0.0 ], [ 36.069818988742504, -0.225529392506944, 0.0 ], [ 36.069827374368217, -0.225464417791114, 0.0 ], [ 36.069838781120701, -0.225407790598009, 0.0 ], [ 36.069849655693623, -0.225355498490427, 0.0 ], [ 36.069863323896747, -0.225291020873377, 0.0 ], [ 36.069878954477524, -0.225233373519912, 0.0 ], [ 36.069895785031591, -0.225180179962327, 0.0 ], [ 36.069912680268004, -0.225131204149107, 0.0 ], [ 36.069934939181842, -0.225072026613051, 0.0 ], [ 36.069965954413519, -0.224988535610691, 0.0 ], [ 36.069984862990545, -0.224933714278093, 0.0 ], [ 36.070006583611317, -0.224868885875511, 0.0 ], [ 36.070014489817069, -0.224845483009905, 0.0 ], [ 36.070020869643471, -0.224811607788524, 0.0 ], [ 36.070024018682339, -0.224785754469815, 0.0 ], [ 36.070029578724508, -0.224753730441435, 0.0 ], [ 36.070041941978054, -0.224693558826591, 0.0 ], [ 36.070048590352826, -0.224667780296074, 0.0 ], [ 36.070069327334238, -0.224625558307338, 0.0 ], [ 36.070085040428346, -0.224595383142709, 0.0 ], [ 36.070110452926563, -0.224550925817624, 0.0 ] ] ] } },
{ "type": "Feature", "properties": { "Name": null, "Type": "Murram", "Length_Km": 0.23149425675, "main__road": 0, "Type2": 0 }, "geometry": { "type": "MultiLineString", "coordinates": [ [ [ 36.064058983047673, -0.194226233491261, 0.0 ], [ 36.064058851103475, -0.194226307558538, 0.0 ], [ 36.064013405881397, -0.194235279065488, 0.0 ], [ 36.063951407510658, -0.194248218759133, 0.0 ], [ 36.063888460850485, -0.194264325184395, 0.0 ], [ 36.063768058499981, -0.194301246403971, 0.0 ], [ 36.063628246238508, -0.194363520213406, 0.0 ], [ 36.063579952589365, -0.194387108634702, 0.0 ], [ 36.063524747515835, -0.194414965070159, 0.0 ], [ 36.063462668744762, -0.194446905203606, 0.0 ], [ 36.063400051795824, -0.194482256090687, 0.0 ], [ 36.063348823884354, -0.194513239440302, 0.0 ], [ 36.063311194907101, -0.194538273543895, 0.0 ], [ 36.063248496358931, -0.194583745821393, 0.0 ], [ 36.063206557021601, -0.194617553416319, 0.0 ], [ 36.06314077012145, -0.194674011248565, 0.0 ], [ 36.063084940126508, -0.194724522818149, 0.0 ], [ 36.06302529485275, -0.194780502826698, 0.0 ], [ 36.062964817583826, -0.1948418469793, 0.0 ], [ 36.062922462234546, -0.194888930139874, 0.0 ], [ 36.062882055142168, -0.194942426933828, 0.0 ], [ 36.062840536041868, -0.195006493096242, 0.0 ], [ 36.062808625290899, -0.195066513982208, 0.0 ], [ 36.062788263230885, -0.195106978926893, 0.0 ], [ 36.062764400309995, -0.195172139613016, 0.0 ], [ 36.062741115782131, -0.195240139306851, 0.0 ], [ 36.06272625345035, -0.195296911314965, 0.0 ], [ 36.062711668322116, -0.195370086162079, 0.0 ], [ 36.062703397675065, -0.19542391197797, 0.0 ], [ 36.06270037021357, -0.195477527277, 0.0 ], [ 36.06270237807869, -0.195528837627354, 0.0 ], [ 36.062718741503168, -0.195579177366157, 0.0 ] ] ] } },
{ "type": "Feature", "properties": { "Name": null, "Type": "Murram", "Length_Km": 0.75240832658000001, "main__road": 0, "Type2": 0 }, "geometry": { "type": "MultiLineString", "coordinates": [ [ [ 36.059665351856161, -0.198369718003473, 0.0 ], [ 36.059699452196249, -0.198270719339193, 0.0 ], [ 36.059714831528936, -0.19817314133482, 0.0 ], [ 36.059716229542943, -0.198056108688475, 0.0 ], [ 36.059713580237606, -0.197947246886108, 0.0 ], [ 36.059724090038372, -0.197822239450119, 0.0 ], [ 36.059740545470703, -0.197683041256492, 0.0 ], [ 36.059752848854352, -0.197555575615573, 0.0 ], [ 36.059784020277043, -0.197349805837593, 0.0 ], [ 36.059808132152199, -0.197215725684241, 0.0 ], [ 36.059850594158149, -0.197019083556351, 0.0 ], [ 36.059885941985669, -0.196867646667499, 0.0 ], [ 36.059907352572353, -0.19676868095189, 0.0 ], [ 36.059925838526283, -0.196631618124717, 0.0 ], [ 36.059949771861859, -0.196507094583305, 0.0 ], [ 36.059956592184683, -0.19643257683078, 0.0 ], [ 36.059959654072124, -0.196283675004812, 0.0 ], [ 36.059980609423391, -0.196097042021216, 0.0 ], [ 36.060002538952389, -0.1959078991834, 0.0 ], [ 36.060018676098473, -0.195765441823786, 0.0 ], [ 36.06005277980821, -0.195546235100473, 0.0 ], [ 36.060089582057529, -0.195422193535586, 0.0 ], [ 36.060146838872896, -0.195257028461435, 0.0 ], [ 36.060205045314341, -0.195112214733502, 0.0 ], [ 36.060253201586349, -0.19499391977594, 0.0 ], [ 36.060320204400334, -0.194817063710283, 0.0 ], [ 36.060415641992492, -0.194563728384516, 0.0 ], [ 36.060483592767802, -0.194416828202108, 0.0 ], [ 36.060592364668452, -0.194245564931271, 0.0 ], [ 36.060669542124295, -0.19414835255478, 0.0 ], [ 36.060809179100076, -0.193974829393342, 0.0 ], [ 36.060904492129644, -0.193856627384858, 0.0 ], [ 36.061026074383356, -0.193735132885265, 0.0 ], [ 36.061118283734295, -0.193686426571869, 0.0 ], [ 36.061229949439991, -0.193639869496125, 0.0 ], [ 36.061352424405406, -0.193594113900061, 0.0 ], [ 36.061472815809587, -0.193540700475321, 0.0 ], [ 36.061660440878413, -0.193451099376349, 0.0 ], [ 36.061836740753719, -0.193360124730842, 0.0 ], [ 36.061973481192574, -0.193289165599985, 0.0 ], [ 36.062096089450179, -0.193219875562999, 0.0 ], [ 36.062195066639703, -0.193156522197692, 0.0 ], [ 36.062283503499742, -0.193088968280554, 0.0 ], [ 36.062386974750446, -0.193007885581477, 0.0 ], [ 36.062483952442719, -0.192949221186748, 0.0 ], [ 36.062548467065504, -0.192926952866817, 0.0 ], [ 36.062639200122646, -0.192892565628777, 0.0 ], [ 36.062654039281171, -0.192886219920447, 0.0 ] ] ] } },
{ "type": "Feature", "properties": { "Name": null, "Type": "Murram", "Length_Km": 0.5017983743, "main__road": 0, "Type2": 0 }, "geometry": { "type": "MultiLineString", "coordinates": [ [ [ 36.067314744816599, -0.19976000200873, 0.0 ], [ 36.067342359603231, -0.199756512919282, 0.0 ], [ 36.06736705962691, -0.19975640616549, 0.0 ], [ 36.067383908899338, -0.199758290324232, 0.0 ], [ 36.067421298125531, -0.199771318772579, 0.0 ], [ 36.067531652202192, -0.199803951622133, 0.0 ], [ 36.06765478859667, -0.199825436158389, 0.0 ], [ 36.067786566875917, -0.199847647774656, 0.0 ], [ 36.067869218820114, -0.199859909928041, 0.0 ], [ 36.068013081697664, -0.19987828907056, 0.0 ], [ 36.068151195311181, -0.199896182898604, 0.0 ], [ 36.068289934057645, -0.199911463801678, 0.0 ], [ 36.068405922931973, -0.199917194763104, 0.0 ], [ 36.068522405945259, -0.199920052553133, 0.0 ], [ 36.068627007545516, -0.199935165668874, 0.0 ], [ 36.068743524210078, -0.199971496945193, 0.0 ], [ 36.068810244628658, -0.20000489914369, 0.0 ], [ 36.068912862477134, -0.200062755732785, 0.0 ], [ 36.069032539718748, -0.200132316219573, 0.0 ], [ 36.069159783776705, -0.200212114283552, 0.0 ], [ 36.069246196421979, -0.200275087492482, 0.0 ], [ 36.069369034367398, -0.200366882929266, 0.0 ], [ 36.069476579798945, -0.200443600978786, 0.0 ], [ 36.069614429198083, -0.200536082200305, 0.0 ], [ 36.069732339256745, -0.200611098950494, 0.0 ], [ 36.069866000881888, -0.200693738992297, 0.0 ], [ 36.07000770520429, -0.200785459274852, 0.0 ], [ 36.070098819423109, -0.200845963125907, 0.0 ], [ 36.070192396136243, -0.200902772841778, 0.0 ], [ 36.070329601710796, -0.200966787058955, 0.0 ], [ 36.070402227021368, -0.20098390767667, 0.0 ], [ 36.070538029401504, -0.200978930784315, 0.0 ], [ 36.070625630874765, -0.200942330346727, 0.0 ], [ 36.070681648970456, -0.200902781436218, 0.0 ], [ 36.07076164928484, -0.200785873676159, 0.0 ], [ 36.07079753139849, -0.200678110028295, 0.0 ], [ 36.07082066601739, -0.200541376530334, 0.0 ], [ 36.07083818023586, -0.200375319359739, 0.0 ], [ 36.070845193323763, -0.200288144105599, 0.0 ], [ 36.070852907001154, -0.200208093408221, 0.0 ], [ 36.070866639793415, -0.200125250927966, 0.0 ] ] ] } },
{ "type": "Feature", "properties": { "Name": null, "Type": "Murram", "Length_Km": 0.88701567865999997, "main__road": 0, "Type2": 0 }, "geometry": { "type": "MultiLineString", "coordinates": [ [ [ 36.042440841261723, -0.210556744948899, 0.0 ], [ 36.042525699933677, -0.210501451114554, 0.0 ], [ 36.042581123735594, -0.210500897774073, 0.0 ], [ 36.042670040852386, -0.210527335267484, 0.0 ], [ 36.042728130599087, -0.210553398311962, 0.0 ], [ 36.042796681523939, -0.210602594340585, 0.0 ], [ 36.042866593082465, -0.210670766353534, 0.0 ], [ 36.04293153793234, -0.210753760582686, 0.0 ], [ 36.042981009793387, -0.210834490387932, 0.0 ], [ 36.043054838142297, -0.210944909046226, 0.0 ], [ 36.043107275582052, -0.210999871040702, 0.0 ], [ 36.043188337336396, -0.211053962942574, 0.0 ], [ 36.043247047549841, -0.211078462149276, 0.0 ], [ 36.043375152757314, -0.211130667377037, 0.0 ], [ 36.043436592214249, -0.211155142712558, 0.0 ], [ 36.043594803512519, -0.211211233369818, 0.0 ], [ 36.043814336037045, -0.211271526175779, 0.0 ], [ 36.044027156050397, -0.211323883013184, 0.0 ], [ 36.044165244918851, -0.211351923719256, 0.0 ], [ 36.044464412515772, -0.21140323258613, 0.0 ], [ 36.044628515539749, -0.211427649694376, 0.0 ], [ 36.044782061753565, -0.211450939021459, 0.0 ], [ 36.044906123311655, -0.211482744783657, 0.0 ], [ 36.045006771713368, -0.211513123070941, 0.0 ], [ 36.04511111276647, -0.211546093362531, 0.0 ], [ 36.045287628056499, -0.211603954900673, 0.0 ], [ 36.045553238752611, -0.211691206838546, 0.0 ], [ 36.045722829643637, -0.211746457733592, 0.0 ], [ 36.045861211316378, -0.211784000919086, 0.0 ], [ 36.04616925527931, -0.211855386094405, 0.0 ], [ 36.046439365690418, -0.211911494574641, 0.0 ], [ 36.046647189230356, -0.211953171939819, 0.0 ], [ 36.046814974041112, -0.211987182557096, 0.0 ], [ 36.046967299712207, -0.212021503772113, 0.0 ], [ 36.047151677855709, -0.212061591038313, 0.0 ], [ 36.047325415495102, -0.212101670875085, 0.0 ], [ 36.047460990830075, -0.212130218132617, 0.0 ], [ 36.047518627775034, -0.212140851799155, 0.0 ], [ 36.047606997475064, -0.212135508870942, 0.0 ], [ 36.047779603946928, -0.212125074309198, 0.0 ], [ 36.047950795029379, -0.212110314304734, 0.0 ], [ 36.048102446608873, -0.212112362458058, 0.0 ], [ 36.048231486935848, -0.212124617949838, 0.0 ], [ 36.048313571378472, -0.212144568883848, 0.0 ], [ 36.048441613278783, -0.212178406675692, 0.0 ], [ 36.048570108536097, -0.212226010658355, 0.0 ], [ 36.048770365257404, -0.212313712240133, 0.0 ], [ 36.048903772794809, -0.212369163391385, 0.0 ], [ 36.04898655453303, -0.212394415464349, 0.0 ], [ 36.049123857601401, -0.212423617266469, 0.0 ], [ 36.049244829058132, -0.212443970462372, 0.0 ], [ 36.049325679894594, -0.212462001207982, 0.0 ], [ 36.049400465292315, -0.212490970685203, 0.0 ], [ 36.049530148067809, -0.212552695255146, 0.0 ], [ 36.049691770794063, -0.212603186958912, 0.0 ], [ 36.049817562394153, -0.212634706864185, 0.0 ], [ 36.049917340783665, -0.212659699278785, 0.0 ], [ 36.049918361168501, -0.212659984986867, 0.0 ], [ 36.049919056684914, -0.212660161306586, 0.0 ] ] ] } },
{ "type": "Feature", "properties": { "Name": null, "Type": "Murram", "Length_Km": 0.25956605188999998, "main__road": 0, "Type2": 0 }, "geometry": { "type": "MultiLineString", "coordinates": [ [ [ 36.048126838253111, -0.216120421453499, 0.0 ], [ 36.048132749448953, -0.21611843213315, 0.0 ], [ 36.04815409912473, -0.216111766447118, 0.0 ], [ 36.04819420871253, -0.216101208392467, 0.0 ], [ 36.048248230015147, -0.216086763355317, 0.0 ], [ 36.048280590393269, -0.216078052410847, 0.0 ], [ 36.048346172419478, -0.216062284135993, 0.0 ], [ 36.048399310296823, -0.216049461653198, 0.0 ], [ 36.048444398361966, -0.216038193481951, 0.0 ], [ 36.048482593436681, -0.216028646998287, 0.0 ], [ 36.048509220510219, -0.216020953213632, 0.0 ], [ 36.048547197097477, -0.216008804536177, 0.0 ], [ 36.048573523654653, -0.216000382451748, 0.0 ], [ 36.048602151489149, -0.21599126780833, 0.0 ], [ 36.048637473024755, -0.215980700686907, 0.0 ], [ 36.048684352998876, -0.215966676202639, 0.0 ], [ 36.048740657054466, -0.215949955613413, 0.0 ], [ 36.048788227206593, -0.215935877951614, 0.0 ], [ 36.048823582831716, -0.215925415641641, 0.0 ], [ 36.048862656476842, -0.215911562217532, 0.0 ], [ 36.048896330508917, -0.215899592501977, 0.0 ], [ 36.048922545501838, -0.215887948421049, 0.0 ], [ 36.048945970971793, -0.215877078121531, 0.0 ], [ 36.04898927026008, -0.215856984864338, 0.0 ], [ 36.049015040352003, -0.215848746080231, 0.0 ], [ 36.049032753220494, -0.215843246130758, 0.0 ] ], [ [ 36.049032689513986, -0.215843265911989, 0.0 ], [ 36.049101012899094, -0.215815875294914, 0.0 ], [ 36.049156958899069, -0.215800967294945, 0.0 ], [ 36.049213043899108, -0.215786021294901, 0.0 ], [ 36.049281067899102, -0.215750955294952, 0.0 ], [ 36.049289911899074, -0.21575096129498, 0.0 ], [ 36.04937642389914, -0.215720762294963, 0.0 ], [ 36.049394156899133, -0.215720775294993, 0.0 ], [ 36.049476703899117, -0.215690421294947, 0.0 ], [ 36.049574240899076, -0.215685418294958, 0.0 ], [ 36.049578687899142, -0.215685421294902, 0.0 ], [ 36.04967571189907, -0.215665120294892, 0.0 ], [ 36.049746800899086, -0.215660074294896, 0.0 ], [ 36.049755711899103, -0.215660081294881, 0.0 ], [ 36.049853482899088, -0.215649938294834, 0.0 ], [ 36.049857942899052, -0.215649942294853, 0.0 ], [ 36.049946870899078, -0.21563464729481, 0.0 ], [ 36.050058298899117, -0.215609038294794, 0.0 ], [ 36.050188130899073, -0.215583337294766, 0.0 ], [ 36.050278131899056, -0.215552298294761, 0.0 ], [ 36.05036417789912, -0.215515874294798, 0.0 ] ] ] } },
{ "type": "Feature", "properties": { "Name": null, "Type": "Murram", "Length_Km": 0.0, "main__road": 0, "Type2": 0 }, "geometry": { "type": "MultiLineString", "coordinates": [ ] } },
{ "type": "Feature", "properties": { "Name": null, "Type": "Tarmac", "Length_Km": 7.8706170002400002, "main__road": 0, "Type2": 0 }, "geometry": { "type": "MultiLineString", "coordinates": [ [ [ 36.062706650375802, -0.286542531334995, 0.0 ], [ 36.059835182173885, -0.287242698808683, 0.0 ], [ 36.054850765463321, -0.288643709828735, 0.0 ], [ 36.053407610206932, -0.289171185613505, 0.0 ], [ 36.05236118229579, -0.289260233580173, 0.0 ], [ 36.05069135047119, -0.28868142240942, 0.0 ], [ 36.04121783787182, -0.284874625736794, 0.0 ], [ 36.033391892630689, -0.28120140075659, 0.0 ], [ 36.02745842346387, -0.27830734467753, 0.0 ], [ 36.024230081899788, -0.276904840596581, 0.0 ], [ 36.01898680989089, -0.274389237991472, 0.0 ], [ 36.017138862647997, -0.2735878070827, 0.0 ], [ 36.016047905858372, -0.273365187425051, 0.0 ], [ 36.012585787909011, -0.273075782009281, 0.0 ], [ 36.010403874329995, -0.272675066639392, 0.0 ], [ 36.008711778044301, -0.271762325849942, 0.0 ], [ 36.007242325993971, -0.270782799123958, 0.0 ], [ 36.004314554021398, -0.267554813184054, 0.0 ], [ 36.00222169796433, -0.264527184937023, 0.0 ], [ 36.001230931003541, -0.263124680673348, 0.0 ], [ 36.000518469372267, -0.262167415859522, 0.0 ] ] ] } },
{ "type": "Feature", "properties": { "Name": null, "Type": "Murram", "Length_Km": 3.6949012535699999, "main__road": 0, "Type2": 0 }, "geometry": { "type": "MultiLineString", "coordinates": [ [ [ 36.029432554386382, -0.280263129966205, 0.0 ], [ 36.028501078529558, -0.281390582037747, 0.0 ], [ 36.02776570283914, -0.282076857223359, 0.0 ], [ 36.026834226996002, -0.283400387903644, 0.0 ], [ 36.026294951550099, -0.284772938207547, 0.0 ], [ 36.025363475710925, -0.286145488538344, 0.0 ], [ 36.024530049925716, -0.286880783382026, 0.0 ], [ 36.010018635638247, -0.291243533481369, 0.0 ], [ 36.000703876441605, -0.294037654341429, 0.0 ] ] ] } },
{ "type": "Feature", "properties": { "Name": null, "Type": "Murram", "Length_Km": 8.6480394143599995, "main__road": 0, "Type2": 0 }, "geometry": { "type": "MultiLineString", "coordinates": [ [ [ 35.982795277129782, -0.255100342935259, 0.0 ], [ 35.982075987016763, -0.256806849594946, 0.0 ], [ 35.981257519994259, -0.258357964222463, 0.0 ], [ 35.980845424514854, -0.259476268308785, 0.0 ], [ 35.980464568884088, -0.260563676541195, 0.0 ], [ 35.980399228537905, -0.260968215227619, 0.0 ], [ 35.980458844044207, -0.261249167640452, 0.0 ], [ 35.980639774213017, -0.261842755972312, 0.0 ], [ 35.980974297361321, -0.262593447803803, 0.0 ], [ 35.981153927451359, -0.263342828757076, 0.0 ], [ 35.981239320450236, -0.264247216393765, 0.0 ], [ 35.980984726132071, -0.265055246026844, 0.0 ], [ 35.980573416439029, -0.266080076363027, 0.0 ], [ 35.980444559403864, -0.266671043912899, 0.0 ], [ 35.980437626236494, -0.267345016745904, 0.0 ], [ 35.980583940813403, -0.268374563426662, 0.0 ], [ 35.980669857071355, -0.269216633944229, 0.0 ], [ 35.980745117128521, -0.27133621072026, 0.0 ], [ 35.980801876736386, -0.271782976088391, 0.0 ], [ 35.981016129641908, -0.272096395811546, 0.0 ], [ 35.981475875947133, -0.272692337890252, 0.0 ], [ 35.981473796886839, -0.272941607435021, 0.0 ], [ 35.980374721568403, -0.274708489938228, 0.0 ], [ 35.976045066623186, -0.281215719494397, 0.0 ], [ 35.973745829484685, -0.284738457923878, 0.0 ], [ 35.973211656207326, -0.285637620548133, 0.0 ], [ 35.973084105821798, -0.286072799478004, 0.0 ], [ 35.973079953391576, -0.286571341932376, 0.0 ], [ 35.973410604295886, -0.287789415318656, 0.0 ], [ 35.973803214474657, -0.289008010708608, 0.0 ], [ 35.973796209656541, -0.289849300779164, 0.0 ], [ 35.973132535355184, -0.295141088620994, 0.0 ], [ 35.972861167075848, -0.297471870436339, 0.0 ], [ 35.972827595934454, -0.29778319848303, 0.0 ], [ 35.97267140386213, -0.297937687190133, 0.0 ], [ 35.971987785982542, -0.298181214070434, 0.0 ], [ 35.971460360786594, -0.29827025177647, 0.0 ], [ 35.97124402390844, -0.29820610618171, 0.0 ], [ 35.970751724728757, -0.297796861501815, 0.0 ], [ 35.970412507354041, -0.297607034652991, 0.0 ], [ 35.969298547435955, -0.297441838525703, 0.0 ], [ 35.968244211702775, -0.297557595559124, 0.0 ], [ 35.967901624544446, -0.297772836336144, 0.0 ], [ 35.964171271858717, -0.303007658098827, 0.0 ], [ 35.96080267777409, -0.307727029099424, 0.0 ], [ 35.955908616476371, -0.314583677946761, 0.0 ], [ 35.952800831407409, -0.319025092064955, 0.0 ], [ 35.952634930052398, -0.319253633869218, 0.0 ] ] ] } },
{ "type": "Feature", "properties": { "Name": null, "Type": "Murram", "Length_Km": 2.85094829186, "main__road": 0, "Type2": 0 }, "geometry": { "type": "MultiLineString", "coordinates": [ [ [ 35.911286286405549, -0.302506390968121, 0.0 ], [ 35.914364093897333, -0.305210296907661, 0.0 ], [ 35.920913732913441, -0.310849816204081, 0.0 ], [ 35.927273000687947, -0.316322249103782, 0.0 ], [ 35.929809119140941, -0.318479465650901, 0.0 ], [ 35.930694172929385, -0.319286875527198, 0.0 ] ] ] } },
{ "type": "Feature", "properties": { "Name": null, "Type": "Murram", "Length_Km": 3.7604789033000001, "main__road": 0, "Type2": 0 }, "geometry": { "type": "MultiLineString", "coordinates": [ [ [ 36.000703876441605, -0.294037654341429, 0.0 ], [ 36.000081750243083, -0.294567406374727, 0.0 ], [ 35.999070452250955, -0.295473901932268, 0.0 ], [ 35.99678203339127, -0.297643012319901, 0.0 ], [ 35.996051812181278, -0.298239461942674, 0.0 ], [ 35.99560695144848, -0.298648020746492, 0.0 ], [ 35.995288740786052, -0.298994215308736, 0.0 ], [ 35.994969739840805, -0.299435551013053, 0.0 ], [ 35.994648365687844, -0.300162311356018, 0.0 ], [ 35.99442237607721, -0.300794727530682, 0.0 ], [ 35.994258656783337, -0.301522816191777, 0.0 ], [ 35.994096783377266, -0.302028908863016, 0.0 ], [ 35.993873430919841, -0.302344187948255, 0.0 ], [ 35.993396511950479, -0.302815911453651, 0.0 ], [ 35.992508372684568, -0.303442752078926, 0.0 ], [ 35.991715879902316, -0.303943534334281, 0.0 ], [ 35.990954918150294, -0.304444583295414, 0.0 ], [ 35.989910703238806, -0.304879815564405, 0.0 ], [ 35.988739835925031, -0.305377414144042, 0.0 ], [ 35.988099217230172, -0.305741380560265, 0.0 ], [ 35.987465167785871, -0.306148352073648, 0.0 ], [ 35.987051837406867, -0.306557182958679, 0.0 ], [ 35.986320032287331, -0.307343927118621, 0.0 ], [ 35.985135724425284, -0.309458946174, 0.0 ], [ 35.983088485522735, -0.312962226737533, 0.0 ], [ 35.981574856014163, -0.315566451393891, 0.0 ], [ 35.979911005948644, -0.318470365772952, 0.0 ], [ 35.979473692130576, -0.319212971417735, 0.0 ] ] ] } },
{ "type": "Feature", "properties": { "Name": null, "Type": "Tarmac", "Length_Km": 2.97593044641, "main__road": 0, "Type2": 0 }, "geometry": { "type": "MultiLineString", "coordinates": [ [ [ 35.975807467851119, -0.252716732003853, 0.0 ], [ 35.976011134194593, -0.252795561896867, 0.0 ], [ 35.976074851371017, -0.252807939170022, 0.0 ], [ 35.982795277129782, -0.255100342935246, 0.0 ], [ 35.993919953308094, -0.258560010662284, 0.0 ], [ 35.996239910601375, -0.259277992000051, 0.0 ], [ 35.997862786783564, -0.259946890074047, 0.0 ], [ 35.998576796979705, -0.260247755432936, 0.0 ], [ 35.999062291793251, -0.260612203264042, 0.0 ], [ 35.999579259110774, -0.261107950301982, 0.0 ], [ 36.000518469372267, -0.262167415859522, 0.0 ] ] ] } },
{ "type": "Feature", "properties": { "Name": null, "Type": "Murram", "Length_Km": 6.4599806584100001, "main__road": 0, "Type2": 0 }, "geometry": { "type": "MultiLineString", "coordinates": [ [ [ 35.938802671377715, -0.252327620019551, 0.0 ], [ 35.938233008938852, -0.252987156646853, 0.0 ], [ 35.937708319879604, -0.254066398374454, 0.0 ], [ 35.934169864538006, -0.261754712018454, 0.0 ], [ 35.931126009847524, -0.26837313034835, 0.0 ], [ 35.929064176988945, -0.272966314738924, 0.0 ], [ 35.925582105441244, -0.28056416117257, 0.0 ], [ 35.922031644544525, -0.288369280636825, 0.0 ], [ 35.919748399905281, -0.29342843713927, 0.0 ], [ 35.916358626518829, -0.300819497709655, 0.0 ], [ 35.914364093897333, -0.305210296907661, 0.0 ] ] ] } },
{ "type": "Feature", "properties": { "Name": null, "Type": "Murram", "Length_Km": 5.5734598415400001, "main__road": 0, "Type2": 0 }, "geometry": { "type": "MultiLineString", "coordinates": [ [ [ 35.976177447168944, -0.002712589010653, 0.0 ], [ 35.97532715430539, -0.006060985218979, 0.0 ], [ 35.974917233833949, -0.007088851161883, 0.0 ], [ 35.974330906194844, -0.009321099451678, 0.0 ], [ 35.973451646485458, -0.012434440854714, 0.0 ], [ 35.9730933997511, -0.013447561162257, 0.0 ], [ 35.972771338284744, -0.014240483814609, 0.0 ], [ 35.971425425184044, -0.0166188702157, 0.0 ], [ 35.969582249881235, -0.019731252850122, 0.0 ], [ 35.968411880617026, -0.021816032204126, 0.0 ], [ 35.967972927602801, -0.022667602390968, 0.0 ], [ 35.967183812744196, -0.023136884949934, 0.0 ], [ 35.96645292326383, -0.02381188386562, 0.0 ], [ 35.966039241540166, -0.024244679010194, 0.0 ], [ 35.9658637056976, -0.024538300782117, 0.0 ], [ 35.965570390341789, -0.025830717314696, 0.0 ], [ 35.964490273803747, -0.025124517654939, 0.0 ], [ 35.963790572743989, -0.024431490112889, 0.0 ], [ 35.963732538274357, -0.024020113811269, 0.0 ], [ 35.963733200665231, -0.023314997702134, 0.0 ], [ 35.963733449177468, -0.023050578935906, 0.0 ], [ 35.963529225430371, -0.022785955243197, 0.0 ], [ 35.963149851760967, -0.022403634968321, 0.0 ], [ 35.963004131684883, -0.022050929607577, 0.0 ], [ 35.963122024050186, -0.020934613000921, 0.0 ], [ 35.963946408318513, -0.014060559370945, 0.0 ], [ 35.964329644269633, -0.011333707029424, 0.0 ], [ 35.964801094584658, -0.007044731505596, 0.0 ], [ 35.96538751473603, -0.004724325870147, 0.0 ], [ 35.965388161257586, -0.004048590592291, 0.0 ], [ 35.965330980241625, -0.002755820503588, 0.0 ] ] ] } },
{ "type": "Feature", "properties": { "Name": null, "Type": "Murram", "Length_Km": 9.1629889461200005, "main__road": 0, "Type2": 0 }, "geometry": { "type": "MultiLineString", "coordinates": [ [ [ 35.967803566567447, -0.022768320492334, 0.0 ], [ 35.975240695734648, -0.02963410793356, 0.0 ], [ 35.97550384451155, -0.030046384915329, 0.0 ], [ 35.976105147555757, -0.03282366162993, 0.0 ], [ 35.976345655136413, -0.033951926258772, 0.0 ], [ 35.977809313593568, -0.037111847955379, 0.0 ], [ 35.980552653752447, -0.042856025174383, 0.0 ], [ 35.981155279710023, -0.044227597840379, 0.0 ], [ 35.981518943500056, -0.04507385449592, 0.0 ], [ 35.982293330201344, -0.047295946238637, 0.0 ], [ 35.982895420150477, -0.049257553165749, 0.0 ], [ 35.98334628884394, -0.050655958163623, 0.0 ], [ 35.984189162217319, -0.053468147983121, 0.0 ], [ 35.98430951265648, -0.053936826482215, 0.0 ], [ 35.984498372281287, -0.054960902318395, 0.0 ], [ 35.984962941196486, -0.057052951195294, 0.0 ], [ 35.985547414198905, -0.059431028460511, 0.0 ], [ 35.986252529936309, -0.061965407809722, 0.0 ], [ 35.986820852875361, -0.063938810784894, 0.0 ], [ 35.987422360821078, -0.066577208152841, 0.0 ], [ 35.988238614649489, -0.069976727013006, 0.0 ], [ 35.989922018576905, -0.077180258620939, 0.0 ], [ 35.991293050824261, -0.083048791209014, 0.0 ], [ 35.991664139006723, -0.084460716758884, 0.0 ], [ 35.991606601976933, -0.084748737924878, 0.0 ], [ 35.990688096034802, -0.086994860943506, 0.0 ], [ 35.989474868917831, -0.096603473889367, 0.0 ], [ 35.98946329388064, -0.097067635139742, 0.0 ], [ 35.989444963090477, -0.097802687251068, 0.0 ], [ 35.989587542702701, -0.098523012201361, 0.0 ], [ 35.989889488440774, -0.099262721822536, 0.0 ] ] ] } },
{ "type": "Feature", "properties": { "Name": null, "Type": "Murram", "Length_Km": 2.32783468963, "main__road": 0, "Type2": 0 }, "geometry": { "type": "MultiLineString", "coordinates": [ [ [ 35.975356881950624, -0.005943919031338, 0.0 ], [ 35.97560210510008, -0.006405798452466, 0.0 ], [ 35.976080788334883, -0.006842993019332, 0.0 ], [ 35.977187670902808, -0.00792835581993, 0.0 ], [ 35.97732220199439, -0.008154374996955, 0.0 ], [ 35.977336973386912, -0.008365213201411, 0.0 ], [ 35.977261684284052, -0.008816899423276, 0.0 ], [ 35.97672130610465, -0.010277051704614, 0.0 ], [ 35.975386606967334, -0.012594750779709, 0.0 ], [ 35.974949852581794, -0.013372984155814, 0.0 ], [ 35.974514782233094, -0.014306190243904, 0.0 ], [ 35.974124713670079, -0.015149088739122, 0.0 ], [ 35.973569884227274, -0.01606711521179, 0.0 ], [ 35.97310511437491, -0.01674429298011, 0.0 ], [ 35.972502146584688, -0.018228896591555, 0.0 ], [ 35.972051993252073, -0.019282562426386, 0.0 ], [ 35.971137201842879, -0.020877878325651, 0.0 ], [ 35.970867324497135, -0.021284196104877, 0.0 ], [ 35.970432755040029, -0.021690348144399, 0.0 ], [ 35.970088144636108, -0.021961061049433, 0.0 ], [ 35.969459054319955, -0.02224654562821, 0.0 ], [ 35.968305831173701, -0.022651975089346, 0.0 ], [ 35.967972927602801, -0.022667602390968, 0.0 ] ] ] } },
{ "type": "Feature", "properties": { "Name": null, "Type": "Murram", "Length_Km": 7.6124781796900001, "main__road": 0, "Type2": 0 }, "geometry": { "type": "MultiLineString", "coordinates": [ [ [ 35.965570390341789, -0.025830717314684, 0.0 ], [ 35.965403797340862, -0.026882400452665, 0.0 ], [ 35.965155699630685, -0.027895618923819, 0.0 ], [ 35.96485978300435, -0.028894719469515, 0.0 ], [ 35.964703857009795, -0.029612879966284, 0.0 ], [ 35.964641129357759, -0.030284286320242, 0.0 ], [ 35.964655692192196, -0.031314929192482, 0.0 ], [ 35.964608810148157, -0.031642809610423, 0.0 ], [ 35.964017287701779, -0.033313086257147, 0.0 ], [ 35.963907817080759, -0.033838800021192, 0.0 ], [ 35.963829711137528, -0.034354037184323, 0.0 ], [ 35.963673803018601, -0.035056582699432, 0.0 ], [ 35.963300207679538, -0.036118071520479, 0.0 ], [ 35.962722562654307, -0.037685173330651, 0.0 ], [ 35.9620066699974, -0.039542720632708, 0.0 ], [ 35.961306365209339, -0.041337822533668, 0.0 ], [ 35.960606579671925, -0.042570764827562, 0.0 ], [ 35.959904508825879, -0.043877242454975, 0.0 ], [ 35.959142394277535, -0.045359977254976, 0.0 ], [ 35.958738199995793, -0.045937357668328, 0.0 ], [ 35.957168414881927, -0.047794076925692, 0.0 ], [ 35.95627615955663, -0.048881635657971, 0.0 ], [ 35.953340024990254, -0.050846332332656, 0.0 ], [ 35.952760997946889, -0.051554618710606, 0.0 ], [ 35.950507359250473, -0.054207091115221, 0.0 ], [ 35.949994457715491, -0.054815605385281, 0.0 ], [ 35.94878145158674, -0.057016246944236, 0.0 ], [ 35.948126295686251, -0.058479604470503, 0.0 ], [ 35.947161536266115, -0.060867885534918, 0.0 ], [ 35.945648399943401, -0.064324522630679, 0.0 ], [ 35.944559346833032, -0.066822004744688, 0.0 ], [ 35.943467396570796, -0.070174562692028, 0.0 ], [ 35.942346630322689, -0.073421587955689, 0.0 ], [ 35.94066209141365, -0.07839892252927, 0.0 ], [ 35.94033541025361, -0.079116942620359, 0.0 ], [ 35.940224980930537, -0.080156809278377, 0.0 ], [ 35.940037963540142, -0.080953042900933, 0.0 ], [ 35.939726325010106, -0.082217635712348, 0.0 ], [ 35.939383593619176, -0.083529048241107, 0.0 ], [ 35.939025836547273, -0.084278272923312, 0.0 ], [ 35.938789832222064, -0.084724942773333, 0.0 ], [ 35.938556640940611, -0.085068272000411, 0.0 ], [ 35.938103002272555, -0.086340380850777, 0.0 ], [ 35.937781469001507, -0.087126272681433, 0.0 ] ] ] } },
{ "type": "Feature", "properties": { "Name": null, "Type": "Murram", "Length_Km": 2.74828557807, "main__road": 0, "Type2": 0 }, "geometry": { "type": "MultiLineString", "coordinates": [ [ [ 35.925291871490607, -0.095019954274073, 0.0 ], [ 35.925286139143736, -0.095027596010683, 0.0 ], [ 35.925250825680834, -0.095077960120451, 0.0 ], [ 35.925099318244534, -0.095294040236411, 0.0 ], [ 35.921926075846216, -0.099654720306708, 0.0 ], [ 35.917482315356757, -0.105068782056141, 0.0 ], [ 35.913634114328957, -0.109809259188634, 0.0 ], [ 35.91323040690061, -0.110318871886259, 0.0 ], [ 35.913135909706924, -0.110508546704059, 0.0 ], [ 35.912851987137735, -0.111575699624053, 0.0 ], [ 35.912639286323447, -0.112097350545223, 0.0 ], [ 35.910996105723036, -0.115078006326317, 0.0 ] ] ] } },
{ "type": "Feature", "properties": { "Name": null, "Type": "Murram", "Length_Km": 11.4013247227, "main__road": 0, "Type2": 0 }, "geometry": { "type": "MultiLineString", "coordinates": [ [ [ 35.961097369010204, -0.156811825112738, 0.0 ], [ 35.960889653155149, -0.157258370216159, 0.0 ], [ 35.960773150693058, -0.157992636554662, 0.0 ], [ 35.960970359899456, -0.159086179796908, 0.0 ], [ 35.961357040975756, -0.160070130559994, 0.0 ], [ 35.961633162532081, -0.16086839605957, 0.0 ], [ 35.961780367287432, -0.161369609478215, 0.0 ], [ 35.962110757618596, -0.163504145060364, 0.0 ], [ 35.962294352424792, -0.164636383634277, 0.0 ], [ 35.962424541756633, -0.165039812991523, 0.0 ], [ 35.96295874927106, -0.166135240481699, 0.0 ], [ 35.96332692352869, -0.16719340497776, 0.0 ], [ 35.963823854183509, -0.168752764116732, 0.0 ], [ 35.964357299163936, -0.170794677956175, 0.0 ], [ 35.965019536664272, -0.173300665684266, 0.0 ], [ 35.966272358848222, -0.177883852970609, 0.0 ], [ 35.966824155418863, -0.180074241568374, 0.0 ], [ 35.966915953557198, -0.18064963620179, 0.0 ], [ 35.96697027187156, -0.181948783599827, 0.0 ], [ 35.967149711886954, -0.188644698385837, 0.0 ], [ 35.967055046192293, -0.192000119506391, 0.0 ], [ 35.966880887782466, -0.193643810551429, 0.0 ], [ 35.966850560444236, -0.193930037179136, 0.0 ], [ 35.965147462469389, -0.198263044616116, 0.0 ], [ 35.964222940876645, -0.200749117143841, 0.0 ], [ 35.962947944680337, -0.203104987643779, 0.0 ], [ 35.960023921550011, -0.209074787614315, 0.0 ], [ 35.958135565611009, -0.213001197909199, 0.0 ], [ 35.957008071232714, -0.215524246526027, 0.0 ], [ 35.954484728821186, -0.220980069853523, 0.0 ], [ 35.953492454278702, -0.223125525821185, 0.0 ], [ 35.950050649878825, -0.230317913944093, 0.0 ], [ 35.946462101639206, -0.23788327514716, 0.0 ], [ 35.942891456313809, -0.245187743676996, 0.0 ], [ 35.939207431527301, -0.251787999146404, 0.0 ], [ 35.939042529245356, -0.252027830644647, 0.0 ], [ 35.938802671377715, -0.252327620019551, 0.0 ] ] ] } },
{ "type": "Feature", "properties": { "Name": null, "Type": "Tarmac", "Length_Km": 7.49192486925, "main__road": 0, "Type2": 0 }, "geometry": { "type": "MultiLineString", "coordinates": [ [ [ 35.911286425883418, -0.236932727490742, 0.0 ], [ 35.923933322535333, -0.243052611334265, 0.0 ], [ 35.925576013896546, -0.244037837847894, 0.0 ], [ 35.926945180225005, -0.244511214575184, 0.0 ], [ 35.927962359405306, -0.244748170360907, 0.0 ], [ 35.933557412947444, -0.245264307472174, 0.0 ], [ 35.942374461293177, -0.246113985874746, 0.0 ], [ 35.948763768146705, -0.246583725902478, 0.0 ], [ 35.954397847444042, -0.247099866258854, 0.0 ], [ 35.958861074951429, -0.247462212503481, 0.0 ], [ 35.960762553436574, -0.247649687899154, 0.0 ], [ 35.961185075285925, -0.24772972007741, 0.0 ], [ 35.975323787159653, -0.252551771218082, 0.0 ], [ 35.975807467851112, -0.252716732003853, 0.0 ] ] ] } },
{ "type": "Feature", "properties": { "Name": null, "Type": "Murram", "Length_Km": 5.3886593419400004, "main__road": 0, "Type2": 0 }, "geometry": { "type": "MultiLineString", "coordinates": [ [ [ 35.911276969086195, -0.199141553848633, 0.0 ], [ 35.911347677207651, -0.199169219189377, 0.0 ], [ 35.921309381587548, -0.204040865999326, 0.0 ], [ 35.930712528560015, -0.208704350272909, 0.0 ], [ 35.932524173012041, -0.209627713623661, 0.0 ], [ 35.9392407690205, -0.212824622143475, 0.0 ], [ 35.947412314129181, -0.217073936274447, 0.0 ], [ 35.954484728821186, -0.220980069853523, 0.0 ] ] ] } },
{ "type": "Feature", "properties": { "Name": null, "Type": "Murram", "Length_Km": 1.7550387709499999, "main__road": 0, "Type2": 0 }, "geometry": { "type": "MultiLineString", "coordinates": [ [ [ 35.981764891635954, -0.189967775051867, 0.0 ], [ 35.981208638786725, -0.190067721538112, 0.0 ], [ 35.979665142198172, -0.189892343567586, 0.0 ], [ 35.97766561255569, -0.190313250967577, 0.0 ], [ 35.977104341089309, -0.190699082690606, 0.0 ], [ 35.976472910671092, -0.190734158329418, 0.0 ], [ 35.974122586324818, -0.190628931614965, 0.0 ], [ 35.972754487092061, -0.190874460941597, 0.0 ], [ 35.971456546809129, -0.191435670744095, 0.0 ], [ 35.969492096648551, -0.192242409840076, 0.0 ], [ 35.968509871586861, -0.193049148889007, 0.0 ], [ 35.966880887782466, -0.193643810551429, 0.0 ] ] ] } },
{ "type": "Feature", "properties": { "Name": null, "Type": "Murram", "Length_Km": 2.11071435235, "main__road": 0, "Type2": 0 }, "geometry": { "type": "MultiLineString", "coordinates": [ [ [ 36.160218940733579, -0.140646028808806, 0.0 ], [ 36.161342618719125, -0.139630494601716, 0.0 ], [ 36.162951404334706, -0.138516842339628, 0.0 ], [ 36.164040428453028, -0.13804663359252, 0.0 ], [ 36.164881947085348, -0.137551677027223, 0.0 ], [ 36.165723465697837, -0.136462772618155, 0.0 ], [ 36.167059995286579, -0.135571850806486, 0.0 ], [ 36.167728260071137, -0.134829415978441, 0.0 ], [ 36.168050017161043, -0.133592024624469, 0.0 ], [ 36.167926264378778, -0.132354633284222, 0.0 ], [ 36.168322273125874, -0.131463711502411, 0.0 ], [ 36.169584551046803, -0.129855102710696, 0.0 ], [ 36.170822078421061, -0.128295989572567, 0.0 ], [ 36.171490343199444, -0.127330824299188, 0.0 ], [ 36.172059605801621, -0.126934859049306, 0.0 ] ] ] } },
{ "type": "Feature", "properties": { "Name": null, "Type": "Murram", "Length_Km": 7.0775510221799998, "main__road": 0, "Type2": 0 }, "geometry": { "type": "MultiLineString", "coordinates": [ [ [ 36.151345810361178, -0.002808070810092, 0.0 ], [ 36.144298281890102, -0.01429396984971, 0.0 ], [ 36.142202651181954, -0.017894954398557, 0.0 ], [ 36.140370914707482, -0.019819618554586, 0.0 ], [ 36.13860127099943, -0.022613485870436, 0.0 ], [ 36.136940289628633, -0.025810911791232, 0.0 ], [ 36.134115068971916, -0.029567111172882, 0.0 ], [ 36.132066007829465, -0.031212388592284, 0.0 ], [ 36.130529211976793, -0.033043923825906, 0.0 ], [ 36.129473635034394, -0.035154845782085, 0.0 ], [ 36.128852707429211, -0.037296810701293, 0.0 ], [ 36.12835596535421, -0.039935463130952, 0.0 ], [ 36.12802997838218, -0.043070803067254, 0.0 ], [ 36.127998932025235, -0.045430068754396, 0.0 ], [ 36.128247303108473, -0.048534365700578, 0.0 ], [ 36.128511197371644, -0.050552158709792, 0.0 ], [ 36.129007939490599, -0.052259522018832, 0.0 ], [ 36.129349449696676, -0.053346025940953, 0.0 ], [ 36.128945846753531, -0.054277315025597, 0.0 ], [ 36.12844910466189, -0.054805045510344, 0.0 ], [ 36.1280144553374, -0.055705291625331, 0.0 ], [ 36.127548759634024, -0.056760752586566, 0.0 ], [ 36.126989924781867, -0.057412654948523, 0.0 ], [ 36.125973191010267, -0.058250389219504, 0.0 ] ] ] } },
{ "type": "Feature", "properties": { "Name": null, "Type": "Murram", "Length_Km": 7.4801928789199996, "main__road": 0, "Type2": 0 }, "geometry": { "type": "MultiLineString", "coordinates": [ [ [ 36.122241223224705, -0.212200913896205, 0.0 ], [ 36.128528274710852, -0.205671600266864, 0.0 ], [ 36.130453687272173, -0.203325261636927, 0.0 ], [ 36.140923118299895, -0.195203320022216, 0.0 ], [ 36.152656101333044, -0.186058615378314, 0.0 ], [ 36.160809020305997, -0.17974154965966, 0.0 ], [ 36.163636970052139, -0.177395210971363, 0.0 ], [ 36.170135237428127, -0.169032619378184, 0.0 ], [ 36.171789888852707, -0.167107418424968, 0.0 ] ] ] } },
{ "type": "Feature", "properties": { "Name": null, "Type": "Murram", "Length_Km": 5.8138718773100004, "main__road": 0, "Type2": 0 }, "geometry": { "type": "MultiLineString", "coordinates": [ [ [ 36.118575028577958, -0.22880453002977, 0.0 ], [ 36.129249839065096, -0.225091793994016, 0.0 ], [ 36.131897281497338, -0.225091793844688, 0.0 ], [ 36.134003201592826, -0.224730818573635, 0.0 ], [ 36.149105657181956, -0.223587729744441, 0.0 ], [ 36.150248870954094, -0.223587729680375, 0.0 ], [ 36.151753099686907, -0.225151955249601, 0.0 ], [ 36.15265563693459, -0.22623488064971, 0.0 ], [ 36.1532573284031, -0.226415368190634, 0.0 ], [ 36.154641218694266, -0.225272280136698, 0.0 ], [ 36.164749634668148, -0.215766600595435, 0.0 ] ] ] } },
{ "type": "Feature", "properties": { "Name": null, "Type": "Murram", "Length_Km": 0.7313710883, "main__road": 0, "Type2": 0 }, "geometry": { "type": "MultiLineString", "coordinates": [ [ [ 36.0009172658403, -0.243905219830114, 0.0 ], [ 36.007470830025042, -0.244271812042297, 0.0 ] ] ] } },
{ "type": "Feature", "properties": { "Name": null, "Type": "Murram", "Length_Km": 1.25352803502, "main__road": 0, "Type2": 0 }, "geometry": { "type": "MultiLineString", "coordinates": [ [ [ 36.138193095555074, -0.070778032415425, 0.0 ], [ 36.138230069879704, -0.071927315249937, 0.0 ], [ 36.138085948901008, -0.073483651036534, 0.0 ], [ 36.138287718328726, -0.074607671319993, 0.0 ], [ 36.138720081371453, -0.076048722960399, 0.0 ], [ 36.139181268610983, -0.077230385301973, 0.0 ], [ 36.139584807428747, -0.077345669425821, 0.0 ], [ 36.139959522036314, -0.07697099599064, 0.0 ], [ 36.141285435266802, -0.075846975680973, 0.0 ], [ 36.142928414715342, -0.075068807760443, 0.0 ], [ 36.143086947822376, -0.075126449823363, 0.0 ] ] ] } },
{ "type": "Feature", "properties": { "Name": null, "Type": "Murram", "Length_Km": 9.2107385546099998, "main__road": 0, "Type2": 0 }, "geometry": { "type": "MultiLineString", "coordinates": [ [ [ 36.172030048092104, -0.031599483802309, 0.0 ], [ 36.171345473331627, -0.033040535496154, 0.0 ], [ 36.17102120107409, -0.033364772128503, 0.0 ], [ 36.170300596052073, -0.033400798426725, 0.0 ], [ 36.169147628013668, -0.033076561806577, 0.0 ], [ 36.168030690226111, -0.03275232518584, 0.0 ], [ 36.166301238170021, -0.032608220031077, 0.0 ], [ 36.165076209629802, -0.032500141164302, 0.0 ], [ 36.164283544106219, -0.03278835150888, 0.0 ], [ 36.163923241598823, -0.033364772187875, 0.0 ], [ 36.164103392860511, -0.034121324323266, 0.0 ], [ 36.163815150854482, -0.034553639832355, 0.0 ], [ 36.163274697085946, -0.034445560960388, 0.0 ], [ 36.162950424825311, -0.034445560963167, 0.0 ], [ 36.161689366039674, -0.035202113110702, 0.0 ], [ 36.160932730768003, -0.035634428623929, 0.0 ], [ 36.160500367759184, -0.036318928179529, 0.0 ], [ 36.160248156009558, -0.037363690654879, 0.0 ], [ 36.159599611496859, -0.038408453133251, 0.0 ], [ 36.158770915728212, -0.039453215612823, 0.0 ], [ 36.157870159454831, -0.040245794048037, 0.0 ], [ 36.157257645192004, -0.041110425064271, 0.0 ], [ 36.156717191430367, -0.04183095091116, 0.0 ], [ 36.156501009937465, -0.043308028886874, 0.0 ], [ 36.156104677178163, -0.043740344395276, 0.0 ], [ 36.155095830146841, -0.044100607326439, 0.0 ], [ 36.155034578723409, -0.044460870247087, 0.0 ], [ 36.154919281926901, -0.045181396087997, 0.0 ], [ 36.154169852707405, -0.045815458835124, 0.0 ], [ 36.153823962296805, -0.045959564006923, 0.0 ], [ 36.153506896084728, -0.045873100909892, 0.0 ], [ 36.153218654069676, -0.045411964375942, 0.0 ], [ 36.153391599270314, -0.044893185769379, 0.0 ], [ 36.153737489679187, -0.044576154395934, 0.0 ], [ 36.15379513807413, -0.043884449588709, 0.0 ], [ 36.15399690747595, -0.043365670981315, 0.0 ], [ 36.15440044628663, -0.043019818573391, 0.0 ], [ 36.154285149477168, -0.042472218935474, 0.0 ], [ 36.15388161066047, -0.042212829636898, 0.0 ], [ 36.153535720249437, -0.04232811377521, 0.0 ], [ 36.153161005638779, -0.042587503082063, 0.0 ], [ 36.15290158783305, -0.042933355488625, 0.0 ], [ 36.152613345826282, -0.043279207895431, 0.0 ], [ 36.152267455416037, -0.043480955134676, 0.0 ], [ 36.152008037610315, -0.043826807541118, 0.0 ], [ 36.151979213413419, -0.044230302012185, 0.0 ], [ 36.152123334426918, -0.045037290951656, 0.0 ], [ 36.152238631240166, -0.045901921958045, 0.0 ], [ 36.151950389236731, -0.046535984699974, 0.0 ], [ 36.151316256821673, -0.047227689512859, 0.0 ], [ 36.150912718013274, -0.047775289155072, 0.0 ], [ 36.150797421217575, -0.048524636028362, 0.0 ], [ 36.150855069637579, -0.050080971837028, 0.0 ], [ 36.150797421242984, -0.05071503457434, 0.0 ], [ 36.150538003438491, -0.051118529046248, 0.0 ], [ 36.150480355044039, -0.051752591783076, 0.0 ], [ 36.150480355048266, -0.052098444184407, 0.0 ], [ 36.150336234045547, -0.052300191420391, 0.0 ], [ 36.149990343635913, -0.052530759692454, 0.0 ], [ 36.148952672399041, -0.052588401772965, 0.0 ], [ 36.148462660982979, -0.052732506946644, 0.0 ], [ 36.148160006874789, -0.052963075218176, 0.0 ], [ 36.147324105053521, -0.053712422098603, 0.0 ], [ 36.146286433824038, -0.054404126914805, 0.0 ], [ 36.145479356205215, -0.055268757928189, 0.0 ], [ 36.144845223802868, -0.056882735806676, 0.0 ], [ 36.144153442995332, -0.058237324384332, 0.0 ], [ 36.143634607393423, -0.059505449858377, 0.0 ], [ 36.142885178183143, -0.060773575334944, 0.0 ], [ 36.142640172482999, -0.061407638070885, 0.0 ], [ 36.14275546930002, -0.062272269067041, 0.0 ], [ 36.142553699906905, -0.063252184200494, 0.0 ], [ 36.142380754716029, -0.064289741399172, 0.0 ], [ 36.141948391721321, -0.065701972032637, 0.0 ], [ 36.142236633751807, -0.06694127645382, 0.0 ], [ 36.142265457961187, -0.067460055049841, 0.0 ], [ 36.141948391757438, -0.067978833651556, 0.0 ], [ 36.141660149758152, -0.068699359484359, 0.0 ], [ 36.141198962544749, -0.068958748790264, 0.0 ], [ 36.140809835835519, -0.069304601194224, 0.0 ], [ 36.140463945432259, -0.069909842895239, 0.0 ], [ 36.139628043610102, -0.070515084604687, 0.0 ], [ 36.138561548171118, -0.070659189788962, 0.0 ], [ 36.137667997941072, -0.070947400135642, 0.0 ], [ 36.13639973309121, -0.070947400158196, 0.0 ], [ 36.134641456824291, -0.071120326388065, 0.0 ], [ 36.133574961384014, -0.07126443157261, 0.0 ], [ 36.132335520737428, -0.071466178826523, 0.0 ], [ 36.130894310674911, -0.071235610587338, 0.0 ], [ 36.129150446501818, -0.071149147519046, 0.0 ], [ 36.12842984146954, -0.07100504236618, 0.0 ], [ 36.127939830043871, -0.070688011010169, 0.0 ], [ 36.127651588016462, -0.069765737953768, 0.0 ], [ 36.127363345990666, -0.068929927996136, 0.0 ], [ 36.127363345979866, -0.068267044232244, 0.0 ], [ 36.126781181986217, -0.066510076604248, 0.0 ] ] ] } },
{ "type": "Feature", "properties": { "Name": null, "Type": "Tarmac", "Length_Km": 11.464616060499999, "main__road": 0, "Type2": 0 }, "geometry": { "type": "MultiLineString", "coordinates": [ [ [ 36.159487607378715, -0.124826694882449, 0.0 ], [ 36.159059159357845, -0.122890105231367, 0.0 ], [ 36.15909518951603, -0.119719791740418, 0.0 ], [ 36.159059159190548, -0.117125898879974, 0.0 ], [ 36.159095189406258, -0.115864978735919, 0.0 ], [ 36.158338554098457, -0.114712137482912, 0.0 ], [ 36.158014281821465, -0.114135716854298, 0.0 ], [ 36.158590765818346, -0.113307112170378, 0.0 ], [ 36.159563582559194, -0.111757981676444, 0.0 ], [ 36.160212127037603, -0.110136798610278, 0.0 ], [ 36.160860671524112, -0.108803825862609, 0.0 ], [ 36.162464017620394, -0.10563351229481, 0.0 ], [ 36.163328743603365, -0.103832197766292, 0.0 ], [ 36.163797136833786, -0.102427172438028, 0.0 ], [ 36.163616985547854, -0.10120227857597, 0.0 ], [ 36.163184622501426, -0.099869305848126, 0.0 ], [ 36.163220652731908, -0.099004674880708, 0.0 ], [ 36.164085378739678, -0.098140043892306, 0.0 ], [ 36.164643847619281, -0.097563623233672, 0.0 ], [ 36.165256361884047, -0.097347465476822, 0.0 ], [ 36.166481390427677, -0.09752759689842, 0.0 ], [ 36.167201995448984, -0.097455544300193, 0.0 ], [ 36.167526267705078, -0.097275412840797, 0.0 ], [ 36.167490237445513, -0.096915149938669, 0.0 ], [ 36.166985813916902, -0.096374755596113, 0.0 ], [ 36.166769632396687, -0.095798334955902, 0.0 ], [ 36.167165965140313, -0.094969730268199, 0.0 ], [ 36.167598328131966, -0.093997020417644, 0.0 ], [ 36.16745420711117, -0.093276494612928, 0.0 ], [ 36.166733602053, -0.09169133785013, 0.0 ], [ 36.16651742052715, -0.09082670688346, 0.0 ], [ 36.166841692768742, -0.089962075903869, 0.0 ], [ 36.167814509518045, -0.088484997970003, 0.0 ], [ 36.168282902760808, -0.087440235533145, 0.0 ], [ 36.169525946371287, -0.084846342581886, 0.0 ], [ 36.170678914369496, -0.082972975442642, 0.0 ], [ 36.171147307614042, -0.08196423929314, 0.0 ], [ 36.170967156325617, -0.080271003631677, 0.0 ], [ 36.171219368054651, -0.078757899413239, 0.0 ], [ 36.171579670544865, -0.077641084390398, 0.0 ], [ 36.171237383141403, -0.076668374543738, 0.0 ], [ 36.169111598276785, -0.073966402764218, 0.0 ], [ 36.167238025164785, -0.070904168060421, 0.0 ], [ 36.166517420104725, -0.068670538023336, 0.0 ], [ 36.166175132673295, -0.065824461023893, 0.0 ], [ 36.165778799882283, -0.063987120175113, 0.0 ], [ 36.166175132608601, -0.061537332357548, 0.0 ], [ 36.166499404844686, -0.059844096656714, 0.0 ], [ 36.166787646837768, -0.058691255326296, 0.0 ], [ 36.167183979589488, -0.057898676908216, 0.0 ], [ 36.167652372850441, -0.057610466569599, 0.0 ], [ 36.168336947619146, -0.057394308810838, 0.0 ], [ 36.169111598015093, -0.057142124759311, 0.0 ], [ 36.169652051769958, -0.05624146746426, 0.0 ], [ 36.170012354266078, -0.055088626130553, 0.0 ], [ 36.170120445007413, -0.054151942548785, 0.0 ], [ 36.170805019766355, -0.05317923266701, 0.0 ], [ 36.170805019744257, -0.051377918086307, 0.0 ], [ 36.170732959221155, -0.0496126297955, 0.0 ], [ 36.170120444928848, -0.047559131174431, 0.0 ], [ 36.16952594576648, -0.045829869175428, 0.0 ], [ 36.168877401227725, -0.044064580882141, 0.0 ], [ 36.168949461717638, -0.04283968695688, 0.0 ], [ 36.168841370957153, -0.042119161119518, 0.0 ], [ 36.169093582703979, -0.040966319774383, 0.0 ], [ 36.168805340680898, -0.039453215513563, 0.0 ], [ 36.167652372626975, -0.037471769461789, 0.0 ], [ 36.167364130612619, -0.036859322498775, 0.0 ], [ 36.167346115478345, -0.035814560027325, 0.0 ], [ 36.167922599488186, -0.034769797549775, 0.0 ], [ 36.168427022999595, -0.034193376870638, 0.0 ], [ 36.169147628013668, -0.03307656180659, 0.0 ] ] ] } },
{ "type": "Feature", "properties": { "Name": null, "Type": "Tarmac", "Length_Km": 7.0381724553099998, "main__road": 0, "Type2": 0 }, "geometry": { "type": "MultiLineString", "coordinates": [ [ [ 36.136411196540344, -0.168088742307095, 0.0 ], [ 36.137053456901633, -0.167331684099301, 0.0 ], [ 36.13794133436307, -0.166900476719779, 0.0 ], [ 36.138651636348172, -0.166951206965616, 0.0 ], [ 36.139691721398648, -0.167052667473194, 0.0 ], [ 36.140706438534345, -0.167483874772678, 0.0 ], [ 36.141670419813934, -0.167915082073923, 0.0 ], [ 36.142152410445881, -0.167940447191344, 0.0 ], [ 36.142710504851216, -0.167712160928225, 0.0 ], [ 36.143116391676493, -0.16717949301856, 0.0 ], [ 36.143167127502515, -0.166443904021499, 0.0 ], [ 36.142583665090498, -0.164719074676435, 0.0 ], [ 36.14265976884591, -0.164008850814604, 0.0 ], [ 36.143014919798695, -0.163044975562651, 0.0 ], [ 36.144638467097337, -0.160787478227794, 0.0 ], [ 36.146109806816426, -0.158200234103777, 0.0 ], [ 36.146896212548647, -0.157337819383283, 0.0 ], [ 36.148773439161467, -0.155968101860957, 0.0 ], [ 36.150599929929534, -0.154902765995821, 0.0 ], [ 36.151475123421541, -0.154370098064751, 0.0 ], [ 36.15228689711558, -0.154420828309268, 0.0 ], [ 36.152921095330576, -0.154902765905695, 0.0 ], [ 36.153656765254127, -0.155308608084046, 0.0 ], [ 36.154392435165107, -0.155384703469162, 0.0 ], [ 36.155787671185884, -0.155080321759813, 0.0 ], [ 36.1569799637901, -0.154953496023878, 0.0 ], [ 36.157842473326312, -0.154674479473342, 0.0 ], [ 36.158121520511614, -0.154116446428298, 0.0 ], [ 36.158146888401575, -0.153101840909901, 0.0 ], [ 36.158628878954566, -0.15104726471628, 0.0 ], [ 36.159212341213475, -0.148815132549736, 0.0 ], [ 36.1592884449677, -0.148003448129715, 0.0 ], [ 36.159846539366313, -0.147622971038338, 0.0 ], [ 36.160747100782359, -0.147014207691812, 0.0 ], [ 36.161203723460559, -0.146380079223459, 0.0 ], [ 36.161355931004977, -0.145745950766068, 0.0 ], [ 36.161102251705273, -0.145137187461256, 0.0 ], [ 36.160620261057019, -0.144579154440553, 0.0 ], [ 36.160620261014465, -0.143361627810772, 0.0 ], [ 36.160645628912377, -0.142499213113022, 0.0 ], [ 36.160518789242644, -0.141611433281932, 0.0 ], [ 36.16018900616524, -0.141154860806435, 0.0 ], [ 36.160239741991447, -0.140292446106168, 0.0 ], [ 36.16035389760745, -0.138542251565159, 0.0 ], [ 36.16032852964819, -0.137603741450981, 0.0 ], [ 36.159897274853172, -0.136944247870974, 0.0 ], [ 36.159136236983002, -0.135878912089034, 0.0 ], [ 36.158476670826815, -0.134889671717262, 0.0 ], [ 36.158222991516197, -0.133900431330767, 0.0 ], [ 36.158273727339072, -0.132885825794809, 0.0 ], [ 36.158261043338555, -0.131744394568201, 0.0 ], [ 36.158844505646528, -0.130729789013017, 0.0 ], [ 36.159148920750916, -0.129791278881649, 0.0 ], [ 36.158869873516146, -0.128878133906991, 0.0 ], [ 36.158819137618728, -0.127533781570201, 0.0 ], [ 36.158869873439301, -0.126392350336668, 0.0 ], [ 36.15921355378476, -0.125899301135541, 0.0 ], [ 36.159475772853682, -0.125523806003971, 0.0 ], [ 36.159487607378715, -0.124826694882449, 0.0 ] ] ] } },
{ "type": "Feature", "properties": { "Name": null, "Type": "Tarmac", "Length_Km": 1.58641460353, "main__road": 0, "Type2": 0 }, "geometry": { "type": "MultiLineString", "coordinates": [ [ [ 36.124054799678895, -0.170622117790688, 0.0 ], [ 36.124919150579075, -0.169851116712293, 0.0 ], [ 36.12573936107492, -0.168929688257571, 0.0 ], [ 36.126982389529161, -0.168447750586374, 0.0 ], [ 36.127667323598573, -0.168752132211273, 0.0 ], [ 36.129189399315749, -0.16961454683198, 0.0 ], [ 36.130508531595794, -0.17017257980691, 0.0 ], [ 36.132233550701486, -0.170197944871115, 0.0 ], [ 36.133501947099376, -0.170147214541525, 0.0 ], [ 36.134795711402845, -0.169563816318206, 0.0 ], [ 36.136069840023701, -0.168471432438327, 0.0 ], [ 36.136079672555717, -0.1684630024421, 0.0 ], [ 36.136411196540344, -0.168088742307095, 0.0 ] ] ] } },
{ "type": "Feature", "properties": { "Name": null, "Type": "Murram", "Length_Km": 2.9283511796599999, "main__road": 0, "Type2": 0 }, "geometry": { "type": "MultiLineString", "coordinates": [ [ [ 35.998963154323398, -0.295575605800131, 0.0 ], [ 35.999515895890042, -0.29665660499442, 0.0 ], [ 35.999468241937052, -0.297657229360613, 0.0 ], [ 35.999897128202086, -0.298133717120141, 0.0 ], [ 36.00037366847188, -0.298324312201132, 0.0 ], [ 36.001136132992599, -0.29984907307489, 0.0 ], [ 36.001517365242613, -0.3004685071738, 0.0 ], [ 36.003137602305024, -0.303089189894656, 0.0 ], [ 36.004138336965383, -0.304756897078984, 0.0 ], [ 36.004614877288297, -0.30566222384001, 0.0 ], [ 36.005139071719121, -0.307663472507205, 0.0 ], [ 36.005377341958095, -0.309140584627787, 0.0 ], [ 36.00604449841282, -0.31042710159883, 0.0 ], [ 36.00642573069301, -0.311427725919129, 0.0 ], [ 36.006854616998915, -0.312428350234739, 0.0 ], [ 36.007426465418071, -0.313905462322626, 0.0 ], [ 36.0078553517355, -0.315049032970896, 0.0 ], [ 36.008474854133084, -0.315906710932739, 0.0 ], [ 36.009284972699199, -0.317622066887922, 0.0 ], [ 36.01009509121387, -0.31867033994506, 0.0 ], [ 36.010313775150358, -0.318888999767497, 0.0 ] ] ] } },
{ "type": "Feature", "properties": { "Name": null, "Type": "Murram", "Length_Km": 3.5791035870100001, "main__road": 0, "Type2": 0 }, "geometry": { "type": "MultiLineString", "coordinates": [ [ [ 35.954602537148062, -0.220725351581928, 0.0 ], [ 35.956344633018546, -0.221680676851365, 0.0 ], [ 35.958845141980838, -0.222245897972028, 0.0 ], [ 35.967317196798007, -0.223867254694159, 0.0 ], [ 35.973213920494281, -0.225111034470073, 0.0 ], [ 35.97849833651604, -0.226172575553555, 0.0 ], [ 35.980849549039085, -0.226662562781264, 0.0 ], [ 35.982603615347436, -0.227039429521581, 0.0 ], [ 35.984171047671396, -0.227416142129712, 0.0 ], [ 35.985589029021831, -0.227980445802123, 0.0 ], [ 35.985768415742434, -0.22808034373538, 0.0 ] ] ] } },
{ "type": "Feature", "properties": { "Name": null, "Type": "Murram", "Length_Km": 2.46762748001, "main__road": 0, "Type2": 0 }, "geometry": { "type": "MultiLineString", "coordinates": [ [ [ 35.985589029021831, -0.227980445802123, 0.0 ], [ 35.986832883670175, -0.22892155816815, 0.0 ], [ 35.988450806580921, -0.230121820352682, 0.0 ], [ 35.992887046916636, -0.235131610453212, 0.0 ], [ 35.99591412855672, -0.23852365581449, 0.0 ], [ 35.998419299594865, -0.241759145245638, 0.0 ], [ 35.999880649345414, -0.243272519312505, 0.0 ], [ 36.0009172658403, -0.243905219830114, 0.0 ] ] ] } },
{ "type": "Feature", "properties": { "Name": null, "Type": "Murram", "Length_Km": 0.0, "main__road": 0, "Type2": 0 }, "geometry": { "type": "MultiLineString", "coordinates": [ ] } },
{ "type": "Feature", "properties": { "Name": null, "Type": "Murram", "Length_Km": 0.0, "main__road": 0, "Type2": 0 }, "geometry": { "type": "MultiLineString", "coordinates": [ ] } },
{ "type": "Feature", "properties": { "Name": null, "Type": "Murram", "Length_Km": 2.81721589015, "main__road": 0, "Type2": 0 }, "geometry": { "type": "MultiLineString", "coordinates": [ [ [ 36.11441514630188, -0.155572709828714, 0.0 ], [ 36.114272310565937, -0.155476801701128, 0.0 ], [ 36.113683404414004, -0.155285464438914, 0.0 ], [ 36.103330048861949, -0.152319597378335, 0.0 ], [ 36.100100579419475, -0.151401142295391, 0.0 ], [ 36.096947108802233, -0.150482702022168, 0.0 ], [ 36.096814141185348, -0.150367931694831, 0.0 ], [ 36.096985138570261, -0.150214950417801, 0.0 ], [ 36.097137135973043, -0.150081092072886, 0.0 ], [ 36.097251153209172, -0.149832475846513, 0.0 ], [ 36.097289180360221, -0.149583849623973, 0.0 ], [ 36.097308207482136, -0.149354346379903, 0.0 ], [ 36.097384227087872, -0.149124850563257, 0.0 ], [ 36.097308286222322, -0.148742331098535, 0.0 ], [ 36.097308323018424, -0.148455448935167, 0.0 ], [ 36.097403354624241, -0.14811120264535, 0.0 ], [ 36.097384379104668, -0.14793907087419, 0.0 ], [ 36.097346406050683, -0.147766936653409, 0.0 ], [ 36.097346440165943, -0.147499179958044, 0.0 ], [ 36.097346496075552, -0.147059293958244, 0.0 ], [ 36.097517502763104, -0.146829810174856, 0.0 ], [ 36.097593526700919, -0.146562063177863, 0.0 ], [ 36.097707564907388, -0.146141317129216, 0.0 ], [ 36.097707608260855, -0.145797058409138, 0.0 ], [ 36.097707653909836, -0.145433674204365, 0.0 ], [ 36.097745704039639, -0.144993792877885, 0.0 ], [ 36.097726747146019, -0.144668657227862, 0.0 ], [ 36.097707785397283, -0.144381772557667, 0.0 ], [ 36.09782179903339, -0.144152281107204, 0.0 ], [ 36.098049783482878, -0.144037556890749, 0.0 ], [ 36.09820177075941, -0.143980199545538, 0.0 ] ] ] } },
{ "type": "Feature", "properties": { "Name": null, "Type": "Murram", "Length_Km": 9.8030356025199996, "main__road": 0, "Type2": 0 }, "geometry": { "type": "MultiLineString", "coordinates": [ [ [ 36.057277538883262, -0.097127050143496, 0.0 ], [ 36.057203318233825, -0.097649570079681, 0.0 ], [ 36.057203205023406, -0.098978054789845, 0.0 ], [ 36.057203165744021, -0.099434721408353, 0.0 ], [ 36.057038169927964, -0.09997440382634, 0.0 ], [ 36.057038144693998, -0.100265009812568, 0.0 ], [ 36.056955644814906, -0.100555608507902, 0.0 ], [ 36.056996736028758, -0.102216217724021, 0.0 ], [ 36.056996691728344, -0.102714399394401, 0.0 ], [ 36.057037877053965, -0.103295615090175, 0.0 ], [ 36.057037817299332, -0.103959857340898, 0.0 ], [ 36.056914067886247, -0.104374997384122, 0.0 ], [ 36.056790314551449, -0.104831652465097, 0.0 ], [ 36.05654284921237, -0.105288295976539, 0.0 ], [ 36.0561716719467, -0.105744927762347, 0.0 ], [ 36.055965455098089, -0.106077029365082, 0.0 ], [ 36.055511787821189, -0.106699713233708, 0.0 ], [ 36.055305563070831, -0.10711484460664, 0.0 ], [ 36.055016914089371, -0.106990272167389, 0.0 ], [ 36.054604565119703, -0.106741142992269, 0.0 ], [ 36.053821073933591, -0.106575009202554, 0.0 ], [ 36.053120049890246, -0.106491913352831, 0.0 ], [ 36.052501500535278, -0.106408825331592, 0.0 ], [ 36.051882932298227, -0.106533312126114, 0.0 ], [ 36.050975712580936, -0.106574741779972, 0.0 ], [ 36.047223141916007, -0.106615903470708, 0.0 ], [ 36.045491207735523, -0.106449681467735, 0.0 ], [ 36.044212861871287, -0.106491075817747, 0.0 ], [ 36.043099479995547, -0.106366427099249, 0.0 ], [ 36.041944850949136, -0.106366318435215, 0.0 ], [ 36.040748997991962, -0.106241662262063, 0.0 ], [ 36.039635642681212, -0.105867927149331, 0.0 ], [ 36.037986228020415, -0.105328084959665, 0.0 ], [ 36.036336819430723, -0.104746729941571, 0.0 ], [ 36.034852351336269, -0.104248420426848, 0.0 ], [ 36.033574063345185, -0.103791645419144, 0.0 ], [ 36.032790583087888, -0.103667030604855, 0.0 ], [ 36.031512286048802, -0.103334799587045, 0.0 ], [ 36.030563877020413, -0.103044113598314, 0.0 ], [ 36.030275241681217, -0.102836516533367, 0.0 ], [ 36.030192791515923, -0.102587424228983, 0.0 ], [ 36.029986636186543, -0.102296806602912, 0.0 ], [ 36.029285712233992, -0.101258890566762, 0.0 ], [ 36.028584791446356, -0.10017946177261, 0.0 ], [ 36.02788385207144, -0.099307604552884, 0.0 ], [ 36.027389071848852, -0.098684850585032, 0.0 ], [ 36.026646849624115, -0.098352673605063, 0.0 ], [ 36.025574749615004, -0.097895926485679, 0.0 ], [ 36.024997493999251, -0.097314681243369, 0.0 ], [ 36.024585172094476, -0.096857992522109, 0.0 ], [ 36.024172829104195, -0.096650387549248, 0.0 ], [ 36.023595573619069, -0.096069143683502, 0.0 ], [ 36.022688405804175, -0.095778469365013, 0.0 ], [ 36.021740002721806, -0.095487792006866, 0.0 ], [ 36.020874079173453, -0.095114094550159, 0.0 ], [ 36.020379275839431, -0.094781942665987, 0.0 ], [ 36.019554544226807, -0.094947928103076, 0.0 ], [ 36.018853517277002, -0.095155437432148, 0.0 ], [ 36.018977088496626, -0.09677448237105, 0.0 ], [ 36.019141871689882, -0.098642613546078, 0.0 ], [ 36.019141803087564, -0.09943137404565, 0.0 ], [ 36.018853148449601, -0.0994728621951, 0.0 ], [ 36.017657309356146, -0.099472756273214, 0.0 ], [ 36.01646147882925, -0.099389623091759, 0.0 ], [ 36.01629652490081, -0.099514149292247, 0.0 ], [ 36.016171755842585, -0.11097189116831, 0.0 ], [ 36.013079098022267, -0.110764016911646, 0.0 ], [ 36.012213161894188, -0.110639390759965, 0.0 ], [ 36.010852395499981, -0.110556229227693, 0.0 ], [ 36.009862750491543, -0.110473104556007, 0.0 ], [ 36.009161754849856, -0.110390008542738, 0.0 ], [ 36.000774542974725, -0.10980799599746, 0.0 ], [ 35.998589096671935, -0.109641728702001, 0.0 ], [ 35.997764944881332, -0.109641647487087, 0.0 ] ] ] } },
{ "type": "Feature", "properties": { "Name": null, "Type": "Tarmac", "Length_Km": 8.0716434223900002, "main__road": 1, "Type2": 11 }, "geometry": { "type": "MultiLineString", "coordinates": [ [ [ 35.943004190976374, -0.123894668588434, 0.0 ], [ 35.943170121682932, -0.124662828883573, 0.0 ], [ 35.943399739205617, -0.125725825480716, 0.0 ], [ 35.94389426238299, -0.128100301167887, 0.0 ], [ 35.944265155947093, -0.129843799621918, 0.0 ], [ 35.944759666651066, -0.132251487794219, 0.0 ], [ 35.945295410473477, -0.134617672415505, 0.0 ], [ 35.946119771036329, -0.13706691753202, 0.0 ], [ 35.947191536372749, -0.139433176236042, 0.0 ], [ 35.948881780286328, -0.141924053248447, 0.0 ], [ 35.953581657165934, -0.147445653978698, 0.0 ], [ 35.955354429686729, -0.149430132060553, 0.0 ], [ 35.957457012401967, -0.151838078055454, 0.0 ], [ 35.95951830847828, -0.154619630236773, 0.0 ], [ 35.961043657524236, -0.15673693190548, 0.0 ], [ 35.963187386579619, -0.159726072310364, 0.0 ], [ 35.968340568335314, -0.166908360650956, 0.0 ], [ 35.973741260297025, -0.173302028464937, 0.0 ], [ 35.974524575564217, -0.174169753371145, 0.0 ], [ 35.975554999587629, -0.176909711978431, 0.0 ], [ 35.976296790820662, -0.179566604221015, 0.0 ], [ 35.976956175658252, -0.181808365432414, 0.0 ], [ 35.978027893977639, -0.184091710862051, 0.0 ], [ 35.979058499689799, -0.185627834648181, 0.0 ] ] ] } },
{ "type": "Feature", "properties": { "Name": null, "Type": "Tarmac", "Length_Km": 5.0012343157799997, "main__road": 1, "Type2": 11 }, "geometry": { "type": "MultiLineString", "coordinates": [ [ [ 35.979057640140979, -0.185626553483881, 0.0 ], [ 35.97914768287518, -0.185783395685003, 0.0 ], [ 35.981764329535892, -0.189966876365725, 0.0 ], [ 35.982397590977456, -0.190979336379321, 0.0 ], [ 35.983922849434769, -0.19342883153524, 0.0 ], [ 35.985159629724208, -0.194923496536377, 0.0 ], [ 35.987592034732451, -0.197460342839702, 0.0 ], [ 35.993446299412128, -0.203563766648174, 0.0 ], [ 36.004247845326098, -0.214774312416404, 0.0 ], [ 36.00593797274955, -0.217514513192124, 0.0 ], [ 36.006721043946186, -0.219586177975842, 0.0 ], [ 36.006888621902462, -0.220527876311989, 0.0 ] ] ] } },
{ "type": "Feature", "properties": { "Name": null, "Type": "Murram", "Length_Km": 0.60621131322, "main__road": 0, "Type2": 0 }, "geometry": { "type": "MultiLineString", "coordinates": [ [ [ 36.015542445250574, -0.16717857188031, 0.0 ], [ 36.014126946959415, -0.16780870035102, 0.0 ], [ 36.012247823104772, -0.168520270683858, 0.0 ], [ 36.010478787380478, -0.169175846159302, 0.0 ] ] ] } },
{ "type": "Feature", "properties": { "Name": null, "Type": "Murram", "Length_Km": 0.33735024053000001, "main__road": 0, "Type2": 0 }, "geometry": { "type": "MultiLineString", "coordinates": [ [ [ 36.059078121934469, -0.160014896422862, 0.0 ], [ 36.059558976737335, -0.160684058322283, 0.0 ], [ 36.060824521509403, -0.162504708506742, 0.0 ] ] ] } },
{ "type": "Feature", "properties": { "Name": null, "Type": "Murram", "Length_Km": 1.5535802514, "main__road": 0, "Type2": 0 }, "geometry": { "type": "MultiLineString", "coordinates": [ [ [ 36.031651318941918, -0.15536160545259, 0.0 ], [ 36.03192693863042, -0.15485078128736, 0.0 ], [ 36.032520755155097, -0.153536063753693, 0.0 ], [ 36.031333658078459, -0.152221102191142, 0.0 ], [ 36.029909106389226, -0.150906111321768, 0.0 ], [ 36.029315549937543, -0.150308396561259, 0.0 ], [ 36.027890809036435, -0.15042773149314, 0.0 ], [ 36.026940945627629, -0.150786183404839, 0.0 ], [ 36.026584828623506, -0.15030802882461, 0.0 ], [ 36.027059862868811, -0.149351879507279, 0.0 ], [ 36.027297411180513, -0.148634751157027, 0.0 ], [ 36.027297552004924, -0.147559010962789, 0.0 ], [ 36.027718743948661, -0.146136483477591, 0.0 ] ] ] } },
{ "type": "Feature", "properties": { "Name": null, "Type": "Murram", "Length_Km": 0.98379860314000001, "main__road": 0, "Type2": 0 }, "geometry": { "type": "MultiLineString", "coordinates": [ [ [ 36.040419751939019, -0.157507536441507, 0.0 ], [ 36.032520755155112, -0.153536063753731, 0.0 ] ] ] } },
{ "type": "Feature", "properties": { "Name": null, "Type": "Murram", "Length_Km": 3.3393387570400002, "main__road": 0, "Type2": 0 }, "geometry": { "type": "MultiLineString", "coordinates": [ [ [ 36.019692040796585, -0.193814510415662, 0.0 ], [ 36.019098573623701, -0.192858200350922, 0.0 ], [ 36.01767383827638, -0.192977478012223, 0.0 ], [ 36.015536604652667, -0.193933308751065, 0.0 ], [ 36.01328068998648, -0.194650064265926, 0.0 ], [ 36.011262292740227, -0.195008283716892, 0.0 ], [ 36.010193763999069, -0.195008095157204, 0.0 ], [ 36.008412885092767, -0.19500778074182, 0.0 ], [ 36.005682084451351, -0.195724444144589, 0.0 ], [ 36.002239005757829, -0.196082404720395, 0.0 ], [ 36.001645592694473, -0.194887060394327, 0.0 ], [ 36.000933537237124, -0.193213601316173, 0.0 ], [ 36.000221520829449, -0.191301096973476, 0.0 ], [ 35.996896792862387, -0.193930032913687, 0.0 ], [ 35.995115727183411, -0.195124950359144, 0.0 ] ] ] } },
{ "type": "Feature", "properties": { "Name": null, "Type": "Murram", "Length_Km": 1.01984189136, "main__road": 0, "Type2": 0 }, "geometry": { "type": "MultiLineString", "coordinates": [ [ [ 36.000221520829463, -0.191301096973457, 0.0 ], [ 36.00200256964316, -0.190225691000048, 0.0 ], [ 36.004970887149383, -0.189030960641332, 0.0 ], [ 36.008573401696616, -0.187583224378664, 0.0 ] ] ] } },
{ "type": "Feature", "properties": { "Name": null, "Type": "Murram", "Length_Km": 0.47979678916000001, "main__road": 0, "Type2": 0 }, "geometry": { "type": "MultiLineString", "coordinates": [ [ [ 36.06267617047326, -0.166329952135698, 0.0 ], [ 36.062201506815398, -0.164536925020769, 0.0 ], [ 36.061726721103014, -0.163580612355253, 0.0 ], [ 36.061226090730131, -0.16292107025606, 0.0 ], [ 36.060824521509403, -0.162504708506742, 0.0 ] ] ] } },
{ "type": "Feature", "properties": { "Name": null, "Type": "Murram", "Length_Km": 0.24983366862, "main__road": 0, "Type2": 0 }, "geometry": { "type": "MultiLineString", "coordinates": [ [ [ 36.060824520659175, -0.162510685022819, 0.0 ], [ 36.062083168571995, -0.161787707178736, 0.0 ], [ 36.061608336018224, -0.161148151362366, 0.0 ] ] ] } },
{ "type": "Feature", "properties": { "Name": null, "Type": "Murram", "Length_Km": 0.38364660063, "main__road": 0, "Type2": 0 }, "geometry": { "type": "MultiLineString", "coordinates": [ [ [ 36.011024862620815, -0.19488871692253, 0.0 ], [ 36.011025460267007, -0.191422494866742, 0.0 ] ] ] } },
{ "type": "Feature", "properties": { "Name": null, "Type": "Murram", "Length_Km": 1.04645337729, "main__road": 0, "Type2": 0 }, "geometry": { "type": "MultiLineString", "coordinates": [ [ [ 36.038346991936599, -0.161644166432929, 0.0 ], [ 36.043252340045534, -0.163816980067429, 0.0 ], [ 36.044915038161378, -0.160350893632618, 0.0 ], [ 36.044938813436652, -0.160141721971003, 0.0 ] ] ] } },
{ "type": "Feature", "properties": { "Name": null, "Type": "Murram", "Length_Km": 2.5772448691599998, "main__road": 0, "Type2": 0 }, "geometry": { "type": "MultiLineString", "coordinates": [ [ [ 36.00719045995276, -0.144578012495156, 0.0 ], [ 36.007635965952723, -0.144531859494945, 0.0 ], [ 36.009283422952606, -0.144397245494176, 0.0 ], [ 36.010187807952498, -0.144298543493788, 0.0 ], [ 36.011034573952415, -0.144208533493436, 0.0 ], [ 36.011288264952398, -0.144176473493385, 0.0 ], [ 36.011520169952419, -0.144118496493321, 0.0 ], [ 36.011535558952424, -0.144118446493324, 0.0 ], [ 36.011730889952439, -0.144040081493416, 0.0 ], [ 36.01193188995245, -0.1439772394934, 0.0 ], [ 36.012027171952461, -0.14396654049338, 0.0 ], [ 36.012174575952415, -0.143940288493339, 0.0 ], [ 36.01218508395241, -0.143940260493359, 0.0 ], [ 36.012274238952429, -0.143914255493363, 0.0 ], [ 36.012289942952457, -0.143903913493335, 0.0 ], [ 36.012352678952446, -0.143847131493466, 0.0 ], [ 36.01236834795251, -0.143831660493466, 0.0 ], [ 36.012384006952509, -0.143811044493527, 0.0 ], [ 36.012394446952491, -0.143800737493523, 0.0 ], [ 36.012451811952559, -0.14372864349364, 0.0 ], [ 36.01246744995256, -0.143713207493716, 0.0 ], [ 36.012483086952535, -0.143702922493695, 0.0 ], [ 36.012535448952583, -0.143656638493758, 0.0 ], [ 36.012545929952594, -0.143646362493831, 0.0 ], [ 36.012640081952576, -0.143605391493833, 0.0 ], [ 36.012666169952617, -0.143595179493832, 0.0 ], [ 36.012728659952614, -0.143574816493865, 0.0 ], [ 36.012749451952608, -0.143574868493869, 0.0 ], [ 36.012842775952564, -0.143564882493819, 0.0 ], [ 36.012873794952576, -0.143564967493757, 0.0 ], [ 36.012899610952573, -0.143565038493782, 0.0 ], [ 36.013007694952577, -0.143575515493674, 0.0 ], [ 36.013017960952524, -0.143575541493672, 0.0 ], [ 36.013105030952509, -0.143575760493569, 0.0 ], [ 36.013110141952531, -0.143575772493617, 0.0 ], [ 36.013217371952592, -0.143489909493703, 0.0 ], [ 36.013237735952551, -0.143484949493747, 0.0 ], [ 36.013379710952599, -0.143404925493861, 0.0 ], [ 36.013399916952586, -0.14338993249384, 0.0 ], [ 36.013420089952596, -0.143380005493836, 0.0 ], [ 36.013520720952641, -0.143305324493959, 0.0 ], [ 36.013535748952656, -0.143300454493962, 0.0 ], [ 36.013660600952662, -0.143236581494041, 0.0 ], [ 36.013680524952697, -0.143221777494073, 0.0 ], [ 36.013700429952685, -0.143206988494065, 0.0 ], [ 36.013720286952676, -0.143197235494102, 0.0 ], [ 36.013775057952721, -0.143127817494234, 0.0 ], [ 36.013785085952762, -0.14310288849428, 0.0 ], [ 36.013785118952747, -0.143097866494303, 0.0 ], [ 36.013810132952806, -0.143043089494407, 0.0 ], [ 36.013810235952803, -0.143028016494462, 0.0 ], [ 36.013820260952812, -0.143003094494492, 0.0 ], [ 36.013820295952783, -0.142998067494529, 0.0 ], [ 36.013845880952871, -0.142862791494853, 0.0 ], [ 36.013850950952921, -0.142842769494901, 0.0 ], [ 36.013856020952922, -0.142822746494905, 0.0 ], [ 36.013861016952909, -0.142812801494919, 0.0 ], [ 36.013876844953018, -0.142671937495254, 0.0 ], [ 36.013881963953018, -0.142646821495356, 0.0 ], [ 36.013891973953058, -0.142626913495382, 0.0 ], [ 36.013907460953114, -0.142536346495563, 0.0 ], [ 36.013912546953101, -0.142516266495647, 0.0 ], [ 36.013922476953148, -0.142506488495616, 0.0 ], [ 36.013982195953169, -0.142422594495779, 0.0 ], [ 36.013992145953168, -0.142407783495841, 0.0 ], [ 36.014046559953229, -0.142354239495908, 0.0 ], [ 36.014056439953237, -0.14234451649592, 0.0 ], [ 36.014130062953235, -0.14230710049597, 0.0 ], [ 36.014134985953241, -0.142302253496014, 0.0 ], [ 36.014203082953216, -0.142300086495929, 0.0 ], [ 36.0142273159532, -0.142301113495954, 0.0 ], [ 36.014236997953226, -0.142301524495933, 0.0 ], [ 36.014299853953233, -0.142299159495884, 0.0 ], [ 36.014314249953209, -0.142304799495848, 0.0 ], [ 36.014400535953172, -0.142318546495779, 0.0 ], [ 36.014414870953182, -0.142319185495775, 0.0 ], [ 36.014557072953188, -0.142284018495745, 0.0 ], [ 36.014562145953143, -0.142284149495731, 0.0 ], [ 36.01465315795317, -0.142281542495662, 0.0 ], [ 36.014778660953155, -0.142260078495657, 0.0 ], [ 36.014798658953133, -0.142255668495673, 0.0 ], [ 36.014933014953201, -0.142209978495659, 0.0 ], [ 36.014952863953148, -0.142205608495655, 0.0 ], [ 36.015091074953226, -0.142111406495829, 0.0 ], [ 36.015100943953215, -0.142101961495804, 0.0 ], [ 36.015125590953204, -0.14208811149586, 0.0 ], [ 36.015233681953248, -0.142013773495986, 0.0 ], [ 36.015238586953267, -0.142004219495968, 0.0 ], [ 36.015326465953294, -0.141943793496056, 0.0 ], [ 36.015341094953314, -0.141919998496098, 0.0 ], [ 36.015404345953314, -0.141854186496206, 0.0 ], [ 36.015423772953319, -0.141835460496236, 0.0 ], [ 36.01543833295333, -0.141821426496253, 0.0 ], [ 36.015539970953355, -0.141742759496402, 0.0 ], [ 36.015549631953412, -0.141733444496432, 0.0 ], [ 36.015660369953416, -0.141660346496501, 0.0 ], [ 36.015679588953439, -0.141641801496539, 0.0 ], [ 36.015693992953409, -0.141627901496566, 0.0 ], [ 36.015694016953454, -0.14161826149662, 0.0 ], [ 36.015789675953464, -0.141578750496647, 0.0 ], [ 36.015803997953441, -0.141569713496656, 0.0 ], [ 36.015823052953444, -0.141565712496631, 0.0 ], [ 36.015918101953488, -0.141531413496654, 0.0 ], [ 36.01594181495345, -0.141527459496688, 0.0 ], [ 36.015960826953446, -0.14151835249664, 0.0 ], [ 36.016051001953493, -0.14147755649668, 0.0 ], [ 36.016084141953456, -0.141468867496709, 0.0 ], [ 36.016103039953471, -0.141469392496667, 0.0 ], [ 36.016220903953446, -0.141472667496623, 0.0 ], [ 36.016230314953447, -0.141472928496578, 0.0 ], [ 36.016343002953427, -0.141480843496505, 0.0 ], [ 36.016375774953424, -0.141486532496441, 0.0 ], [ 36.016394502953403, -0.141487049496423, 0.0 ], [ 36.01642251295339, -0.141497377496407, 0.0 ], [ 36.016539004953366, -0.141529191496264, 0.0 ], [ 36.016543655953349, -0.141529332496241, 0.0 ], [ 36.016682492953308, -0.141566907496077, 0.0 ], [ 36.016700944953307, -0.141572219496037, 0.0 ], [ 36.016714811953314, -0.141572629496024, 0.0 ], [ 36.016760837953306, -0.141588269495969, 0.0 ], [ 36.016779233953265, -0.141593566495914, 0.0 ], [ 36.016838680953249, -0.141633311495809, 0.0 ], [ 36.016879718953234, -0.141662954495718, 0.0 ], [ 36.016897914953205, -0.14167769149563, 0.0 ], [ 36.016979460953117, -0.141755673495383, 0.0 ], [ 36.016997768953168, -0.141774800495353, 0.0 ], [ 36.017007031953121, -0.141788914495322, 0.0 ], [ 36.017044078953049, -0.141854690495113, 0.0 ], [ 36.017044086953064, -0.141878017495077, 0.0 ], [ 36.017057976953041, -0.141901511495007, 0.0 ], [ 36.017057979953009, -0.141910843494982, 0.0 ], [ 36.017095026952973, -0.142009251494702, 0.0 ], [ 36.017099657952926, -0.142023300494675, 0.0 ], [ 36.017108915952953, -0.142042066494604, 0.0 ], [ 36.017113543952945, -0.142051448494614, 0.0 ], [ 36.017136696952868, -0.142121687494403, 0.0 ], [ 36.017141114952857, -0.14214521249435, 0.0 ], [ 36.017145315952867, -0.142164203494303, 0.0 ], [ 36.01718505495279, -0.142244999494087, 0.0 ], [ 36.017198806952813, -0.142263817494037, 0.0 ], [ 36.017198767952749, -0.142268499494027, 0.0 ], [ 36.017231099952703, -0.142320020493863, 0.0 ], [ 36.017245061952728, -0.142329392493855, 0.0 ], [ 36.017309166952607, -0.142454995493461, 0.0 ], [ 36.017436662952441, -0.142690426492833, 0.0 ], [ 36.017549024952288, -0.142966297492074, 0.0 ], [ 36.017619615952142, -0.143157854491552, 0.0 ], [ 36.017684886952047, -0.143255770491279, 0.0 ], [ 36.017773225951991, -0.143311816491087, 0.0 ], [ 36.017866131951976, -0.143349259490935, 0.0 ], [ 36.018196009951865, -0.14344805949047, 0.0 ], [ 36.020055187951222, -0.143933559488056, 0.0 ], [ 36.022559941950384, -0.144641505484636, 0.0 ], [ 36.024761381949581, -0.145288402481606, 0.0 ], [ 36.024854396949543, -0.145328328481453, 0.0 ], [ 36.027718743948576, -0.146136483477591, 0.0 ] ] ] } },
{ "type": "Feature", "properties": { "Name": null, "Type": "Murram", "Length_Km": 1.3141491056700001, "main__road": 0, "Type2": 0 }, "geometry": { "type": "MultiLineString", "coordinates": [ [ [ 36.022562941950369, -0.144642549484669, 0.0 ], [ 36.022487636950167, -0.144985799483848, 0.0 ], [ 36.022194510949568, -0.145913213481842, 0.0 ], [ 36.021910641948949, -0.146932357479563, 0.0 ], [ 36.021576588948193, -0.148125848476873, 0.0 ], [ 36.021267846947538, -0.149231190474422, 0.0 ], [ 36.020986102946907, -0.150252581472134, 0.0 ], [ 36.020636934946054, -0.151594371469102, 0.0 ], [ 36.020528776946094, -0.151569091469234, 0.0 ], [ 36.020122240946208, -0.151465956469746, 0.0 ], [ 36.020089931946224, -0.151457223469827, 0.0 ], [ 36.020062190946234, -0.151448442469851, 0.0 ], [ 36.020043762946266, -0.151444050469873, 0.0 ], [ 36.020025481946277, -0.15143959746986, 0.0 ], [ 36.020007191946263, -0.151435142469945, 0.0 ], [ 36.019837539946323, -0.151385939470169, 0.0 ], [ 36.019773207946308, -0.151372509470223, 0.0 ], [ 36.019687668946354, -0.151323143470408, 0.0 ], [ 36.019674798946383, -0.151318666470422, 0.0 ], [ 36.019608520946456, -0.151214700470732, 0.0 ], [ 36.019604729946472, -0.151196556470763, 0.0 ], [ 36.019600511946464, -0.151192020470767, 0.0 ], [ 36.01958108494653, -0.151114754470977, 0.0 ], [ 36.019576855946539, -0.15111019847102, 0.0 ], [ 36.019524918946566, -0.151091911471049, 0.0 ], [ 36.019471238946558, -0.151128319471029, 0.0 ], [ 36.01946524694651, -0.1511829834709, 0.0 ], [ 36.019479685946415, -0.151287501470633, 0.0 ], [ 36.019471429946329, -0.151418901470324, 0.0 ], [ 36.019434614946306, -0.151482385470202, 0.0 ], [ 36.019345702946332, -0.151514487470156, 0.0 ], [ 36.019341204946322, -0.151514489470188, 0.0 ], [ 36.01925130994632, -0.151510004470239, 0.0 ], [ 36.019233661946345, -0.151496437470283, 0.0 ], [ 36.019215759946327, -0.151491916470301, 0.0 ], [ 36.019198092946382, -0.151478338470362, 0.0 ], [ 36.019167121946396, -0.151455689470415, 0.0 ], [ 36.019149426946413, -0.151442089470469, 0.0 ], [ 36.019059898946409, -0.151410315470624, 0.0 ], [ 36.019037517946408, -0.151401226470674, 0.0 ], [ 36.018994172946435, -0.15136962747076, 0.0 ], [ 36.018977118946502, -0.151351534470822, 0.0 ], [ 36.018972664946489, -0.151351548470786, 0.0 ], [ 36.01891740194656, -0.151283430470983, 0.0 ], [ 36.018904523946553, -0.151269765471056, 0.0 ], [ 36.018887152946554, -0.151256090471113, 0.0 ], [ 36.018874066946537, -0.151246965471108, 0.0 ], [ 36.018825921946593, -0.151214963471271, 0.0 ], [ 36.018803954946591, -0.15120121647129, 0.0 ], [ 36.018790625946636, -0.151196631471317, 0.0 ], [ 36.018697998946671, -0.151136792471511, 0.0 ], [ 36.018689575946688, -0.15111832647159, 0.0 ], [ 36.018676303946705, -0.151109074471568, 0.0 ], [ 36.018554977946785, -0.151034715471848, 0.0 ], [ 36.018541241946764, -0.151025397471895, 0.0 ], [ 36.018518351946803, -0.15101140747194, 0.0 ], [ 36.018490925946779, -0.151002039471968, 0.0 ], [ 36.0184863289468, -0.15099738147203, 0.0 ], [ 36.018362361946842, -0.150913296472274, 0.0 ], [ 36.01821051394694, -0.15083346747256, 0.0 ], [ 36.018187492946943, -0.15082867647261, 0.0 ], [ 36.017974946946993, -0.150780703472871, 0.0 ], [ 36.017956401947032, -0.150771233472897, 0.0 ], [ 36.017937858947015, -0.150766425472955, 0.0 ], [ 36.017705104947069, -0.15070841447323, 0.0 ], [ 36.017686405947124, -0.150703566473256, 0.0 ], [ 36.017667697947118, -0.150694025473282, 0.0 ], [ 36.017630280947131, -0.150684247473341, 0.0 ], [ 36.017611549947127, -0.150679352473354, 0.0 ], [ 36.017338279947246, -0.150596130473745, 0.0 ], [ 36.01730983294722, -0.150586325473789, 0.0 ], [ 36.017290857947245, -0.150581402473799, 0.0 ], [ 36.017281376947238, -0.150576587473821, 0.0 ], [ 36.017081289947356, -0.150455334474265, 0.0 ], [ 36.017066884947369, -0.150450300474267, 0.0 ], [ 36.017047658947369, -0.150440397474332, 0.0 ], [ 36.017018779947414, -0.150435086474364, 0.0 ], [ 36.016999500947406, -0.150425160474376, 0.0 ], [ 36.016834837947464, -0.150369269474646, 0.0 ] ] ] } },
{ "type": "Feature", "properties": { "Name": null, "Type": "Murram", "Length_Km": 3.09922568062, "main__road": 0, "Type2": 0 }, "geometry": { "type": "MultiLineString", "coordinates": [ [ [ 36.072610871961352, -0.116410726519488, 0.0 ], [ 36.07259477196142, -0.116298496519768, 0.0 ], [ 36.072597041961522, -0.116153736520092, 0.0 ], [ 36.072608441961634, -0.115986266520507, 0.0 ], [ 36.072633581961767, -0.115794576520976, 0.0 ], [ 36.072651691961823, -0.115688876521195, 0.0 ], [ 36.07267264196188, -0.115580246521449, 0.0 ], [ 36.072693091961973, -0.115466586521731, 0.0 ], [ 36.072713801962038, -0.115346146522033, 0.0 ], [ 36.072738271962116, -0.115220246522262, 0.0 ], [ 36.072765351962204, -0.115089826522604, 0.0 ], [ 36.072792841962276, -0.114955296522912, 0.0 ], [ 36.07281866196238, -0.114816576523173, 0.0 ], [ 36.072843471962457, -0.114673156523558, 0.0 ], [ 36.072868281962563, -0.114524796523877, 0.0 ], [ 36.072891331962651, -0.114373006524224, 0.0 ], [ 36.07291329196277, -0.114221126524588, 0.0 ], [ 36.072934581962848, -0.114071166524971, 0.0 ], [ 36.072955781962939, -0.113922646525302, 0.0 ], [ 36.072979671963047, -0.113774866525638, 0.0 ], [ 36.073007001963134, -0.113629866525928, 0.0 ], [ 36.073034821963212, -0.113492066526303, 0.0 ], [ 36.073061901963314, -0.113360466526553, 0.0 ], [ 36.073088391963395, -0.113229126526911, 0.0 ], [ 36.073114791963476, -0.11309350652716, 0.0 ], [ 36.073138681963563, -0.112955626527525, 0.0 ], [ 36.073159551963663, -0.112819246527803, 0.0 ], [ 36.073182771963737, -0.112686986528159, 0.0 ], [ 36.073208251963827, -0.112559666528463, 0.0 ], [ 36.073231551963886, -0.112440556528698, 0.0 ], [ 36.073248561963958, -0.112335196528989, 0.0 ], [ 36.073256861964026, -0.112240226529171, 0.0 ], [ 36.073258961964079, -0.112151546529407, 0.0 ], [ 36.073279071964187, -0.111984746529767, 0.0 ], [ 36.073324921964286, -0.111822136530144, 0.0 ], [ 36.073346881964362, -0.111732866530334, 0.0 ], [ 36.073366501964408, -0.111636646530562, 0.0 ], [ 36.073385941964482, -0.111533466530771, 0.0 ], [ 36.073406391964561, -0.111424336531036, 0.0 ], [ 36.073426851964619, -0.111312686531357, 0.0 ], [ 36.073446801964685, -0.111196846531606, 0.0 ], [ 36.073465571964761, -0.111076986531813, 0.0 ], [ 36.073483931964837, -0.110963666532119, 0.0 ], [ 36.073505051964901, -0.110864506532382, 0.0 ], [ 36.073525591964966, -0.110775656532529, 0.0 ], [ 36.073561041965043, -0.110619506532869, 0.0 ], [ 36.073595491965143, -0.110487486533163, 0.0 ], [ 36.073603291965227, -0.110353876533468, 0.0 ], [ 36.073605051965323, -0.11020342653387, 0.0 ], [ 36.07361075196544, -0.110029586534265, 0.0 ], [ 36.073608571965494, -0.109933696534567, 0.0 ], [ 36.073600271965567, -0.109831096534806, 0.0 ], [ 36.073587361965636, -0.109723726535072, 0.0 ], [ 36.073571521965718, -0.10961484653536, 0.0 ], [ 36.073554921965787, -0.109508066535615, 0.0 ], [ 36.07354193196587, -0.109403206535884, 0.0 ], [ 36.073535061965949, -0.109297256536142, 0.0 ], [ 36.073532121966004, -0.109185196536433, 0.0 ], [ 36.07353196196609, -0.10906273653674, 0.0 ], [ 36.073532541966188, -0.108931306537044, 0.0 ], [ 36.073534051966277, -0.108790406537376, 0.0 ], [ 36.073537661966355, -0.108643976537693, 0.0 ], [ 36.07354428196647, -0.108494276538033, 0.0 ], [ 36.073554171966556, -0.108344156538393, 0.0 ], [ 36.07356624196666, -0.108197136538763, 0.0 ], [ 36.073578391966763, -0.108055056539119, 0.0 ], [ 36.073587951966843, -0.107919776539405, 0.0 ], [ 36.073593481966931, -0.107790866539742, 0.0 ], [ 36.073594151967008, -0.107667566540059, 0.0 ], [ 36.073594821967092, -0.107551726540356, 0.0 ], [ 36.073600351967158, -0.107444606540588, 0.0 ], [ 36.07361049196723, -0.107340836540854, 0.0 ], [ 36.073618461967293, -0.107233966541049, 0.0 ], [ 36.073625331967378, -0.107119726541374, 0.0 ], [ 36.073632371967449, -0.106999526541589, 0.0 ], [ 36.073641091967538, -0.106875226541933, 0.0 ], [ 36.073650221967611, -0.106750336542242, 0.0 ], [ 36.073658941967693, -0.106627366542478, 0.0 ], [ 36.073665981967778, -0.106504576542782, 0.0 ], [ 36.073669421967857, -0.106382286543117, 0.0 ], [ 36.073672181967943, -0.106262166543381, 0.0 ], [ 36.073676291968006, -0.106151366543701, 0.0 ], [ 36.07367864196808, -0.10605806654386, 0.0 ], [ 36.073684841968131, -0.10596226654417, 0.0 ], [ 36.073686851968198, -0.105850786544422, 0.0 ], [ 36.073684671968273, -0.105747686544678, 0.0 ], [ 36.073686351968377, -0.105602266545026, 0.0 ], [ 36.073691551968487, -0.105423396545456, 0.0 ], [ 36.073692891968555, -0.10532993654563, 0.0 ], [ 36.073694151968617, -0.105237236545911, 0.0 ], [ 36.07369574196867, -0.105145026546132, 0.0 ], [ 36.073703031968797, -0.104969846546496, 0.0 ], [ 36.073717361968889, -0.104826346546923, 0.0 ], [ 36.07371988196897, -0.104678076547215, 0.0 ], [ 36.073727421969096, -0.104493836547712, 0.0 ], [ 36.073733371969162, -0.104390656547901, 0.0 ], [ 36.073738571969237, -0.10428437654816, 0.0 ], [ 36.073743601969298, -0.104176756548469, 0.0 ], [ 36.073748381969388, -0.104067206548712, 0.0 ], [ 36.073752481969464, -0.103954046548945, 0.0 ], [ 36.073757261969526, -0.103836196549213, 0.0 ], [ 36.073762791969614, -0.103715326549527, 0.0 ], [ 36.073768161969696, -0.103592786549814, 0.0 ], [ 36.073774361969768, -0.103468896550115, 0.0 ], [ 36.073782071969873, -0.103341836550477, 0.0 ], [ 36.073789031969945, -0.103210986550745, 0.0 ], [ 36.073796741970035, -0.103076966551055, 0.0 ], [ 36.073807221970121, -0.102940676551366, 0.0 ], [ 36.073819291970217, -0.1028017865517, 0.0 ], [ 36.073829931970309, -0.102659546552032, 0.0 ], [ 36.073838731970397, -0.102514706552446, 0.0 ], [ 36.07384594197049, -0.102367686552798, 0.0 ], [ 36.073848461970599, -0.102217906553143, 0.0 ], [ 36.073850641970701, -0.102064346553488, 0.0 ], [ 36.073856421970802, -0.101907266553837, 0.0 ], [ 36.073862961970903, -0.101747926554271, 0.0 ], [ 36.073869661971017, -0.101584986554668, 0.0 ], [ 36.07387654197111, -0.101417266555084, 0.0 ], [ 36.073884081971237, -0.101246526555447, 0.0 ], [ 36.073892131971348, -0.101075536555926, 0.0 ], [ 36.073900261971467, -0.100909736556278, 0.0 ], [ 36.073908051971557, -0.100754836556587, 0.0 ], [ 36.073912831971668, -0.100609836556954, 0.0 ], [ 36.073917861971758, -0.100470276557388, 0.0 ], [ 36.073927081971839, -0.100335156557615, 0.0 ], [ 36.07393923197192, -0.10020909655798, 0.0 ], [ 36.073948961971986, -0.100090996558267, 0.0 ], [ 36.073956831972069, -0.099974986558542, 0.0 ], [ 36.073962871972149, -0.099858056558765, 0.0 ], [ 36.073967561972225, -0.099737696559116, 0.0 ], [ 36.073971841972302, -0.099613146559344, 0.0 ], [ 36.073976281972392, -0.09948422655965, 0.0 ], [ 36.073981641972487, -0.09935204656005, 0.0 ], [ 36.07398693197257, -0.099220026560373, 0.0 ], [ 36.073989781972656, -0.099093126560612, 0.0 ], [ 36.073993131972728, -0.098972426560898, 0.0 ], [ 36.074001261972803, -0.098856176561209, 0.0 ], [ 36.074012071972888, -0.098745696561429, 0.0 ], [ 36.074021121972947, -0.098642436561644, 0.0 ], [ 36.074024481973019, -0.098545626561927, 0.0 ], [ 36.074021791973074, -0.098456526562131, 0.0 ], [ 36.074016181973178, -0.098302636562493, 0.0 ], [ 36.074029251973286, -0.098146396562912, 0.0 ], [ 36.07404619197338, -0.097972806563284, 0.0 ], [ 36.074050121973457, -0.097878586563541, 0.0 ], [ 36.074052561973524, -0.097781026563813, 0.0 ], [ 36.074055821973573, -0.097683966564047, 0.0 ], [ 36.074061021973662, -0.097587236564214, 0.0 ], [ 36.07406597197371, -0.097487326564449, 0.0 ], [ 36.074070331973772, -0.097382126564726, 0.0 ], [ 36.074075191973854, -0.097272076564984, 0.0 ], [ 36.074078371973933, -0.097159426565274, 0.0 ], [ 36.074079881974008, -0.097045596565543, 0.0 ], [ 36.074081471974097, -0.096929176565788, 0.0 ], [ 36.074085661974145, -0.096810736566149, 0.0 ], [ 36.074090271974242, -0.096691126566363, 0.0 ], [ 36.074094551974319, -0.096570596566727, 0.0 ], [ 36.074098991974395, -0.096450646566934, 0.0 ], [ 36.074100671974477, -0.096334226567301, 0.0 ], [ 36.074099161974566, -0.096221996567514, 0.0 ], [ 36.074102181974631, -0.096112106567768, 0.0 ], [ 36.074107121974698, -0.096001636568053, 0.0 ], [ 36.07411374197477, -0.095886796568338, 0.0 ], [ 36.074118941974838, -0.095765676568589, 0.0 ], [ 36.074124981974926, -0.095638696568941, 0.0 ], [ 36.074131091975026, -0.095506346569275, 0.0 ], [ 36.07413872197511, -0.095369296569563, 0.0 ], [ 36.074146101975209, -0.095228066569963, 0.0 ], [ 36.0741538919753, -0.09508356657028, 0.0 ], [ 36.074162951975389, -0.094937126570616, 0.0 ], [ 36.074171491975484, -0.094789856570967, 0.0 ], [ 36.07417887197559, -0.094644686571286, 0.0 ], [ 36.074185321975669, -0.094509146571684, 0.0 ], [ 36.074191861975748, -0.094390796571919, 0.0 ], [ 36.074199071975826, -0.094290466572198, 0.0 ], [ 36.074211981975928, -0.09412886657258, 0.0 ], [ 36.074214661976022, -0.093977406572891, 0.0 ], [ 36.07420678197613, -0.093827696573344, 0.0 ], [ 36.074202091976225, -0.09367799657367, 0.0 ], [ 36.074208541976354, -0.093498796574119, 0.0 ], [ 36.074209051976403, -0.093405256574351, 0.0 ], [ 36.074208881976467, -0.093311036574523, 0.0 ], [ 36.07421156197654, -0.09321473657474, 0.0 ], [ 36.074213491976593, -0.093117166574973, 0.0 ], [ 36.074213661976671, -0.093018096575242, 0.0 ], [ 36.074213661976735, -0.092916676575446, 0.0 ], [ 36.074217431976805, -0.092813076575718, 0.0 ], [ 36.074222371976873, -0.092707876575995, 0.0 ], [ 36.07422782197694, -0.092600006576237, 0.0 ], [ 36.074232771977016, -0.092488776576571, 0.0 ], [ 36.074237881977076, -0.092376456576785, 0.0 ], [ 36.074243661977171, -0.092263556577034, 0.0 ], [ 36.074251461977241, -0.092147966577357, 0.0 ], [ 36.074260761977321, -0.092029696577619, 0.0 ], [ 36.074269651977396, -0.091910086577891, 0.0 ], [ 36.074275601977476, -0.091791066578231, 0.0 ], [ 36.074280541977537, -0.091675146578478, 0.0 ], [ 36.074283391977623, -0.091563666578765, 0.0 ], [ 36.074282971977688, -0.09145813657903, 0.0 ], [ 36.074281631977762, -0.091360486579249, 0.0 ], [ 36.07428113197782, -0.09126719657945, 0.0 ], [ 36.074289181977889, -0.091173826579672, 0.0 ], [ 36.074303841977937, -0.091077936579907, 0.0 ], [ 36.074318601978007, -0.090978356580152, 0.0 ], [ 36.074327401978074, -0.090874336580405, 0.0 ], [ 36.074330331978139, -0.090767636580676, 0.0 ], [ 36.074330581978224, -0.090659176580935, 0.0 ], [ 36.074332761978283, -0.090549876581204, 0.0 ], [ 36.074336951978374, -0.090439566581401, 0.0 ], [ 36.07434106197843, -0.09032917658168, 0.0 ], [ 36.074343831978503, -0.090219456581985, 0.0 ], [ 36.074344581978586, -0.090110496582228, 0.0 ], [ 36.074344501978651, -0.090001946582522, 0.0 ], [ 36.074347181978716, -0.089893736582789, 0.0 ], [ 36.074352961978789, -0.089787876582998, 0.0 ], [ 36.074358661978856, -0.089685366583294, 0.0 ], [ 36.074362101978927, -0.089587886583522, 0.0 ], [ 36.074361931979034, -0.08942468658392, 0.0 ], [ 36.074361431979128, -0.08929510658421, 0.0 ], [ 36.074373001979197, -0.089162666584493, 0.0 ], [ 36.074378531979306, -0.089014646584876, 0.0 ], [ 36.074389261979405, -0.088851196585245, 0.0 ], [ 36.074399061979513, -0.088678196585679, 0.0 ], [ 36.074410971979617, -0.088536456586044, 0.0 ] ] ] } },
{ "type": "Feature", "properties": { "Name": null, "Type": "Murram", "Length_Km": 0.0, "main__road": 0, "Type2": 0 }, "geometry": { "type": "MultiLineString", "coordinates": [ ] } },
{ "type": "Feature", "properties": { "Name": null, "Type": "Murram", "Length_Km": 0.0, "main__road": 0, "Type2": 0 }, "geometry": { "type": "MultiLineString", "coordinates": [ ] } },
{ "type": "Feature", "properties": { "Name": null, "Type": "Murram", "Length_Km": 0.0, "main__road": 0, "Type2": 0 }, "geometry": { "type": "MultiLineString", "coordinates": [ ] } },
{ "type": "Feature", "properties": { "Name": null, "Type": "Murram", "Length_Km": 1.0402839934300001, "main__road": 0, "Type2": 0 }, "geometry": { "type": "MultiLineString", "coordinates": [ [ [ 36.12440679076802, -0.187909115268419, 0.0 ], [ 36.124320171905765, -0.187931826311581, 0.0 ], [ 36.12421347190579, -0.187929656311679, 0.0 ], [ 36.12410735190582, -0.187925126311716, 0.0 ], [ 36.124010961905832, -0.187915986311789, 0.0 ], [ 36.123921691905856, -0.187899556311935, 0.0 ], [ 36.12380519190588, -0.187894196312018, 0.0 ], [ 36.123684321905905, -0.187888836312137, 0.0 ], [ 36.123569571905925, -0.187885476312172, 0.0 ], [ 36.123467651905948, -0.187884556312252, 0.0 ], [ 36.123353651905965, -0.187884136312392, 0.0 ], [ 36.123235471905978, -0.187876176312477, 0.0 ], [ 36.123135971906017, -0.187839046312627, 0.0 ], [ 36.12302978190607, -0.187793696312826, 0.0 ], [ 36.12288217190612, -0.187747596313025, 0.0 ], [ 36.122783771906157, -0.187710886313147, 0.0 ], [ 36.122696851906213, -0.187672246313265, 0.0 ], [ 36.122585951906252, -0.187629076313498, 0.0 ], [ 36.122470371906296, -0.18757978631368, 0.0 ], [ 36.122377331906343, -0.187532436313872, 0.0 ], [ 36.122281191906403, -0.187479546314035, 0.0 ], [ 36.122170131906458, -0.187416926314272, 0.0 ], [ 36.122059741906511, -0.187352306314536, 0.0 ], [ 36.121961081906555, -0.187292876314704, 0.0 ], [ 36.121875341906645, -0.187243256314891, 0.0 ], [ 36.121771991906677, -0.187184666315149, 0.0 ], [ 36.121667881906717, -0.187130686315281, 0.0 ], [ 36.121564281906771, -0.187072606315501, 0.0 ], [ 36.121458251906837, -0.187024156315664, 0.0 ], [ 36.12133923190688, -0.186961796315959, 0.0 ], [ 36.121225991906947, -0.186897926316121, 0.0 ], [ 36.121114931907016, -0.186833636316426, 0.0 ], [ 36.121018961907055, -0.18678199631654, 0.0 ], [ 36.120926591907107, -0.186735896316763, 0.0 ], [ 36.12084269190715, -0.186689546316922, 0.0 ], [ 36.120752331907198, -0.186634896317131, 0.0 ], [ 36.12065116190724, -0.1865852763173, 0.0 ], [ 36.120552921907297, -0.186544956317438, 0.0 ], [ 36.120465081907327, -0.18649894631762, 0.0 ], [ 36.12035318190739, -0.186445966317823, 0.0 ], [ 36.120273141907418, -0.186407586318016, 0.0 ], [ 36.120167271907469, -0.186368856318128, 0.0 ], [ 36.120074821907501, -0.186335496318328, 0.0 ], [ 36.119987481907536, -0.186296356318455, 0.0 ], [ 36.119906681907601, -0.186230976318658, 0.0 ], [ 36.119811291907645, -0.186184286318815, 0.0 ], [ 36.119699561907687, -0.186149336318998, 0.0 ], [ 36.119581461907742, -0.186111866319128, 0.0 ], [ 36.119490351907771, -0.186079766319286, 0.0 ], [ 36.119382141907799, -0.186047996319468, 0.0 ], [ 36.119264631907861, -0.186005086319613, 0.0 ], [ 36.1191399919079, -0.185961666319851, 0.0 ], [ 36.119056001907936, -0.185929726319984, 0.0 ], [ 36.118936981907972, -0.185895786320095, 0.0 ], [ 36.118816441907988, -0.185896876320197, 0.0 ], [ 36.11871477190801, -0.185886056320272, 0.0 ], [ 36.118603801908044, -0.185850606320477, 0.0 ], [ 36.118519051908102, -0.185805596320636, 0.0 ], [ 36.11839408190815, -0.185765526320795, 0.0 ], [ 36.118266841908174, -0.185744406320903, 0.0 ], [ 36.118166091908208, -0.185724626321085, 0.0 ], [ 36.118061741908257, -0.185691436321161, 0.0 ], [ 36.117964171908277, -0.185657236321317, 0.0 ], [ 36.117828891908331, -0.185620436321534, 0.0 ], [ 36.117693441908379, -0.185589256321702, 0.0 ], [ 36.117591351908388, -0.185576096321831, 0.0 ], [ 36.117492861908417, -0.185558496321884, 0.0 ], [ 36.117395131908467, -0.185532426322046, 0.0 ], [ 36.117313321908497, -0.185476606322207, 0.0 ], [ 36.117297221908593, -0.185358166322492, 0.0 ], [ 36.117295551908654, -0.185260186322791, 0.0 ], [ 36.11726722190874, -0.185149036323043, 0.0 ], [ 36.117233771908793, -0.185055326323303, 0.0 ], [ 36.117243161908874, -0.184948296323517, 0.0 ], [ 36.117290271908921, -0.184854496323744, 0.0 ], [ 36.117296471908986, -0.184748296324006, 0.0 ], [ 36.117290021909056, -0.184633386324258, 0.0 ], [ 36.117275931909127, -0.184534476324489, 0.0 ], [ 36.117280461909203, -0.184439596324744, 0.0 ], [ 36.117263951909266, -0.184345636324999, 0.0 ], [ 36.117169321909302, -0.184305146325118, 0.0 ], [ 36.117064631909329, -0.184296436325193, 0.0 ], [ 36.116970921909342, -0.18428922632535, 0.0 ], [ 36.116875701909365, -0.184282266325357, 0.0 ], [ 36.116775281909376, -0.184284276325462, 0.0 ], [ 36.11673153190938, -0.184295426325417, 0.0 ], [ 36.116756988242777, -0.184312825456942, 0.0 ] ] ] } },
{ "type": "Feature", "properties": { "Name": null, "Type": "Murram", "Length_Km": 4.6551563005399998, "main__road": 0, "Type2": 0 }, "geometry": { "type": "MultiLineString", "coordinates": [ [ [ 36.116958067048536, -0.147991006354462, 0.0 ], [ 36.116666321933572, -0.147942106413317, 0.0 ], [ 36.116555261933577, -0.147912186413514, 0.0 ], [ 36.11639944193363, -0.147874466413648, 0.0 ], [ 36.116224261933688, -0.147846046413842, 0.0 ], [ 36.116058881933718, -0.147820066414079, 0.0 ], [ 36.115891751933781, -0.147789136414237, 0.0 ], [ 36.115710781933828, -0.147746386414486, 0.0 ], [ 36.115611621933844, -0.147731296414535, 0.0 ], [ 36.115512471933883, -0.147703386414733, 0.0 ], [ 36.115410881933926, -0.147671536414817, 0.0 ], [ 36.115305681933954, -0.147644546414983, 0.0 ], [ 36.115200991933982, -0.147626356415105, 0.0 ], [ 36.115101001934001, -0.14761462641522, 0.0 ], [ 36.115006281934036, -0.147601386415322, 0.0 ], [ 36.11491282193407, -0.147582436415419, 0.0 ], [ 36.114821381934092, -0.147569446415499, 0.0 ], [ 36.114669331934131, -0.147532066415703, 0.0 ], [ 36.114522651934188, -0.147493006415908, 0.0 ], [ 36.11435493193423, -0.147456546416064, 0.0 ], [ 36.114187541934285, -0.147421506416309, 0.0 ], [ 36.114019981934341, -0.147366106416518, 0.0 ], [ 36.113924601934372, -0.147342376416646, 0.0 ], [ 36.113824431934397, -0.147322346416714, 0.0 ], [ 36.113721671934435, -0.147299386416852, 0.0 ], [ 36.113616731934464, -0.147275576417023, 0.0 ], [ 36.113508941934498, -0.147253026417127, 0.0 ], [ 36.113398301934531, -0.147228806417251, 0.0 ], [ 36.113279361934559, -0.14720357641743, 0.0 ], [ 36.113159671934611, -0.147177256417578, 0.0 ], [ 36.113043741934639, -0.147149936417671, 0.0 ], [ 36.112931761934689, -0.147119756417878, 0.0 ], [ 36.112825901934713, -0.147096206417981, 0.0 ], [ 36.112724391934726, -0.147077766418134, 0.0 ], [ 36.112628091934759, -0.147056556418197, 0.0 ], [ 36.112536641934803, -0.147032586418325, 0.0 ], [ 36.112448041934826, -0.147009706418409, 0.0 ], [ 36.112358441934866, -0.146986986418548, 0.0 ], [ 36.112267161934902, -0.146964106418706, 0.0 ], [ 36.112176891934908, -0.146943906418753, 0.0 ], [ 36.112014191934954, -0.146923786418987, 0.0 ], [ 36.111858631935, -0.146899066419083, 0.0 ], [ 36.111692161935046, -0.146859166419349, 0.0 ], [ 36.111603571935063, -0.146838456419427, 0.0 ], [ 36.111510021935089, -0.146815996419499, 0.0 ], [ 36.11141196193514, -0.146792026419648, 0.0 ], [ 36.11130953193517, -0.146766376419842, 0.0 ], [ 36.111205761935203, -0.14674047641995, 0.0 ], [ 36.111106431935234, -0.146720696420073, 0.0 ], [ 36.110950531935273, -0.146681556420239, 0.0 ], [ 36.110802261935341, -0.146621706420512, 0.0 ], [ 36.110632521935401, -0.146576946420751, 0.0 ], [ 36.110540571935424, -0.146562776420841, 0.0 ], [ 36.110447371935443, -0.146557336420867, 0.0 ], [ 36.110353321935477, -0.14655163642096, 0.0 ], [ 36.110255421935484, -0.146539976421077, 0.0 ], [ 36.110156851935514, -0.146521796421199, 0.0 ], [ 36.110059281935541, -0.146501596421306, 0.0 ], [ 36.109963391935558, -0.146489106421342, 0.0 ], [ 36.109868181935575, -0.146478286421436, 0.0 ], [ 36.109773801935603, -0.146466306421547, 0.0 ], [ 36.109678071935626, -0.146451556421641, 0.0 ], [ 36.109581681935666, -0.146435626421741, 0.0 ], [ 36.109481771935691, -0.14642053642189, 0.0 ], [ 36.10937783193571, -0.146409136421951, 0.0 ], [ 36.109270461935729, -0.14640033642206, 0.0 ], [ 36.109159651935755, -0.146396646422155, 0.0 ], [ 36.109044571935762, -0.146399836422261, 0.0 ], [ 36.108931251935772, -0.146410226422294, 0.0 ], [ 36.108818091935767, -0.146419196422288, 0.0 ], [ 36.108702841935802, -0.146420536422393, 0.0 ], [ 36.108585071935821, -0.146413996422486, 0.0 ], [ 36.108464291935839, -0.14640377642259, 0.0 ], [ 36.108339321935865, -0.146397826422703, 0.0 ], [ 36.108213341935894, -0.146394886422761, 0.0 ], [ 36.10808183193592, -0.146387176422867, 0.0 ], [ 36.107948051935949, -0.146378466422988, 0.0 ], [ 36.10781528193597, -0.146373186423144, 0.0 ], [ 36.107684861935979, -0.146364546423252, 0.0 ], [ 36.107557961936024, -0.146346946423386, 0.0 ], [ 36.107439181936059, -0.146326576423479, 0.0 ], [ 36.107328961936084, -0.146307546423609, 0.0 ], [ 36.107232991936115, -0.146289696423687, 0.0 ], [ 36.107087901936168, -0.146258096423889, 0.0 ], [ 36.10697164193617, -0.14623747642396, 0.0 ], [ 36.106865951936221, -0.1462239864241, 0.0 ], [ 36.106748351936226, -0.146218956424209, 0.0 ], [ 36.106639551936262, -0.146206796424303, 0.0 ], [ 36.106523291936277, -0.146197576424385, 0.0 ], [ 36.106400331936328, -0.146184006424535, 0.0 ], [ 36.106291451936336, -0.146167826424594, 0.0 ], [ 36.106177621936368, -0.146156346424758, 0.0 ], [ 36.1060463619364, -0.146145196424854, 0.0 ], [ 36.105893061936442, -0.146128936424988, 0.0 ], [ 36.105723071936474, -0.146097086425185, 0.0 ], [ 36.105540261936532, -0.146054166425401, 0.0 ], [ 36.105447731936565, -0.146029106425549, 0.0 ], [ 36.105356031936608, -0.146000186425686, 0.0 ], [ 36.105265591936643, -0.145968506425831, 0.0 ], [ 36.105174981936671, -0.145939336425913, 0.0 ], [ 36.1050837919367, -0.145916866426039, 0.0 ], [ 36.104990241936719, -0.145899186426167, 0.0 ], [ 36.104895191936755, -0.145877726426312, 0.0 ], [ 36.104801481936796, -0.145849896426389, 0.0 ], [ 36.104709031936814, -0.145817046426528, 0.0 ], [ 36.104618091936871, -0.145783266426653, 0.0 ], [ 36.104529831936901, -0.145754176426791, 0.0 ], [ 36.104381721936939, -0.145706396427062, 0.0 ], [ 36.104241491936989, -0.14567220642716, 0.0 ], [ 36.104097821937025, -0.145642366427392, 0.0 ], [ 36.103928931937077, -0.145612186427605, 0.0 ], [ 36.103834461937112, -0.145597776427618, 0.0 ], [ 36.103737741937131, -0.145585536427756, 0.0 ], [ 36.103640671937157, -0.145574556427867, 0.0 ], [ 36.103542691937186, -0.145558046428007, 0.0 ], [ 36.103444031937222, -0.145532136428119, 0.0 ], [ 36.103345971937237, -0.145507836428218, 0.0 ], [ 36.103248741937264, -0.14549014642832, 0.0 ], [ 36.103156371937274, -0.145471876428402, 0.0 ], [ 36.103068191937325, -0.145453186428565, 0.0 ], [ 36.102887391937365, -0.145426026428703, 0.0 ], [ 36.102791171937398, -0.14540976642879, 0.0 ], [ 36.102693851937417, -0.145394086428914, 0.0 ], [ 36.102591931937447, -0.145377246429039, 0.0 ], [ 36.102484141937481, -0.145362076429186, 0.0 ], [ 36.102372241937502, -0.145348326429308, 0.0 ], [ 36.102255231937527, -0.145331146429411, 0.0 ], [ 36.102132691937562, -0.145309686429505, 0.0 ], [ 36.102006371937591, -0.145284376429597, 0.0 ], [ 36.101873851937611, -0.145260486429833, 0.0 ], [ 36.10173446193766, -0.145241376429966, 0.0 ], [ 36.101591131937703, -0.145220586430072, 0.0 ], [ 36.101447301937746, -0.145201226430237, 0.0 ], [ 36.101306821937776, -0.145181186430334, 0.0 ], [ 36.101174051937804, -0.145159396430527, 0.0 ], [ 36.101052341937837, -0.145137936430659, 0.0 ], [ 36.10093835193787, -0.145111206430753, 0.0 ], [ 36.100825021937922, -0.145082706430955, 0.0 ], [ 36.100712871937958, -0.14505764643108, 0.0 ], [ 36.100601061937986, -0.1450335064312, 0.0 ], [ 36.100489081938015, -0.145008526431374, 0.0 ], [ 36.100372821938052, -0.144984556431513, 0.0 ], [ 36.100254381938093, -0.144962426431615, 0.0 ], [ 36.100138041938102, -0.144941886431783, 0.0 ], [ 36.100020781938149, -0.144925296431842, 0.0 ], [ 36.099897821938171, -0.144909196432, 0.0 ], [ 36.099769321938204, -0.144890926432101, 0.0 ], [ 36.099637391938231, -0.144870056432222, 0.0 ], [ 36.099504371938274, -0.144843566432384, 0.0 ], [ 36.099373281938327, -0.144811046432611, 0.0 ], [ 36.099243021938356, -0.144768966432737, 0.0 ], [ 36.099116961938414, -0.144718596432953, 0.0 ], [ 36.098999451938482, -0.144659246433207, 0.0 ], [ 36.098892071938529, -0.144597396433421, 0.0 ], [ 36.098801721938585, -0.144536286433609, 0.0 ], [ 36.098730221938645, -0.144480636433855, 0.0 ], [ 36.098601391938729, -0.144377956434132, 0.0 ], [ 36.09848362193884, -0.144251466434554, 0.0 ], [ 36.098423691938876, -0.144181566434731, 0.0 ], [ 36.098362921938943, -0.144107136434987, 0.0 ], [ 36.098302571939001, -0.144027336435212, 0.0 ], [ 36.09824449193907, -0.14394653643539, 0.0 ], [ 36.098195041939128, -0.143868086435654, 0.0 ], [ 36.098133851939266, -0.143697086436143, 0.0 ], [ 36.098118761939325, -0.143600866436364, 0.0 ], [ 36.098104091939391, -0.143499026436637, 0.0 ], [ 36.09808775193946, -0.143394086436913, 0.0 ], [ 36.098068891939548, -0.143286546437183, 0.0 ], [ 36.098042651939615, -0.143177996437384, 0.0 ], [ 36.098009461939689, -0.14307146643768, 0.0 ], [ 36.097967471939754, -0.142970966437984, 0.0 ], [ 36.097913991939841, -0.142878346438212, 0.0 ], [ 36.097848861939895, -0.142797376438448, 0.0 ], [ 36.097777281939962, -0.142732246438732, 0.0 ], [ 36.097635381940044, -0.142631586439056, 0.0 ], [ 36.09751426194012, -0.142533436439357, 0.0 ], [ 36.097396321940217, -0.142406196439691, 0.0 ], [ 36.097329771940288, -0.142333106439975, 0.0 ], [ 36.097255261940333, -0.142254986440176, 0.0 ], [ 36.097173951940405, -0.142170996440468, 0.0 ], [ 36.097085021940487, -0.142083236440728, 0.0 ], [ 36.096991391940549, -0.141993046440997, 0.0 ], [ 36.096891651940645, -0.14189657644129, 0.0 ], [ 36.096786621940723, -0.14179967644164, 0.0 ], [ 36.096681261940809, -0.141705136441891, 0.0 ], [ 36.096577331940878, -0.141612926442219, 0.0 ], [ 36.096475741940957, -0.141523246442515, 0.0 ], [ 36.096378261941048, -0.141436496442741, 0.0 ], [ 36.096288491941102, -0.141348566443041, 0.0 ], [ 36.096203161941176, -0.141262736443349, 0.0 ], [ 36.096121181941236, -0.141182856443579, 0.0 ], [ 36.096044741941299, -0.141110436443761, 0.0 ], [ 36.095974751941348, -0.141045896444003, 0.0 ], [ 36.095858241941436, -0.140928796444381, 0.0 ], [ 36.095750451941534, -0.140820256444659, 0.0 ], [ 36.09563084194162, -0.140708776445031, 0.0 ], [ 36.095493631941721, -0.140596036445405, 0.0 ], [ 36.095424981941768, -0.140530236445607, 0.0 ], [ 36.095354321941841, -0.140460256445878, 0.0 ], [ 36.095278551941895, -0.140388586446068, 0.0 ], [ 36.09519909194195, -0.140313066446272, 0.0 ], [ 36.095115861942013, -0.140234276446524, 0.0 ], [ 36.095028441942091, -0.140153556446806, 0.0 ], [ 36.094938581942159, -0.140070576447011, 0.0 ], [ 36.094847221942231, -0.139986256447347, 0.0 ], [ 36.09475577194231, -0.139901686447523, 0.0 ], [ 36.094666761942378, -0.139818366447883, 0.0 ], [ 36.094581091942437, -0.139735386448086, 0.0 ], [ 36.094495681942504, -0.139652736448349, 0.0 ], [ 36.09440608194258, -0.13957076644859, 0.0 ], [ 36.094313791942639, -0.139491886448872, 0.0 ], [ 36.094218661942698, -0.139419056449142, 0.0 ], [ 36.094130651942763, -0.139353756449368, 0.0 ], [ 36.094058821942816, -0.139295586449534, 0.0 ], [ 36.09393887194291, -0.1391838564499, 0.0 ], [ 36.093817421943008, -0.139062066450279, 0.0 ], [ 36.093750281943066, -0.138997946450411, 0.0 ], [ 36.093680291943102, -0.138929466450627, 0.0 ], [ 36.093608121943184, -0.138856876450919, 0.0 ], [ 36.093533941943228, -0.138779766451174, 0.0 ], [ 36.093456241943301, -0.1387003064514, 0.0 ], [ 36.093374851943352, -0.138619506451599, 0.0 ], [ 36.093291621943436, -0.138538696451883, 0.0 ], [ 36.0932110719435, -0.138460076452139, 0.0 ], [ 36.093134461943563, -0.138388496452386, 0.0 ], [ 36.093065231943612, -0.138326976452572, 0.0 ], [ 36.092949561943705, -0.138218766452911, 0.0 ], [ 36.092827181943797, -0.138107036453245, 0.0 ], [ 36.092757441943846, -0.13804257645344, 0.0 ], [ 36.092684271943909, -0.137972246453644, 0.0 ], [ 36.092603721943966, -0.137897986453915, 0.0 ], [ 36.092517391944028, -0.13781886645415, 0.0 ], [ 36.092426191944114, -0.137735296454352, 0.0 ], [ 36.092329461944182, -0.137647876454645, 0.0 ], [ 36.092228461944245, -0.137554996454932, 0.0 ], [ 36.092123771944344, -0.137456596455301, 0.0 ], [ 36.092016231944427, -0.137353496455605, 0.0 ], [ 36.091906601944501, -0.137248226455921, 0.0 ], [ 36.091800231944589, -0.137142446456226, 0.0 ], [ 36.091695041944668, -0.137039766456578, 0.0 ], [ 36.091590431944745, -0.136936666456949, 0.0 ], [ 36.091480041944848, -0.13683876645722, 0.0 ], [ 36.091372581944917, -0.13674019645755, 0.0 ], [ 36.091272341944993, -0.136644556457849, 0.0 ], [ 36.091183991945073, -0.136557466458079, 0.0 ], [ 36.091107051945137, -0.136482366458327, 0.0 ], [ 36.091034881945205, -0.136413636458513, 0.0 ], [ 36.09096715194525, -0.136346836458687, 0.0 ], [ 36.090845281945356, -0.136227976459059, 0.0 ], [ 36.090718631945442, -0.136112386459514, 0.0 ], [ 36.090595831945542, -0.135995126459822, 0.0 ], [ 36.090470941945647, -0.135875856460218, 0.0 ], [ 36.090345721945738, -0.135753566460592, 0.0 ], [ 36.090218061945833, -0.135624896461032, 0.0 ], [ 36.090148661945911, -0.135555166461178, 0.0 ], [ 36.090075321945967, -0.135483996461407, 0.0 ], [ 36.090000891946026, -0.135411496461676, 0.0 ], [ 36.089925781946079, -0.135337736461924, 0.0 ], [ 36.089851861946151, -0.135263726462118, 0.0 ], [ 36.089776591946205, -0.135188286462339, 0.0 ], [ 36.08970006194626, -0.135110756462628, 0.0 ], [ 36.089621771946334, -0.1350333064628, 0.0 ], [ 36.08954516194639, -0.134957536463081, 0.0 ], [ 36.089472241946446, -0.13488838646332, 0.0 ], [ 36.089408291946512, -0.134825186463513, 0.0 ], [ 36.089306861946596, -0.134716806463816, 0.0 ], [ 36.089225561946677, -0.134615806464076, 0.0 ], [ 36.089125401946745, -0.134516976464406, 0.0 ], [ 36.089034371946852, -0.134377756464837, 0.0 ], [ 36.088952481946976, -0.134244486465225, 0.0 ], [ 36.088887941947036, -0.134159156465437, 0.0 ], [ 36.08883999194709, -0.134083136465628, 0.0 ], [ 36.088792051947166, -0.133977936465919, 0.0 ], [ 36.088736561947272, -0.133844246466311, 0.0 ], [ 36.08865920194738, -0.133694376466696, 0.0 ], [ 36.088571861947472, -0.133567226467077, 0.0 ], [ 36.088513851947511, -0.133495646467315, 0.0 ], [ 36.08842936194759, -0.133420626467522, 0.0 ], [ 36.088321321947674, -0.1333189564679, 0.0 ], [ 36.088224681947757, -0.13322029646817, 0.0 ], [ 36.088115291947858, -0.133109826468522, 0.0 ], [ 36.087992161947945, -0.132986356468871, 0.0 ], [ 36.087864171948056, -0.132865156469255, 0.0 ], [ 36.08773232194816, -0.132746636469626, 0.0 ], [ 36.087666271948201, -0.132683266469847, 0.0 ], [ 36.087546831948302, -0.132557796470238, 0.0 ], [ 36.087460581948356, -0.132466096470525, 0.0 ], [ 36.087396131948445, -0.132379676470767, 0.0 ], [ 36.087328321948512, -0.13228764647103, 0.0 ], [ 36.087253631948585, -0.132194606471288, 0.0 ], [ 36.08717803194866, -0.13208488647162, 0.0 ], [ 36.087095641948764, -0.131972986471969, 0.0 ], [ 36.087003771948858, -0.131865696472254, 0.0 ], [ 36.08689866194895, -0.131752296472621, 0.0 ], [ 36.086781571949025, -0.131639476472984, 0.0 ], [ 36.086661871949104, -0.131540646473299, 0.0 ], [ 36.086560791949182, -0.131457246473602, 0.0 ], [ 36.086467501949251, -0.131393296473772, 0.0 ], [ 36.086363061949299, -0.131325406474021, 0.0 ], [ 36.086241351949369, -0.131246776474309, 0.0 ], [ 36.086101291949447, -0.131165726474566, 0.0 ], [ 36.085932141949513, -0.131103536474838, 0.0 ], [ 36.085837851949549, -0.131076796475017, 0.0 ], [ 36.085736931949576, -0.13105324647511, 0.0 ], [ 36.085630651949593, -0.131032036475233, 0.0 ], [ 36.085519591949641, -0.131016776475318, 0.0 ], [ 36.085407351949669, -0.131001526475486, 0.0 ], [ 36.085295871949697, -0.130989456475577, 0.0 ], [ 36.085184641949709, -0.130972356475661, 0.0 ], [ 36.085068971949745, -0.130956266475829, 0.0 ], [ 36.084950291949774, -0.130933966475881, 0.0 ], [ 36.084828831949821, -0.130908236476087, 0.0 ], [ 36.08470336194987, -0.130883426476247, 0.0 ], [ 36.084573861949885, -0.130859706476337, 0.0 ], [ 36.084441171949933, -0.13083229647651, 0.0 ], [ 36.084305131949961, -0.130803126476652, 0.0 ], [ 36.084165741950017, -0.130776056476818, 0.0 ], [ 36.084023841950057, -0.130748726477022, 0.0 ], [ 36.08388243195008, -0.130719896477197, 0.0 ], [ 36.083743041950136, -0.130692486477324, 0.0 ], [ 36.083606161950165, -0.130667256477499, 0.0 ], [ 36.083472731950209, -0.130643196477649, 0.0 ], [ 36.083343981950243, -0.130620146477734, 0.0 ], [ 36.083219761950275, -0.130597606477891, 0.0 ], [ 36.08309948195032, -0.130575136478036, 0.0 ], [ 36.082983641950342, -0.130553596478191, 0.0 ], [ 36.082872251950377, -0.130533566478316, 0.0 ], [ 36.08276504195041, -0.130514956478433, 0.0 ], [ 36.082662781950425, -0.130494926478559, 0.0 ], [ 36.082565051950461, -0.130472376478644, 0.0 ], [ 36.082469331950492, -0.130446136478784, 0.0 ], [ 36.082377631950543, -0.130417056478918, 0.0 ], [ 36.082226841950572, -0.130368696479162, 0.0 ], [ 36.082139251950629, -0.130340696479272, 0.0 ], [ 36.082040341950645, -0.130308756479448, 0.0 ], [ 36.081937501950691, -0.130273056479542, 0.0 ], [ 36.081823331950737, -0.13022913647977, 0.0 ], [ 36.081708001950801, -0.130170876479968, 0.0 ], [ 36.08161463341461, -0.130101866097758, 0.0 ] ] ] } },
{ "type": "Feature", "properties": { "Name": null, "Type": "Murram", "Length_Km": 2.5749607126799998, "main__road": 0, "Type2": 0 }, "geometry": { "type": "MultiLineString", "coordinates": [ [ [ 36.07737689438359, -0.147240196462533, 0.0 ], [ 36.077481171940093, -0.147259236441375, 0.0 ], [ 36.077614031940037, -0.147297876441253, 0.0 ], [ 36.077786361939978, -0.147350926440961, 0.0 ], [ 36.077887441939943, -0.147381776440817, 0.0 ], [ 36.0779965819399, -0.147416396440622, 0.0 ], [ 36.078111241939858, -0.147452856440522, 0.0 ], [ 36.078223891939814, -0.147487726440349, 0.0 ], [ 36.078336291939785, -0.147522176440183, 0.0 ], [ 36.078452551939748, -0.14755804643998, 0.0 ], [ 36.078568471939697, -0.147595096439833, 0.0 ], [ 36.078679031939672, -0.147632146439678, 0.0 ], [ 36.078782461939603, -0.14766709643953, 0.0 ], [ 36.078878941939585, -0.147699956439341, 0.0 ], [ 36.078972481939545, -0.147732136439287, 0.0 ], [ 36.079067031939516, -0.147762736439076, 0.0 ], [ 36.079165771939479, -0.147791736438936, 0.0 ], [ 36.079269791939424, -0.147823586438879, 0.0 ], [ 36.0793794219394, -0.147858706438658, 0.0 ], [ 36.079494671939358, -0.147894166438544, 0.0 ], [ 36.079615291939312, -0.147930786438318, 0.0 ], [ 36.079735491939267, -0.147969176438124, 0.0 ], [ 36.079848391939223, -0.148005056438033, 0.0 ], [ 36.079950731939192, -0.148037236437883, 0.0 ], [ 36.080035981939176, -0.148064226437708, 0.0 ], [ 36.080168831939119, -0.148105386437506, 0.0 ], [ 36.08030688193908, -0.148147376437363, 0.0 ], [ 36.080452221939012, -0.14819515643713, 0.0 ], [ 36.080614501938953, -0.148243766436934, 0.0 ], [ 36.080707371938907, -0.148270756436793, 0.0 ], [ 36.080807281938881, -0.148300266436602, 0.0 ], [ 36.080906021938858, -0.148329346436542, 0.0 ], [ 36.081005931938819, -0.148358096436399, 0.0 ], [ 36.08111423193877, -0.148390206436171, 0.0 ], [ 36.081228641938729, -0.148425996436016, 0.0 ], [ 36.081346151938696, -0.148463376435933, 0.0 ], [ 36.081469951938651, -0.148503276435709, 0.0 ], [ 36.081594421938604, -0.14854166643549, 0.0 ], [ 36.08171588193855, -0.148578796435323, 0.0 ], [ 36.081832471938519, -0.148615756435211, 0.0 ], [ 36.081945881938466, -0.14865188643501, 0.0 ], [ 36.08205845193843, -0.148687006434839, 0.0 ], [ 36.082169341938396, -0.14872078643474, 0.0 ], [ 36.082278891938358, -0.14875439643452, 0.0 ], [ 36.082386261938318, -0.148787166434365, 0.0 ], [ 36.082493381938278, -0.148820446434256, 0.0 ], [ 36.082599581938247, -0.148854396434128, 0.0 ], [ 36.082704361938191, -0.148886746433944, 0.0 ], [ 36.082811141938144, -0.148919686433774, 0.0 ], [ 36.08292237193811, -0.148954476433641, 0.0 ], [ 36.083036361938071, -0.148987076433498, 0.0 ], [ 36.083156561938047, -0.149023036433346, 0.0 ], [ 36.083279941937995, -0.149061926433143, 0.0 ], [ 36.083406171937945, -0.149102326432915, 0.0 ], [ 36.083538271937897, -0.149145576432735, 0.0 ], [ 36.083672381937845, -0.149190176432523, 0.0 ], [ 36.083803981937798, -0.149231826432339, 0.0 ], [ 36.083935831937751, -0.149270636432189, 0.0 ], [ 36.084068681937701, -0.149310536432028, 0.0 ], [ 36.084204051937661, -0.149353196431812, 0.0 ], [ 36.084334471937609, -0.149394436431574, 0.0 ], [ 36.084451141937549, -0.149432156431419, 0.0 ], [ 36.084561371937532, -0.149465766431321, 0.0 ], [ 36.084673101937504, -0.149496526431106, 0.0 ], [ 36.084789021937446, -0.149528636430938, 0.0 ], [ 36.084912571937409, -0.149564846430818, 0.0 ], [ 36.085042071937387, -0.149604406430594, 0.0 ], [ 36.085170231937319, -0.149644556430463, 0.0 ], [ 36.085302581937277, -0.149687136430243, 0.0 ], [ 36.085430491937231, -0.14972988643002, 0.0 ], [ 36.085557391937172, -0.149772296429911, 0.0 ], [ 36.085688731937118, -0.149812276429705, 0.0 ], [ 36.085823681937086, -0.149849076429539, 0.0 ], [ 36.085957791937027, -0.149886286429279, 0.0 ], [ 36.08608779193699, -0.149923926429144, 0.0 ], [ 36.086207991936945, -0.149960136429033, 0.0 ], [ 36.086322071936898, -0.149994836428851, 0.0 ], [ 36.086429691936871, -0.150028276428625, 0.0 ], [ 36.086531451936814, -0.150058706428553, 0.0 ], [ 36.086625241936787, -0.15008812642841, 0.0 ], [ 36.08671887193676, -0.150117796428222, 0.0 ], [ 36.086820541936724, -0.150149736428101, 0.0 ], [ 36.086925151936676, -0.150180996427948, 0.0 ], [ 36.087031431936651, -0.150213186427855, 0.0 ], [ 36.087138301936605, -0.15024595642764, 0.0 ], [ 36.087239551936577, -0.150277056427551, 0.0 ], [ 36.087326981936528, -0.150304046427425, 0.0 ], [ 36.087473491936507, -0.150347046427156, 0.0 ], [ 36.087604921936446, -0.150380066427023, 0.0 ], [ 36.087736601936399, -0.150415356426882, 0.0 ], [ 36.087815141936353, -0.150459446426728, 0.0 ], [ 36.087867191936276, -0.150561786426421, 0.0 ], [ 36.087912871936204, -0.15066789642609, 0.0 ], [ 36.088025021936204, -0.150659186426052, 0.0 ], [ 36.08811496193622, -0.150604866426118, 0.0 ], [ 36.088235661936253, -0.150534126426191, 0.0 ], [ 36.088385441936289, -0.150448126426316, 0.0 ], [ 36.088466501936303, -0.150398426426415, 0.0 ], [ 36.08855082193633, -0.150346286426441, 0.0 ], [ 36.088636061936342, -0.150294736426495, 0.0 ], [ 36.088720471936369, -0.150243946426569, 0.0 ], [ 36.088806131936387, -0.150191136426708, 0.0 ], [ 36.088892881936424, -0.150134896426711, 0.0 ], [ 36.088980051936439, -0.15007529642684, 0.0 ], [ 36.089069241936464, -0.15001260642692, 0.0 ], [ 36.089159761936493, -0.149945636427048, 0.0 ], [ 36.089249451936531, -0.149874556427139, 0.0 ], [ 36.089339221936555, -0.149804566427215, 0.0 ], [ 36.0894325919366, -0.149736166427355, 0.0 ], [ 36.08952194193661, -0.149670366427414, 0.0 ], [ 36.089610121936644, -0.149608346427582, 0.0 ], [ 36.089697461936652, -0.149553946427637, 0.0 ], [ 36.089785641936686, -0.149511956427633, 0.0 ], [ 36.089876251936694, -0.149482196427655, 0.0 ], [ 36.089971971936677, -0.149465186427639, 0.0 ], [ 36.090073981936676, -0.14945956642762, 0.0 ], [ 36.090175571936655, -0.149464346427501, 0.0 ], [ 36.090277321936632, -0.149472556427398, 0.0 ], [ 36.090377321936622, -0.149483956427295, 0.0 ], [ 36.090476061936585, -0.149496446427228, 0.0 ], [ 36.090572451936573, -0.149506166427118, 0.0 ], [ 36.090741601936536, -0.149520586426995, 0.0 ], [ 36.090900261936497, -0.149541536426835, 0.0 ], [ 36.091074191936457, -0.149567356426688, 0.0 ], [ 36.091168151936436, -0.149578336426543, 0.0 ], [ 36.091267221936413, -0.14958914642652, 0.0 ], [ 36.09136387193638, -0.149598456426409, 0.0 ], [ 36.09146453193636, -0.149607006426356, 0.0 ], [ 36.09156528193634, -0.149617226426192, 0.0 ], [ 36.09167023193632, -0.149627956426065, 0.0 ], [ 36.091781451936285, -0.149639696426036, 0.0 ], [ 36.091889831936271, -0.149650756425914, 0.0 ], [ 36.091993351936239, -0.149659476425851, 0.0 ], [ 36.092099131936223, -0.149669196425731, 0.0 ], [ 36.092202981936211, -0.149672296425653, 0.0 ], [ 36.092305241936195, -0.149670706425572, 0.0 ], [ 36.092402721936189, -0.149663166425548, 0.0 ], [ 36.092506071936171, -0.149656036425465, 0.0 ], [ 36.092608501936148, -0.149648996425396, 0.0 ], [ 36.092703631936153, -0.149642626425384, 0.0 ], [ 36.092858281936138, -0.149630476425259, 0.0 ], [ 36.092971431936114, -0.149625356425196, 0.0 ], [ 36.093056931936069, -0.149692326425025, 0.0 ], [ 36.093079731935973, -0.149790486424789, 0.0 ], [ 36.093112581935898, -0.149916376424485, 0.0 ], [ 36.093167491935795, -0.150072706424021, 0.0 ], [ 36.09322658193566, -0.150246376423534, 0.0 ], [ 36.093259941935614, -0.150334976423284, 0.0 ], [ 36.093292291935526, -0.150425246423055, 0.0 ], [ 36.093325651935473, -0.150518286422861, 0.0 ], [ 36.093358171935385, -0.150608976422601, 0.0 ], [ 36.093388431935338, -0.150696986422326, 0.0 ], [ 36.093440741935218, -0.150861856421941, 0.0 ], [ 36.093492371935092, -0.151031426421461, 0.0 ], [ 36.09351902193503, -0.15112219642124, 0.0 ], [ 36.093546101934962, -0.151217506420996, 0.0 ], [ 36.093573171934899, -0.151315986420721, 0.0 ], [ 36.093601251934828, -0.151417326420434, 0.0 ], [ 36.093631931934759, -0.151521096420173, 0.0 ], [ 36.093664361934678, -0.151628296419956, 0.0 ], [ 36.093698061934603, -0.151740026419647, 0.0 ], [ 36.093732591934511, -0.151856706419295, 0.0 ], [ 36.093765871934423, -0.151976906418987, 0.0 ], [ 36.093800151934353, -0.152103046418662, 0.0 ], [ 36.093836031934238, -0.15223254641833, 0.0 ], [ 36.093872241934164, -0.152364736417987, 0.0 ], [ 36.093909121934054, -0.152498256417676, 0.0 ], [ 36.093946501933978, -0.152631776417305, 0.0 ], [ 36.093984641933865, -0.152765976416941, 0.0 ], [ 36.094022271933788, -0.15290134641658, 0.0 ], [ 36.094059741933684, -0.153035706416204, 0.0 ], [ 36.094098461933577, -0.153166626415879, 0.0 ], [ 36.09413752193349, -0.153299066415597, 0.0 ], [ 36.094176001933384, -0.15343426641518, 0.0 ], [ 36.094212121933303, -0.153572486414815, 0.0 ], [ 36.094247331933204, -0.153712966414467, 0.0 ], [ 36.094282701933096, -0.153854536414098, 0.0 ], [ 36.094316901933006, -0.153994426413715, 0.0 ], [ 36.094352181932898, -0.154138096413393, 0.0 ], [ 36.094389231932794, -0.15428284641298, 0.0 ], [ 36.094425441932692, -0.154428696412588, 0.0 ], [ 36.094463331932602, -0.154576296412281, 0.0 ], [ 36.094503641932484, -0.154722056411863, 0.0 ], [ 36.094545971932376, -0.154868236411437, 0.0 ], [ 36.094585961932296, -0.155016176411129, 0.0 ], [ 36.094626191932178, -0.155158926410739, 0.0 ], [ 36.094665161932085, -0.155293036410374, 0.0 ], [ 36.094700951931998, -0.155417586410071, 0.0 ], [ 36.094735151931907, -0.155532586409744, 0.0 ], [ 36.094766001931845, -0.155633426409451, 0.0 ], [ 36.094815541931737, -0.155782876409081, 0.0 ], [ 36.094864321931666, -0.155865686408841, 0.0 ], [ 36.094900003864474, -0.155867656854146, 0.0 ] ] ] } },
{ "type": "Feature", "properties": { "Name": null, "Type": "Murram", "Length_Km": 0.58941193467999997, "main__road": 0, "Type2": 0 }, "geometry": { "type": "MultiLineString", "coordinates": [ [ [ 36.073300361980003, -0.088192546587604, 0.0 ], [ 36.073316621980084, -0.088077636587886, 0.0 ], [ 36.073334231980169, -0.087960456588166, 0.0 ], [ 36.073351491980247, -0.087843856588426, 0.0 ], [ 36.073368421980327, -0.08772458658876, 0.0 ], [ 36.073386781980389, -0.087598936589009, 0.0 ], [ 36.073405391980479, -0.087468686589281, 0.0 ], [ 36.073423491980577, -0.087339606589615, 0.0 ], [ 36.073440761980649, -0.087215136589914, 0.0 ], [ 36.073457441980722, -0.087094436590186, 0.0 ], [ 36.073473951980809, -0.086974996590478, 0.0 ], [ 36.073491221980873, -0.086855386590753, 0.0 ], [ 36.073508231980952, -0.086736866591034, 0.0 ], [ 36.073524331981027, -0.086622446591285, 0.0 ], [ 36.073537991981098, -0.086511726591508, 0.0 ], [ 36.073549561981153, -0.086403266591816, 0.0 ], [ 36.073562471981248, -0.086297566592028, 0.0 ], [ 36.073573951981309, -0.086195726592249, 0.0 ], [ 36.073578141981365, -0.086095396592552, 0.0 ], [ 36.073579981981432, -0.085996576592723, 0.0 ], [ 36.073578061981507, -0.085895486593053, 0.0 ], [ 36.073578061981564, -0.085793566593226, 0.0 ], [ 36.073579231981633, -0.085691306593542, 0.0 ], [ 36.073579981981716, -0.08558895659375, 0.0 ], [ 36.073579401981775, -0.085487456593999, 0.0 ], [ 36.073574451981848, -0.085389556594241, 0.0 ], [ 36.073564481981919, -0.085294926594488, 0.0 ], [ 36.073552161981958, -0.085203556594691, 0.0 ], [ 36.073521651982091, -0.085026036595201, 0.0 ], [ 36.0734851819822, -0.084855876595618, 0.0 ], [ 36.073452501982331, -0.084695366596004, 0.0 ], [ 36.073426851982433, -0.084556146596385, 0.0 ], [ 36.073425761982477, -0.084457066596651, 0.0 ], [ 36.073484931982549, -0.084343746596874, 0.0 ], [ 36.073589621982563, -0.084293206596897, 0.0 ], [ 36.073730271982534, -0.084308536596745, 0.0 ], [ 36.073831521982498, -0.084326646596668, 0.0 ], [ 36.073948121982475, -0.084340226596518, 0.0 ], [ 36.074073341982462, -0.084346426596487, 0.0 ], [ 36.07416663198245, -0.084357996596384, 0.0 ], [ 36.074290101982406, -0.084376186596258, 0.0 ], [ 36.074385651982396, -0.084363776596176, 0.0 ], [ 36.074485061982436, -0.08429839659628, 0.0 ], [ 36.074559071982478, -0.084203596596492, 0.0 ], [ 36.074606101982539, -0.08407627659678, 0.0 ], [ 36.074631161982644, -0.083950046597028, 0.0 ] ] ] } },
{ "type": "Feature", "properties": { "Name": null, "Type": "Murram", "Length_Km": 3.9482389637700002, "main__road": 0, "Type2": 0 }, "geometry": { "type": "MultiLineString", "coordinates": [ [ [ 36.068153742645954, -0.142634556501054, 1816.085900000005495 ], [ 36.06815844172062, -0.142636956031223, 1815.995899999994435 ], [ 36.068167743163286, -0.14264195522869, 1815.895900000003166 ], [ 36.068179642607625, -0.142649055499193, 1815.775800000003073 ], [ 36.068191842206488, -0.142656355872641, 1815.655799999993178 ], [ 36.068203441479007, -0.142663055877503, 1815.395699999993667 ], [ 36.068217542049084, -0.142670754763912, 1815.215599999995902 ], [ 36.068234640841638, -0.142680754877487, 1815.135599999994156 ], [ 36.068253540583541, -0.142689356014239, 1815.235499999995227 ], [ 36.0682745413799, -0.142695855975675, 1815.115399999995134 ], [ 36.068297143028772, -0.142701255468603, 1815.225399999995716 ], [ 36.068321642342198, -0.142707155291444, 1815.505300000004354 ], [ 36.068349243252321, -0.142713655423343, 1815.78519999999844 ], [ 36.068382540425723, -0.142721056010211, 1816.045100000003004 ], [ 36.068416241135317, -0.14273075609704, 1816.264999999999418 ], [ 36.068448841268406, -0.142741356613333, 1816.404899999994086 ], [ 36.068484643068238, -0.142748955648467, 1816.694799999997485 ], [ 36.068521942308067, -0.142754855484092, 1817.004700000004959 ], [ 36.068557440587462, -0.1427633565437, 1817.044599999993807 ], [ 36.068593042264517, -0.14277465574874, 1817.174499999993714 ], [ 36.068628740660515, -0.14278835619833, 1817.324399999997695 ], [ 36.068662541406759, -0.142802957090191, 1817.424299999998766 ], [ 36.068697442710921, -0.142816555769665, 1817.454100000002654 ], [ 36.068733541303061, -0.142829255670151, 1817.524000000004889 ], [ 36.068769940059589, -0.142841955604707, 1817.673899999994319 ], [ 36.068805141514581, -0.142855055681416, 1817.673800000004121 ], [ 36.068838742151634, -0.142867855624892, 1817.723700000002282 ], [ 36.068870541859106, -0.142880655559843, 1817.75350000000617 ], [ 36.068899740233597, -0.142893555567596, 1817.833400000003166 ], [ 36.068926140499713, -0.142905156569132, 1817.903300000005402 ], [ 36.068948341932668, -0.142914656472043, 1817.933199999999488 ], [ 36.068964240124444, -0.142921356613169, 1817.993199999997159 ], [ 36.068995442771481, -0.142924556308196, 1817.323099999994156 ], [ 36.068995542821746, -0.142923755891928, 1817.313099999999395 ], [ 36.068999641589798, -0.142924156068103, 1817.243100000006962 ], [ 36.069009840151132, -0.142927656126425, 1817.063099999999395 ], [ 36.069030740895982, -0.142932855418352, 1816.942999999999302 ], [ 36.069057341249056, -0.142938755096302, 1816.88300000000163 ], [ 36.069084241766525, -0.142945955477954, 1816.902900000000955 ], [ 36.06911273977925, -0.142955255294879, 1816.97280000000319 ], [ 36.069143442255175, -0.142966055867331, 1817.002699999997276 ], [ 36.069175642176106, -0.1429769565168, 1817.092600000003586 ], [ 36.069207641995227, -0.142987156810055, 1817.192500000004657 ], [ 36.06923724058808, -0.142996856879884, 1817.372399999992922 ], [ 36.069265241706709, -0.143005956691817, 1817.672300000005635 ], [ 36.06929204220355, -0.143014055975963, 1817.942200000004959 ], [ 36.069317241871353, -0.14302125644704, 1818.172099999996135 ], [ 36.069343542097066, -0.143029955993341, 1818.331999999994878 ], [ 36.069371840030229, -0.143039956251761, 1818.591899999999441 ], [ 36.069400041219787, -0.143051657291987, 1818.631800000002841 ], [ 36.069428842725749, -0.143063956999211, 1818.731700000003912 ], [ 36.069456940533641, -0.143076857007037, 1818.811600000000908 ], [ 36.069484441394756, -0.143088556490533, 1819.111499999999069 ], [ 36.06951154207573, -0.143099857524988, 1819.621400000003632 ], [ 36.06953794237026, -0.143109957851986, 1819.921300000001793 ], [ 36.069565840055425, -0.1431185572445, 1819.841199999995297 ], [ 36.069597339617012, -0.143125857711658, 1819.941200000001118 ], [ 36.06963224093105, -0.143133456670098, 1820.05109999999695 ], [ 36.069669840297003, -0.143141457489227, 1820.130999999993946 ], [ 36.069709540782881, -0.143149456773012, 1820.520900000003166 ], [ 36.069748841031867, -0.143159456980264, 1820.660699999993085 ], [ 36.069787641018365, -0.143171556584486, 1820.760599999994156 ], [ 36.069824540027497, -0.143185757274596, 1820.87050000000454 ], [ 36.069861442381566, -0.143200856794738, 1821.060400000002119 ], [ 36.069897941213071, -0.143214657376843, 1821.400200000003679 ], [ 36.069934940273683, -0.143226656933811, 1821.510099999999511 ], [ 36.069971442403208, -0.143237257407488, 1821.55000000000291 ], [ 36.070007641069054, -0.1432468574556, 1821.799899999998161 ], [ 36.070041541859389, -0.143256157259758, 1821.83980000000156 ], [ 36.070075142471765, -0.143266257394989, 1821.689700000002631 ], [ 36.070110340615173, -0.143276957984071, 1821.87960000000021 ], [ 36.070144941769755, -0.14328885747258, 1821.949500000002445 ], [ 36.070177742007097, -0.143300258405152, 1822.099400000006426 ], [ 36.070208141008308, -0.143311357515674, 1822.249200000005658 ], [ 36.070240040808045, -0.143320457353165, 1822.60920000000624 ], [ 36.070275342324408, -0.143328158017854, 1822.689100000003236 ], [ 36.0703129416842, -0.143333357373628, 1822.718999999997322 ], [ 36.070353939463843, -0.143338358306685, 1822.778900000004796 ], [ 36.070397141719091, -0.14334595726934, 1822.89879999999539 ], [ 36.070440440683399, -0.143355657287996, 1822.958700000002864 ], [ 36.070483539559504, -0.143364858767831, 1823.138500000000931 ], [ 36.070525641242021, -0.143374558790728, 1823.208400000003166 ], [ 36.070565541816102, -0.143386158209883, 1823.478300000002491 ], [ 36.070601840547056, -0.143400058852006, 1823.838199999998324 ], [ 36.070634140534295, -0.143414357968674, 1824.0481 ], [ 36.070664739636051, -0.143428458615782, 1824.177899999995134 ], [ 36.070698340308901, -0.143441959043322, 1824.517800000001444 ], [ 36.070735739559503, -0.143455059111501, 1824.497700000007171 ], [ 36.070775139843931, -0.143466358265355, 1824.507599999997183 ], [ 36.070814540125916, -0.143477358923723, 1824.497499999997672 ], [ 36.070852439642699, -0.143488958249141, 1824.547300000005635 ], [ 36.070887841227865, -0.143501958368068, 1824.767200000002049 ], [ 36.070923039383601, -0.143517358085387, 1825.057100000005448 ], [ 36.070956740085748, -0.143533658210775, 1825.216899999999441 ], [ 36.070989440295058, -0.143548659410904, 1825.556800000005751 ], [ 36.071022840852578, -0.143562758437335, 1825.79670000000624 ], [ 36.071055941260525, -0.143577459457388, 1826.076600000000326 ], [ 36.071087941094454, -0.143590559627808, 1826.296400000006543 ], [ 36.071120641281532, -0.143602058948623, 1826.456300000005285 ], [ 36.07115364161205, -0.143614158540101, 1826.526199999992969 ], [ 36.071185841540355, -0.143625859627181, 1826.67609999999695 ], [ 36.0712177413265, -0.14363616003585, 1826.926000000006752 ], [ 36.071251241928081, -0.143645459899639, 1827.105899999995017 ], [ 36.071285839772344, -0.143653559183759, 1827.375799999994342 ], [ 36.071321241382194, -0.143661560147802, 1827.795700000002398 ], [ 36.071355238939624, -0.1436695594571, 1828.245599999994738 ], [ 36.071386741857275, -0.143679159513784, 1828.515499999994063 ], [ 36.07141684069655, -0.143689159699747, 1828.605400000000373 ], [ 36.071448340253205, -0.143698259409405, 1828.665299999993294 ], [ 36.071481440656186, -0.143707560966281, 1828.905199999993783 ], [ 36.071516642122312, -0.143717361049245, 1828.9951 ], [ 36.071554541653875, -0.143727759807778, 1829.164999999993597 ], [ 36.071591540717002, -0.143738460371269, 1829.294899999993504 ], [ 36.071623540546, -0.143750059752162, 1829.474799999996321 ], [ 36.071650341026796, -0.14376295978549, 1829.614700000005541 ], [ 36.071673139452272, -0.143776760299418, 1829.794599999993807 ], [ 36.071687840364724, -0.143794160961557, 1829.884500000000116 ], [ 36.071691142085427, -0.143815760485933, 1830.05439999999362 ], [ 36.071686839881799, -0.143836060974218, 1830.1443 ], [ 36.071677841939803, -0.143855861247596, 1830.334199999997509 ], [ 36.071667740078908, -0.143882560012438, 1830.384000000005472 ], [ 36.071658141805649, -0.1439194606785, 1830.393899999995483 ], [ 36.071647239519109, -0.143964160329313, 1830.333599999998114 ], [ 36.071633639191802, -0.144009860546361, 1830.393400000000838 ], [ 36.071617841070086, -0.144054460209634, 1830.483200000002398 ], [ 36.071601939570449, -0.144099360057251, 1830.642999999996391 ], [ 36.071586741763973, -0.144142960894335, 1830.782800000000861 ], [ 36.071572341030773, -0.144183760276514, 1830.892600000006496 ], [ 36.071558040351533, -0.144221361354271, 1831.022400000001653 ], [ 36.071544239937268, -0.144257960274969, 1831.212299999999232 ], [ 36.071532340478115, -0.144296560144778, 1831.212100000004284 ], [ 36.071521341491184, -0.144336760868421, 1831.28190000000177 ], [ 36.07150944203206, -0.144376361253297, 1831.281700000006822 ], [ 36.071498439706382, -0.144412559904053, 1831.321500000005472 ], [ 36.071489041533653, -0.14444346080646, 1831.31140000000596 ], [ 36.071481741116187, -0.144465760644498, 1831.371299999998882 ], [ 36.071476341666191, -0.144481960637545, 1831.341199999995297 ], [ 36.071472039468716, -0.144495060773953, 1831.481100000004517 ], [ 36.071467940695705, -0.144509161378562, 1831.511100000003353 ], [ 36.071463341676292, -0.144527060643509, 1831.630999999993946 ], [ 36.071457141827857, -0.144549360490074, 1831.710900000005495 ], [ 36.071449741355167, -0.144573261139391, 1831.740799999999581 ], [ 36.071440840120971, -0.14459926124105, 1831.860700000004726 ], [ 36.07143024134006, -0.144630460664493, 1831.930500000002212 ], [ 36.071419242354388, -0.144664459866808, 1832.010299999994459 ], [ 36.071408840352539, -0.144697460255655, 1832.170199999993201 ], [ 36.071399142047532, -0.144730060442803, 1832.339999999996508 ], [ 36.071388840083635, -0.144762560527277, 1832.389899999994668 ], [ 36.071377741040244, -0.144794960551737, 1832.419699999998556 ], [ 36.071366141734401, -0.144827260507671, 1832.409599999999045 ], [ 36.071355042699665, -0.14485956051043, 1832.509399999995367 ], [ 36.071344540611747, -0.144893561295016, 1832.389299999995274 ], [ 36.071333841745997, -0.144928160687052, 1832.189100000003236 ], [ 36.071322242409266, -0.144964260826011, 1831.928899999998976 ], [ 36.071309542522037, -0.145001760073906, 1831.798800000004121 ], [ 36.071296042225214, -0.145039260997844, 1831.68859999999404 ], [ 36.071282942143071, -0.145076159975053, 1831.648400000005495 ], [ 36.07127054242887, -0.145112760490851, 1831.6682 ], [ 36.071259039833301, -0.145149060818069, 1831.608099999997648 ], [ 36.071248040836487, -0.145186760220065, 1831.597899999993388 ], [ 36.071236541582152, -0.145228760169181, 1831.587700000003679 ], [ 36.07122384169616, -0.145275259054007, 1831.467499999998836 ], [ 36.071209841149233, -0.145322760151204, 1831.417199999996228 ], [ 36.071195340346009, -0.145368360274117, 1831.376999999993131 ], [ 36.071181039650718, -0.145411659229488, 1831.376799999998184 ], [ 36.071167839541751, -0.145453259045028, 1831.536600000006729 ], [ 36.071154839537044, -0.14549466042935, 1831.706399999995483 ], [ 36.071141742812188, -0.145537159032378, 1831.8462 ], [ 36.07112844263446, -0.145581360127369, 1831.865999999994528 ], [ 36.07111454219212, -0.145626460171706, 1832.245800000004238 ], [ 36.071099441124304, -0.145671660241979, 1832.565600000001723 ], [ 36.071085140453739, -0.145715159385568, 1832.765400000003865 ], [ 36.071073140967798, -0.145757959836206, 1832.965200000006007 ], [ 36.071061641727049, -0.145800860295701, 1833.065000000002328 ], [ 36.071049542174791, -0.145843660695174, 1833.144799999994575 ], [ 36.071037142470459, -0.14588526048517, 1833.244600000005448 ], [ 36.071025940043, -0.145922659758215, 1833.294399999998859 ], [ 36.071017442364727, -0.145953760870164, 1833.534199999994598 ], [ 36.071008841290023, -0.145979360782837, 1833.694099999993341 ], [ 36.070999042927319, -0.145997960408371, 1833.813999999998487 ], [ 36.070989241225874, -0.146009159544926, 1833.903999999994994 ], [ 36.070981840756872, -0.146015459480165, 1833.964000000007218 ], [ 36.0709748404877, -0.146020160237549, 1833.974000000001979 ], [ 36.07096234071706, -0.146024460776129, 1833.953999999997905 ], [ 36.070943040776527, -0.146026660224698, 1833.914000000004307 ], [ 36.070916840608504, -0.146021460834797, 1833.804000000003725 ], [ 36.070887342077015, -0.146013359955586, 1833.704100000002654 ], [ 36.070857243231579, -0.146003659902834, 1833.564199999993434 ], [ 36.070827741352694, -0.145993759721454, 1833.364300000001094 ], [ 36.070801341068069, -0.145985960613176, 1833.14440000000468 ], [ 36.070789735269983, -0.14598316015148, 1833.00449999999546 ], [ 36.07073454332761, -0.145976160500477, 1832.984599999996135 ], [ 36.070713042237905, -0.145969060106471, 1832.814599999997881 ], [ 36.070687942620367, -0.145960458910086, 1832.574699999997392 ], [ 36.070659041014721, -0.145950560272702, 1832.084799999996903 ], [ 36.070628041669899, -0.145939759529841, 1831.654899999994086 ], [ 36.070594440998256, -0.145929158932625, 1831.32499999999709 ], [ 36.070558442407005, -0.14591695911494, 1830.845100000005914 ], [ 36.07052074294014, -0.145903558679258, 1830.365300000004936 ], [ 36.070481842849013, -0.145888459014252, 1829.835399999996298 ], [ 36.070441742143529, -0.145873157591515, 1829.335500000001048 ], [ 36.070401241236944, -0.145857857853298, 1828.875700000004144 ], [ 36.070359839866796, -0.145842658166636, 1828.415800000002491 ], [ 36.070316040596801, -0.145827358432701, 1827.966000000000349 ], [ 36.070269043018591, -0.145811658509828, 1827.556100000001607 ], [ 36.070219740928074, -0.145795556738973, 1827.206300000005285 ], [ 36.070169541705376, -0.145778857981386, 1826.826499999995576 ], [ 36.070118542078035, -0.145762257633335, 1826.506599999993341 ], [ 36.070067642517003, -0.145746157593902, 1826.306800000005751 ], [ 36.070017940226641, -0.145730457717915, 1826.006899999993038 ], [ 36.069970142241331, -0.14571415750306, 1825.637100000007194 ], [ 36.069922941223787, -0.145697256957889, 1825.217300000003888 ], [ 36.069873142203413, -0.145680656571467, 1824.807400000005146 ], [ 36.069824840645254, -0.14566325585829, 1824.59759999999369 ], [ 36.069777142722558, -0.145647355887739, 1824.317699999999604 ], [ 36.069729241356839, -0.145632156260747, 1823.997900000002119 ], [ 36.069680142701941, -0.145616856560927, 1823.627999999996973 ], [ 36.069630140266952, -0.145601655309011, 1823.408200000005309 ], [ 36.06958034126756, -0.145586655819046, 1823.168399999995017 ], [ 36.06953044220554, -0.145570455672784, 1822.838499999998021 ], [ 36.069478642159964, -0.145552056043895, 1822.468699999997625 ], [ 36.069423640483464, -0.145531655444605, 1822.238899999996647 ], [ 36.069364640081766, -0.145511254845335, 1822.009099999995669 ], [ 36.069299143009673, -0.145490055527157, 1821.839300000006915 ], [ 36.069224241098439, -0.145467055290444, 1821.689499999993131 ], [ 36.069144243237893, -0.145443354718858, 1821.599799999996321 ], [ 36.069065042456856, -0.145420256132256, 1821.529999999998836 ], [ 36.06898894327125, -0.14539695577089, 1821.450200000006589 ], [ 36.068916542661242, -0.145373355272054, 1821.410499999998137 ], [ 36.068847243652911, -0.145351755820309, 1821.410699999993085 ], [ 36.068781243006754, -0.14533185556803, 1821.39089999999851 ], [ 36.068718440672512, -0.145311755208512, 1821.361099999994622 ], [ 36.068658042893439, -0.145292455205595, 1821.201300000000629 ], [ 36.068598642298042, -0.145274555936465, 1821.071500000005472 ], [ 36.068539241707626, -0.145256955171445, 1820.981700000003912 ], [ 36.068480741585681, -0.145240154835457, 1820.931800000005751 ], [ 36.068424642706077, -0.145224655190273, 1820.932000000000698 ], [ 36.068371642091826, -0.145209955969902, 1820.962199999994482 ], [ 36.068321643017825, -0.145195955425489, 1820.95230000000447 ], [ 36.068274442058353, -0.145182155009632, 1821.002500000002328 ], [ 36.068232944027343, -0.145170055443732, 1820.992599999997765 ], [ 36.068200243856317, -0.145161155849827, 1820.962700000003679 ], [ 36.068175941366405, -0.145155754808696, 1821.132700000001932 ], [ 36.06816174405273, -0.145153955532196, 1821.092799999998533 ], [ 36.068150741720856, -0.145152554806891, 1821.082800000003772 ], [ 36.06813334276513, -0.145151255809202, 1821.092799999998533 ], [ 36.068112642115885, -0.145149454907768, 1821.152900000000955 ], [ 36.068091144411852, -0.145146054926521, 1821.392900000006193 ], [ 36.0680694432574, -0.145140755591624, 1821.532999999995809 ], [ 36.068049442962511, -0.145133655274293, 1821.54309999999532 ], [ 36.068026841303784, -0.145123955200198, 1821.353099999992992 ], [ 36.067996642396928, -0.145109656079254, 1821.133300000001327 ], [ 36.067958942972069, -0.145090356084831, 1820.993400000006659 ], [ 36.067914243282956, -0.145067455925122, 1820.903600000005099 ], [ 36.067862343216746, -0.145042654774122, 1820.783800000004703 ], [ 36.067804343341209, -0.145018155436564, 1820.644000000000233 ], [ 36.067743842178047, -0.14499695613117, 1820.504199999995762 ], [ 36.067684641686924, -0.14497815473527, 1820.384399999995367 ], [ 36.067626441696049, -0.144959855213337, 1820.144599999999627 ], [ 36.067567841512712, -0.144939854862686, 1820.01480000000447 ], [ 36.067506043013765, -0.144917755089496, 1819.865000000005239 ], [ 36.067439942292637, -0.144895355136226, 1819.655199999993783 ], [ 36.067373544774277, -0.144873955774687, 1819.625400000004447 ], [ 36.067309044895779, -0.144853455196356, 1819.565700000006473 ], [ 36.067245141955446, -0.144832055698473, 1819.2158999999956 ], [ 36.067178844468835, -0.144807454620672, 1819.026100000002771 ], [ 36.067107944635175, -0.144780854257034, 1819.016300000002957 ], [ 36.067034843664622, -0.144755454498643, 1818.976599999994505 ], [ 36.066962743193109, -0.144732654356425, 1818.806800000005751 ], [ 36.066890942829183, -0.144711855082377, 1818.256999999997788 ], [ 36.066819342622587, -0.14468895491422, 1818.147299999996903 ], [ 36.066747942507945, -0.14466665501674, 1817.947499999994761 ], [ 36.066678243275028, -0.144645454039571, 1817.79769999999553 ], [ 36.066608544045863, -0.144624755000202, 1817.677899999995134 ], [ 36.066535343022579, -0.144602155012123, 1817.628100000001723 ], [ 36.066457242796965, -0.144577253792618, 1817.468399999997928 ], [ 36.066375644107382, -0.144551055251432, 1817.338699999992969 ], [ 36.066287845548352, -0.144523254180347, 1817.118900000001304 ], [ 36.066197542376486, -0.144493954038301, 1816.979200000001583 ], [ 36.066109143556574, -0.14446405538688, 1817.149499999999534 ], [ 36.066023642902707, -0.144436254507475, 1817.379799999995157 ], [ 36.065941343905656, -0.144409454172968, 1817.680099999997765 ], [ 36.065862243204506, -0.144382755497865, 1817.840299999996205 ], [ 36.065786644259141, -0.144357355662752, 1817.620599999994738 ], [ 36.065713843432022, -0.144333855177068, 1817.490799999999581 ], [ 36.065642643441358, -0.14431345466305, 1817.460999999995693 ], [ 36.065572944199822, -0.144294454789136, 1817.241200000004028 ], [ 36.065505245966179, -0.144275855044492, 1816.841400000004796 ], [ 36.065440045696256, -0.144257155286693, 1816.531600000002072 ], [ 36.065376146102111, -0.144238053676673, 1816.271800000002258 ], [ 36.065311646202623, -0.144216754281377, 1816.042000000001281 ], [ 36.065244745074395, -0.144192254931138, 1815.872300000002724 ], [ 36.065175846244891, -0.144169454767619, 1815.652499999996508 ], [ 36.065104246011167, -0.14414915417726, 1815.322700000004261 ], [ 36.065029844331548, -0.144128653471111, 1814.962899999998626 ], [ 36.064955646102312, -0.144108254526626, 1814.703099999998813 ], [ 36.064883845786561, -0.144086353184679, 1814.543399999995017 ], [ 36.064814843582866, -0.144063753166777, 1814.423599999994622 ], [ 36.064749246462974, -0.144043354273379, 1814.283800000004703 ], [ 36.06468904545185, -0.144025653426976, 1814.123999999996158 ], [ 36.064637345489878, -0.144010153734934, 1814.014100000000326 ], [ 36.064596344362826, -0.143996953538605, 1813.854300000006333 ], [ 36.064566745766271, -0.143987653662003, 1813.64440000000468 ], [ 36.064549543551351, -0.143983252973938, 1813.434399999998277 ], [ 36.06454254661476, -0.143980953452695, 1813.424400000003516 ], [ 36.064534345720112, -0.143978753965862, 1813.374500000005355 ], [ 36.064513344901542, -0.143973452878172, 1813.314499999993131 ], [ 36.06447784663942, -0.143961653513657, 1813.414600000003702 ], [ 36.064433243675438, -0.143945553550919, 1813.394799999994575 ], [ 36.064382544263111, -0.143923553965542, 1813.565000000002328 ], [ 36.064324744512831, -0.143900153603777, 1813.605200000005425 ], [ 36.064264346720144, -0.143878654088448, 1813.335399999996298 ], [ 36.064205446336636, -0.143858253374129, 1812.835600000005797 ], [ 36.064149043969906, -0.143837452675345, 1812.85580000000482 ], [ 36.064092845057338, -0.143817053905519, 1813.005999999993946 ], [ 36.064034544975414, -0.143799052734166, 1812.446200000005774 ], [ 36.063976745176973, -0.1437798527018, 1812.096399999994901 ], [ 36.063919645756364, -0.143761052935088, 1811.886499999993248 ], [ 36.063863646919636, -0.143741953073479, 1811.816699999995762 ], [ 36.063808645277739, -0.143723153417567, 1811.86689999999362 ], [ 36.063755744706334, -0.14370515246777, 1811.827099999994971 ], [ 36.063704645044766, -0.143686852971344, 1811.647200000006706 ], [ 36.063653645442109, -0.143667853139932, 1811.52740000000631 ], [ 36.06360144523002, -0.143648253029353, 1811.477599999998347 ], [ 36.063548344559337, -0.143629253244847, 1811.467799999998533 ], [ 36.063495744144916, -0.143610253456056, 1811.448000000003958 ], [ 36.063444044190369, -0.143592752759538, 1811.398100000005797 ], [ 36.063394045095357, -0.143579452503169, 1811.218299999993178 ], [ 36.063350646052385, -0.143572952371359, 1810.938399999999092 ], [ 36.063319046446708, -0.143569452219313, 1810.898499999995693 ], [ 36.063294046901675, -0.143565253361506, 1810.82850000000326 ], [ 36.063266145882714, -0.143556552254216, 1810.918600000004517 ], [ 36.063230547560451, -0.143541752982305, 1810.948699999993551 ], [ 36.063186444839175, -0.14352415219586, 1810.808900000003632 ], [ 36.063137646363494, -0.143507651963197, 1810.639100000000326 ], [ 36.063088744532116, -0.143492252403626, 1810.719200000006822 ], [ 36.063048247014926, -0.143479152318453, 1810.699299999992945 ], [ 36.063019445538572, -0.143467553073934, 1810.839399999997113 ], [ 36.06299944525481, -0.143459752434428, 1810.939499999993131 ], [ 36.062980745639386, -0.143454052872238, 1811.029599999994389 ], [ 36.062957847151303, -0.143449253620143, 1810.759600000004866 ], [ 36.062931446860482, -0.143441552874512, 1810.489700000005541 ], [ 36.062902645344622, -0.143428752875602, 1810.309800000002724 ], [ 36.062872246371825, -0.143412552903969, 1810.389999999999418 ], [ 36.062842847909138, -0.143397952071738, 1810.430099999997765 ], [ 36.06281514695246, -0.143386252613804, 1810.190199999997276 ], [ 36.06278684572623, -0.143375151933727, 1810.270300000003772 ], [ 36.06275294495687, -0.14336295237599, 1810.400399999998626 ], [ 36.062715745814245, -0.143352752150933, 1810.460500000001048 ], [ 36.062675144885802, -0.143345553351677, 1810.240600000004633 ], [ 36.062631645825903, -0.143337552566603, 1810.240699999994831 ], [ 36.06258414804077, -0.143326952109984, 1810.240799999999581 ], [ 36.062534345733489, -0.143311852662302, 1810.221000000005006 ], [ 36.062485647332778, -0.14329315304505, 1810.241200000004028 ], [ 36.062437445860702, -0.143273953191648, 1810.311300000001211 ], [ 36.062385145597126, -0.143254953390068, 1810.261499999993248 ], [ 36.062328346345843, -0.14323565341697, 1810.17170000000624 ], [ 36.062268145345847, -0.143215753143375, 1810.101899999994203 ], [ 36.062207847623199, -0.143195652745493, 1809.982099999993807 ], [ 36.062150047853159, -0.1431762527081, 1809.862299999993411 ], [ 36.062094545932723, -0.143157653082733, 1809.742499999993015 ], [ 36.062041945535604, -0.143138953508124, 1809.862699999997858 ], [ 36.061992646829559, -0.143119653594639, 1809.912800000005518 ], [ 36.061946246298177, -0.143100552172048, 1810.092999999993481 ], [ 36.061900045857477, -0.143084053713427, 1810.173200000004726 ], [ 36.061852648141155, -0.143067753715896, 1810.313299999994342 ], [ 36.061802148831823, -0.143050553267597, 1810.483500000002095 ], [ 36.061747347300333, -0.143032852536224, 1810.593699999997625 ], [ 36.061689947762254, -0.143014152948856, 1810.683799999998882 ], [ 36.061632648271981, -0.142994853039675, 1810.744000000006054 ], [ 36.061575949089494, -0.142975653177739, 1810.794200000003912 ], [ 36.061520046993913, -0.142956553401376, 1810.924400000003516 ], [ 36.061464648494592, -0.142937853843788, 1811.084600000001956 ], [ 36.061409746910371, -0.142919452747665, 1811.184800000002724 ], [ 36.061355048762948, -0.142901453520771, 1811.274900000003981 ], [ 36.061301748006514, -0.142883952900954, 1811.405100000003586 ], [ 36.061248847416614, -0.142868052968807, 1811.215299999996205 ], [ 36.061193849092462, -0.142853153594314, 1811.125400000004447 ], [ 36.061135448988693, -0.14283785391576, 1810.805600000006962 ], [ 36.061074847765369, -0.142820253099551, 1810.595799999995506 ], [ 36.061013846345908, -0.142802553933496, 1810.466000000000349 ], [ 36.060953548614613, -0.142785453383329, 1810.276199999992969 ], [ 36.060893947905107, -0.142768552923396, 1810.056299999996554 ], [ 36.060836448287127, -0.142751752549005, 1809.916500000006636 ], [ 36.060781746767638, -0.142736452917371, 1809.70669999999518 ], [ 36.06073044702282, -0.142722552420159, 1809.686799999995856 ], [ 36.060682248870982, -0.14270985252825, 1809.637000000002445 ], [ 36.060634647683251, -0.14269835322025, 1809.507100000002538 ], [ 36.060584648590741, -0.142687352489421, 1809.347200000003795 ], [ 36.06053044733617, -0.142675753121442, 1809.197400000004563 ], [ 36.060472147293801, -0.142662452839522, 1808.957500000004075 ], [ 36.060411349304985, -0.142646452855874, 1808.767699999996694 ], [ 36.060349847614411, -0.142627853179421, 1808.527900000000955 ], [ 36.060288349265029, -0.142607452597204, 1808.338099999993574 ], [ 36.060226747525427, -0.142586851899189, 1808.118300000001909 ], [ 36.060165749433601, -0.142567751986463, 1807.928499999994528 ], [ 36.060106448878628, -0.142550352936518, 1807.708700000002864 ], [ 36.060051547264763, -0.142532251892634, 1807.568899999998393 ], [ 36.05999914694965, -0.142513051988058, 1807.519000000000233 ], [ 36.059945049122405, -0.142491852818992, 1807.699200000002747 ], [ 36.059886849162389, -0.142472152682482, 1807.709400000007008 ], [ 36.059825447573921, -0.14245295287169, 1807.87960000000021 ], [ 36.059762248388481, -0.142432852580299, 1808.009799999999814 ], [ 36.05969754842053, -0.142411353201333, 1808.059999999997672 ], [ 36.059630150392039, -0.142388252981324, 1808.070300000006682 ], [ 36.059558550202738, -0.142364052203265, 1808.100500000000466 ], [ 36.059483348162921, -0.142338752538998, 1808.160699999993085 ], [ 36.059406848802162, -0.142312452406591, 1808.331000000005588 ], [ 36.059327948194145, -0.142285353491341, 1808.411300000007031 ], [ 36.059248450626924, -0.142257952805167, 1808.611499999999069 ], [ 36.059171947955797, -0.142231952912513, 1808.981799999994109 ], [ 36.059098950407645, -0.142208852794764, 1809.232000000003609 ], [ 36.059029251211783, -0.142187653612898, 1809.382199999992736 ], [ 36.058962049958666, -0.142167153089986, 1809.452399999994668 ], [ 36.058896349474423, -0.142147352914773, 1809.492599999997765 ], [ 36.058831749554308, -0.142127952937039, 1809.512799999996787 ], [ 36.058767349722359, -0.14210955342326, 1809.413000000000466 ], [ 36.058703049914783, -0.14209165407319, 1809.09320000000298 ], [ 36.058638249849658, -0.142073352849598, 1808.773400000005495 ], [ 36.058574550356035, -0.142054853207609, 1808.493600000001607 ], [ 36.058515549929666, -0.142036753707633, 1808.063800000003539 ], [ 36.058460948443148, -0.142018252363978, 1807.703999999997905 ], [ 36.058408151234872, -0.141999752743201, 1807.474199999996927 ], [ 36.058355550816742, -0.14197985247811, 1807.424299999998766 ], [ 36.058300849333044, -0.141957952905936, 1807.50449999999546 ], [ 36.058244850544455, -0.141935453126975, 1807.824699999997392 ], [ 36.058190149117564, -0.141913253596262, 1808.364900000000489 ], [ 36.058141250686653, -0.141893253560908, 1808.975099999996019 ], [ 36.058102951008287, -0.1418780542023, 1809.28530000000319 ], [ 36.058079352200387, -0.141869653236733, 1809.345300000000861 ], [ 36.058070050761401, -0.141866853517618, 1809.475399999995716 ], [ 36.058093149352509, -0.141876353522798, 1809.745299999995041 ], [ 36.058091151657429, -0.141875653162246, 1809.745299999995041 ], [ 36.058081450006249, -0.141871554419819, 1809.825299999996787 ], [ 36.058060048989013, -0.141863253480164, 1809.825400000001537 ], [ 36.05802735216168, -0.141850053369004, 1809.865499999999884 ], [ 36.057989649423988, -0.141834053483352, 1809.90570000000298 ], [ 36.057951149612975, -0.141817653404452, 1809.975800000000163 ], [ 36.057911649291846, -0.141800254495085, 1810.085999999995693 ], [ 36.057870351392253, -0.141783454274076, 1810.306100000001607 ], [ 36.057827052457554, -0.14176595367551, 1810.486300000004121 ], [ 36.057781052121079, -0.141746953933594, 1810.576400000005378 ], [ 36.057730949665462, -0.141726853599606, 1810.606599999999162 ], [ 36.057678052443926, -0.141705654387863, 1810.686799999995856 ], [ 36.057624051324474, -0.141683854879971, 1810.797000000005937 ], [ 36.05757045039006, -0.141662453838077, 1810.737200000003213 ], [ 36.057519250700437, -0.141640654287519, 1810.747399999992922 ], [ 36.057468351165355, -0.14161905483998, 1810.757599999997183 ], [ 36.057416150971768, -0.141595554452223, 1810.857799999997951 ], [ 36.057361853024233, -0.141570955139898, 1810.898000000001048 ], [ 36.057303653055556, -0.141547154529497, 1810.838199999998324 ], [ 36.057245152932374, -0.141523954228117, 1810.7783999999956 ], [ 36.057186552751538, -0.141501354214421, 1810.668600000004517 ], [ 36.057128552893289, -0.141477755400097, 1810.668799999999464 ], [ 36.057073751345747, -0.141452454034166, 1810.649000000004889 ], [ 36.057022551652423, -0.141426353923759, 1810.629300000000512 ], [ 36.056975050532259, -0.141402254851887, 1810.62949999999546 ], [ 36.056932051752085, -0.141382654839273, 1810.809599999993225 ], [ 36.056892051178345, -0.141367655515512, 1810.959799999996903 ], [ 36.056853651436157, -0.141352854652759, 1811.169899999993504 ], [ 36.056816252209011, -0.141336754788024, 1811.380099999994854 ], [ 36.056778352715682, -0.141321755459989, 1811.520199999999022 ], [ 36.056738852399477, -0.141308455344229, 1811.670299999997951 ], [ 36.056697551164831, -0.141294054691775, 1811.890400000003865 ], [ 36.056655452838335, -0.141278254934645, 1811.990600000004633 ], [ 36.05661355129093, -0.141262555267414, 1812.180699999997159 ], [ 36.056572553526081, -0.141247956111314, 1812.240900000004331 ], [ 36.056532252778084, -0.141233255206332, 1812.230999999999767 ], [ 36.056493452832314, -0.141217855710628, 1812.461200000005192 ], [ 36.05645685400858, -0.141203455024042, 1812.601299999994808 ], [ 36.056423653582485, -0.141191355458139, 1812.591400000004796 ], [ 36.056396352873797, -0.141181655507627, 1812.691500000000815 ], [ 36.056375852326319, -0.141174655258848, 1812.741599999993923 ], [ 36.056360551112235, -0.14116865549098, 1812.711599999995087 ], [ 36.056347951287613, -0.141161755255339, 1812.67170000000624 ], [ 36.056337952815696, -0.141153355961522, 1812.741699999998673 ], [ 36.056330352222695, -0.141143355766954, 1812.631800000002841 ], [ 36.05632495277392, -0.141125556596099, 1812.611900000003516 ], [ 36.056325853272014, -0.141098356046836, 1812.892000000007101 ], [ 36.056335151421621, -0.141063456517402, 1813.132199999992736 ], [ 36.056350852881209, -0.14102155676459, 1813.482399999993504 ], [ 36.056371053353161, -0.140972456740988, 1814.072599999999511 ], [ 36.056393451630576, -0.140914857367738, 1814.722899999993388 ], [ 36.05641565310053, -0.140852857259554, 1815.053199999994831 ], [ 36.05643615366774, -0.140790056645577, 1815.163499999995111 ], [ 36.056456254048662, -0.140725456840261, 1815.433799999998882 ], [ 36.056475754103253, -0.140658657509739, 1815.564100000003236 ], [ 36.05649445372481, -0.140590257282732, 1815.524399999994785 ], [ 36.056511952727064, -0.140519857688986, 1815.474799999996321 ], [ 36.056529851889671, -0.140446858265959, 1815.055099999997765 ], [ 36.056548351356348, -0.140371457589855, 1814.595499999995809 ], [ 36.056566353859836, -0.140292556638039, 1813.805900000006659 ], [ 36.056583852771958, -0.140210357325895, 1813.026299999997718 ], [ 36.056601651806496, -0.140124756151909, 1811.986699999994016 ], [ 36.056620451372133, -0.140036356926293, 1811.077099999994971 ], [ 36.056640651607033, -0.139944755873567, 1809.747600000002421 ], [ 36.056660751855873, -0.13985475587074, 1808.948000000003958 ], [ 36.05668105218917, -0.139767055321048, 1807.998399999996764 ], [ 36.056701052370428, -0.139681255758427, 1807.068899999998393 ], [ 36.056721252655933, -0.139597755717101, 1806.149300000004587 ], [ 36.056740252343118, -0.139519355035537, 1805.389599999994971 ], [ 36.056754052684582, -0.139456155503813, 1804.609899999995832 ], [ 36.056761349707749, -0.139417852223303, 1804.070099999997183 ], [ 36.056762750374531, -0.139403454624553, 1803.630199999999604 ], [ 36.056763050520388, -0.139401353513176, 1803.560200000007171 ], [ 36.056763450714094, -0.139404355015646, 1803.46020000000135 ], [ 36.056763150549685, -0.139412952740702, 1803.380199999999604 ], [ 36.05676235013393, -0.139423955058151, 1803.350099999996019 ], [ 36.056761449672848, -0.139432652877339, 1803.3701 ], [ 36.056761449666688, -0.139436054607116, 1803.320000000006985 ], [ 36.05677775099462, -0.139443850581971, 1800.100000000005821 ], [ 36.05677935179525, -0.139437450539876, 1799.910000000003492 ], [ 36.056783250430676, -0.139420751811911, 1799.600099999996019 ], [ 36.056790050554831, -0.139389852423601, 1799.250199999994948 ], [ 36.056800549226217, -0.139346052980588, 1798.710500000001048 ], [ 36.056815750314648, -0.13928975042192, 1798.140700000003562 ], [ 36.056832949087088, -0.139218950362165, 1797.481100000004517 ], [ 36.056849550941067, -0.139136651241423, 1797.271500000002561 ], [ 36.056868550687497, -0.139046051151133, 1796.99189999999362 ], [ 36.056889651506943, -0.138947450245921, 1796.642399999996996 ], [ 36.05691234978579, -0.138840351530714, 1796.052899999995134 ], [ 36.056938149646506, -0.138726849468218, 1795.343500000002678 ], [ 36.056966250695567, -0.138611349723456, 1794.664000000004307 ], [ 36.056993948230748, -0.138497250793463, 1794.204599999997299 ], [ 36.057020548560317, -0.138388051141596, 1793.955100000006496 ], [ 36.057045051137123, -0.138283650605536, 1793.65559999999823 ], [ 36.057065448215255, -0.138180650611502, 1792.936100000006263 ], [ 36.057079448675751, -0.138079651677355, 1792.286600000006729 ], [ 36.057084147709602, -0.137983048437316, 1791.86710000000312 ], [ 36.05707844800996, -0.137886848576397, 1791.067599999994854 ], [ 36.057063950441716, -0.137789348024646, 1790.21820000000298 ], [ 36.057042049058303, -0.137691550640637, 1789.338699999992969 ], [ 36.05701714944005, -0.1375935497334, 1788.259200000000419 ], [ 36.056994447650744, -0.137495448881159, 1787.429799999998068 ], [ 36.056974150412891, -0.137401446737305, 1786.440300000002026 ], [ 36.056957948613004, -0.137310349409274, 1785.420800000007148 ], [ 36.05694774992574, -0.137219248822887, 1784.581300000005285 ], [ 36.056944448122266, -0.137127447875946, 1783.741800000003423 ], [ 36.056945248412063, -0.137032048346058, 1782.752299999992829 ], [ 36.056949147058539, -0.136931146311604, 1782.532800000000861 ], [ 36.056946448962108, -0.136812648506076, 1782.20339999999851 ], [ 36.056953449152225, -0.136710945876329, 1781.554000000003725 ], [ 36.056962747196856, -0.136613645529827, 1780.944399999993038 ], [ 36.056974049641227, -0.13651754592064, 1780.614900000000489 ], [ 36.056984948538378, -0.136423647423225, 1780.235400000005029 ], [ 36.056994446704522, -0.136331346380702, 1779.775899999993271 ], [ 36.057003447946975, -0.136240145900446, 1779.306299999996554 ], [ 36.057012849389288, -0.136148245038357, 1778.786800000001676 ], [ 36.057022847809272, -0.136054546597049, 1778.297300000005635 ], [ 36.057033746705187, -0.135959347425822, 1777.907699999996112 ], [ 36.057044448826936, -0.135864044846721, 1777.46820000000298 ], [ 36.057053646815135, -0.135769746028203, 1776.818700000003446 ], [ 36.057062748110312, -0.135675644058623, 1776.35920000000624 ], [ 36.057072746506861, -0.135581245175827, 1775.679699999993318 ], [ 36.057081547658633, -0.135488043708114, 1775.310100000002421 ], [ 36.057090745651792, -0.135395445782204, 1774.700599999996484 ], [ 36.057101347714628, -0.135301744001538, 1774.201100000005681 ], [ 36.057112746896436, -0.135205044155802, 1774.041599999996834 ], [ 36.057123945940695, -0.135104845723154, 1773.602100000003702 ], [ 36.057135845356591, -0.134998944393219, 1773.252600000007078 ], [ 36.057148548555375, -0.134892046006866, 1773.193100000004051 ], [ 36.057161548555136, -0.134783743500544, 1772.983699999997043 ], [ 36.057172447484326, -0.134673643440528, 1772.864199999996345 ], [ 36.057182646035741, -0.134560945316851, 1772.604800000000978 ], [ 36.057192147503599, -0.134446346014267, 1771.875400000004447 ], [ 36.057202345990788, -0.134331243097847, 1771.096000000005006 ], [ 36.057212647873186, -0.134217344164315, 1770.386599999997998 ], [ 36.057223646835418, -0.134104846139331, 1770.11710000000312 ], [ 36.05723494593115, -0.133993145118938, 1769.677700000000186 ], [ 36.057246345082092, -0.133881844317284, 1769.268299999996088 ], [ 36.057258844826784, -0.133771344021398, 1769.078800000002957 ], [ 36.057273045400166, -0.13365944284256, 1768.509399999995367 ], [ 36.057285645160555, -0.133545744110056, 1768.029899999994086 ], [ 36.057297344486997, -0.133430844861828, 1767.790500000002794 ], [ 36.057308646877054, -0.133318343288689, 1767.021099999998114 ], [ 36.05732034614671, -0.133208242981433, 1766.321700000000419 ], [ 36.057332445675513, -0.133102445072157, 1766.052200000005541 ], [ 36.057345045479103, -0.133005244981637, 1765.92269999999553 ], [ 36.057356444668343, -0.132917443075108, 1765.823099999994156 ], [ 36.057366546536613, -0.132832842863567, 1765.833499999993364 ], [ 36.057376344902984, -0.132747842403348, 1765.744000000006054 ], [ 36.05738644672806, -0.132662144811113, 1765.404399999999441 ], [ 36.05739664526466, -0.13257774453636, 1765.024799999999232 ], [ 36.057405546495104, -0.13249584231213, 1764.875199999994948 ], [ 36.05741294694063, -0.132417044976922, 1764.625599999999395 ], [ 36.057417745992666, -0.132341642535188, 1763.936000000001513 ], [ 36.057423245454615, -0.132266243598956, 1763.646399999997811 ], [ 36.057431046083963, -0.132190944654527, 1763.216799999994691 ], [ 36.057439743862773, -0.132113944907098, 1762.957200000004377 ], [ 36.057448144831994, -0.132036941858689, 1762.777600000001257 ], [ 36.057457246181514, -0.131961543037537, 1762.75789999999688 ], [ 36.05746584391747, -0.13188814183897, 1762.568299999998999 ], [ 36.057473344428068, -0.131811742451629, 1762.428700000004028 ], [ 36.057481945523769, -0.131728743064159, 1762.439100000003236 ], [ 36.057492844445598, -0.131638943428523, 1762.259600000004866 ], [ 36.057502646127254, -0.13154514503796, 1762.009999999994761 ], [ 36.057510446767694, -0.131450442810477, 1761.670499999992899 ], [ 36.057518944442229, -0.131356544359886, 1761.400999999998021 ], [ 36.057529446470873, -0.131261541969341, 1761.041500000006636 ], [ 36.057538644486215, -0.131164341750949, 1760.611999999993714 ], [ 36.057545844785508, -0.131066844640679, 1760.01249999999709 ], [ 36.057553545349734, -0.130970141297843, 1759.472999999998137 ], [ 36.057563143590855, -0.130872744379725, 1759.20350000000326 ], [ 36.057573445525115, -0.13077394339697, 1758.914000000004307 ], [ 36.05758254349513, -0.130673941757795, 1758.534499999994296 ], [ 36.057591144535266, -0.130574743840169, 1758.095000000001164 ], [ 36.057600445945816, -0.130477043394109, 1757.735499999995227 ], [ 36.057610144185382, -0.130379843060619, 1757.035999999992782 ], [ 36.057620346034774, -0.130281742323274, 1756.476500000004307 ], [ 36.05763194528874, -0.130182240928824, 1756.06699999999546 ], [ 36.057642443989749, -0.13008354332835, 1755.767500000001746 ], [ 36.057652545776556, -0.129983841728595, 1755.118000000002212 ], [ 36.057662544186655, -0.129884243549499, 1754.548500000004424 ], [ 36.057672642650751, -0.12978544245589, 1753.998999999996158 ], [ 36.05768074344693, -0.129688442383146, 1753.669500000003609 ], [ 36.057688744181725, -0.129593439971259, 1753.259900000004563 ], [ 36.057700643595155, -0.129501242353548, 1752.890400000003865 ], [ 36.057712843185335, -0.129411242610618, 1752.700899999996182 ], [ 36.057724042233289, -0.129322440056901, 1752.291299999997136 ], [ 36.057733943970163, -0.129233841022237, 1752.071700000000419 ], [ 36.057741944721002, -0.129143741189433, 1751.792199999996228 ], [ 36.057751242842194, -0.129051540398692, 1751.802700000000186 ], [ 36.057762742092798, -0.12895834241516, 1751.783100000000559 ], [ 36.057771743382169, -0.128864240603228, 1751.693599999998696 ], [ 36.057780244407851, -0.128769441744548, 1751.554099999993923 ], [ 36.057790142813367, -0.128674142606985, 1751.364600000000792 ], [ 36.057799544287761, -0.128578343182122, 1751.105100000000675 ], [ 36.057808142013833, -0.128480442671378, 1750.835600000005797 ], [ 36.057817343376584, -0.128380541105004, 1750.506099999998696 ], [ 36.057827641995551, -0.128279642443988, 1750.376600000003236 ], [ 36.057837843901765, -0.128179540872652, 1750.277100000006612 ], [ 36.057847142000711, -0.128081440301572, 1750.107600000003004 ], [ 36.057857443952237, -0.127986241232543, 1749.958100000003469 ], [ 36.057869143289835, -0.127893543451149, 1749.808499999999185 ], [ 36.057879541952907, -0.127803240218641, 1749.619000000006054 ], [ 36.057888042968706, -0.12771484128697, 1749.399399999994785 ], [ 36.057897044249408, -0.127631541672463, 1749.239900000000489 ], [ 36.057904244612907, -0.127560341653792, 1749.16019999999844 ], [ 36.057909544001511, -0.127505543424341, 1749.110499999995227 ], [ 36.057913842882421, -0.127467440481224, 1749.120699999999488 ], [ 36.057916544278065, -0.127445942765376, 1749.160799999997835 ], [ 36.057917644855706, -0.127439442791103, 1749.250799999994342 ] ] ] } },
{ "type": "Feature", "properties": { "Name": null, "Type": "Murram", "Length_Km": 10.638790263700001, "main__road": 0, "Type2": 0 }, "geometry": { "type": "MultiLineString", "coordinates": [ [ [ 36.066006631419555, -0.107751446615089, 1714.581147966095159 ], [ 36.06600713168325, -0.107717549187223, 1714.631327143642693 ], [ 36.065991930509561, -0.107683344862249, 1714.511518535264941 ], [ 36.065969232138066, -0.107649347293343, 1714.351727040765809 ], [ 36.065943532232495, -0.107609346672658, 1714.28198306539025 ], [ 36.065913129908594, -0.107559947889345, 1714.232284347707264 ], [ 36.065879432573617, -0.107507647676451, 1714.332614971625389 ], [ 36.06584413108812, -0.107455347493422, 1714.502940117306025 ], [ 36.06580623160346, -0.107401346451897, 1714.713271403177259 ], [ 36.065762532468945, -0.107340948792844, 1714.943664481186943 ], [ 36.065714030862125, -0.107270946189523, 1715.174099777440233 ], [ 36.065661630590263, -0.107192445908418, 1715.474592713170068 ], [ 36.065606232110703, -0.107108849679301, 1715.795105847401373 ], [ 36.065548532449, -0.107023946119097, 1716.135648859587945 ], [ 36.065487931301007, -0.106936648018508, 1716.536191111110384 ], [ 36.065423931728212, -0.106844847570447, 1716.866769997447818 ], [ 36.065359631991001, -0.106750145594669, 1717.117362655517809 ], [ 36.065296632922156, -0.106655850490716, 1717.357941434637496 ], [ 36.065234631027145, -0.106566751373511, 1717.548503779441035 ], [ 36.065176931353079, -0.106488751324328, 1717.789004668111374 ], [ 36.065127132408037, -0.106425051952913, 1717.989410285962094 ], [ 36.065085931216238, -0.106364647589618, 1718.139797752370669 ], [ 36.065048732067424, -0.106298346798025, 1718.150195215239364 ], [ 36.065010632448853, -0.10622715013154, 1718.110616555798515 ], [ 36.064969731384423, -0.106150750774129, 1718.041085817116709 ], [ 36.064926032201747, -0.106068348288158, 1717.881579095383131 ], [ 36.064881532599614, -0.10598064971702, 1717.662103680510427 ], [ 36.064838033494013, -0.105889149124765, 1717.292652680430592 ], [ 36.064795831708139, -0.105794446833205, 1716.80320602844813 ], [ 36.064756831558107, -0.105697550036033, 1716.213775084087501 ], [ 36.064721433245005, -0.105599846096997, 1715.48434344945008 ], [ 36.064687732473715, -0.105505950789424, 1714.764883847685041 ], [ 36.064653731552845, -0.105418745609403, 1714.085383078355108 ], [ 36.064623332484949, -0.105336949876388, 1713.395869316620974 ], [ 36.064596932160789, -0.105259149597352, 1712.856307219802829 ], [ 36.064570731924825, -0.105186845429693, 1712.196721016930042 ], [ 36.064541833627082, -0.105123145669965, 1711.487106247274596 ], [ 36.064511431238969, -0.105071045274209, 1710.917417376013191 ], [ 36.064480631974945, -0.105025948466594, 1710.307699275597315 ], [ 36.064447731625599, -0.104978343688484, 1.00000000000000001e+308 ], [ 36.064413033682932, -0.104923848692639, 1709.018342333290548 ], [ 36.064376131274557, -0.104862343430012, 1708.388714940023192 ], [ 36.064333432562492, -0.104795248670357, 1707.869126203164797 ], [ 36.064284930875417, -0.104724245274677, 1707.449572853913196 ], [ 36.064229232152464, -0.104651347579077, 1707.050044682873249 ], [ 36.06416743362513, -0.104575848552956, 1706.670528441396982 ], [ 36.064102533507295, -0.104499342363055, 1706.341025257414458 ], [ 36.064039430997546, -0.104426144598287, 1706.141506938246039 ], [ 36.063981931373398, -0.104359943772892, 1705.951938031518694 ], [ 36.063931532071173, -0.104302747582744, 1705.762311259410126 ], [ 36.063890330839868, -0.104257444189772, 1705.592612609100797 ], [ 36.063858030848941, -0.104226047925822, 1705.352835684027468 ], [ 36.063834331952513, -0.104203642956903, 1705.112983406127796 ], [ 36.063816332654426, -0.104182745422103, 1704.853125521237416 ], [ 36.063796632511583, -0.10415864634586, 1704.843271690607935 ], [ 36.063773533950119, -0.104131645767501, 1704.813449192429289 ], [ 36.063747733978225, -0.104104344966409, 1704.623628734942031 ], [ 36.063720133090349, -0.104076443894665, 1704.523825764259527 ], [ 36.063689233856323, -0.104046748629993, 1704.574031103896232 ], [ 36.063654332555885, -0.104013344768281, 1704.574258874433781 ], [ 36.063614632119396, -0.103973444233258, 1704.584522406019687 ], [ 36.063571233109784, -0.103926946960612, 1704.57483701556589 ], [ 36.063528731220003, -0.103878748782557, 1704.49515180492017 ], [ 36.063491432019688, -0.103833145311851, 1704.505441425246772 ], [ 36.063460832932776, -0.103795145746812, 1704.495692088836677 ], [ 36.063436333652696, -0.103764943528914, 1704.485877459905851 ], [ 36.063414932641656, -0.103736248779238, 1704.536063037464146 ], [ 36.063394532137039, -0.103708747947661, 1704.516233527965369 ], [ 36.063372334040388, -0.1036828479401, 1704.496413674505675 ], [ 36.063345433536504, -0.103654546743425, 1704.586598904080574 ], [ 36.063313633838916, -0.103621042851537, 1704.636825501759404 ], [ 36.063276631463005, -0.10358104895218, 1704.687093937050804 ], [ 36.063233432561326, -0.103532944202445, 1704.717409918589283 ], [ 36.06318233293311, -0.103474547513718, 1704.807789270138755 ], [ 36.063121531633961, -0.103404744919564, 1704.818241173477873 ], [ 36.063051032010023, -0.103326544673547, 1704.838761519830086 ], [ 36.062975733261183, -0.10324534959521, 1704.959295689649935 ], [ 36.062900034318659, -0.103164748198455, 1705.179833478003502 ], [ 36.062824832313446, -0.103085147367948, 1705.520360401447761 ], [ 36.062750033848076, -0.10300614684218, 1705.850889067974322 ], [ 36.062674434986704, -0.102926946268892, 1706.311424887615885 ], [ 36.062600133482078, -0.102849746802454, 1706.95194095337456 ], [ 36.062529633919894, -0.10277684949944, 1707.472433627972123 ], [ 36.062461832388614, -0.102706546780044, 1707.792896423826505 ], [ 36.062394234259607, -0.102635750349492, 1707.823368199649622 ], [ 36.062325835697543, -0.102562345837244, 1707.68385664504035 ], [ 36.0622570335833, -0.102486046463113, 1707.45436448035548 ], [ 36.062186633960252, -0.10240784604213, 1707.064881022264217 ], [ 36.062113733019913, -0.102327644488708, 1706.435406345814727 ], [ 36.062038934440942, -0.102245948849914, 1705.845950918499966 ], [ 36.061962434985126, -0.102164846845785, 1705.246485231953329 ], [ 36.061886732606318, -0.102085045511164, 1704.647026796106047 ], [ 36.061813935064876, -0.10200614466993, 1704.117551279461395 ], [ 36.06174263495604, -0.101927143760134, 1703.548065448626858 ], [ 36.061670134237787, -0.1018477493443, 1703.048590834772313 ], [ 36.061595632481982, -0.10176624715118, 1702.48913272804225 ], [ 36.06151873283126, -0.101682143640353, 1701.979694922429189 ], [ 36.061438134614782, -0.101596045786627, 1701.510266475479511 ], [ 36.061355235216141, -0.101509347632406, 1701.060848958120005 ], [ 36.0612735331067, -0.101423343189976, 1700.661413780984503 ], [ 36.061194035464204, -0.101338245876878, 1700.251975988440336 ], [ 36.061116635569533, -0.101254149083079, 1699.852539528849775 ], [ 36.061040232854872, -0.101172046649222, 1699.453091133975931 ], [ 36.060964433790481, -0.101092245421262, 1699.103617597548009 ], [ 36.060889635246077, -0.101013644828416, 1698.794144808408646 ], [ 36.060816834402942, -0.100937245389969, 1698.534645265698373 ], [ 36.060748335774562, -0.100865948578144, 1698.275127762693955 ], [ 36.060687634503452, -0.100804543559052, 1698.095548523260959 ], [ 36.060639433021528, -0.100757045771389, 1698.085860468354667 ], [ 36.060604234891741, -0.100720546949037, 1698.006103031356815 ], [ 36.060574933139343, -0.100687043031537, 1697.996328259904203 ], [ 36.06054373373599, -0.100648843337911, 1697.92658334538055 ], [ 36.060504933756889, -0.100603146464476, 1697.886872719692519 ], [ 36.060455835130412, -0.100548444913117, 1697.747234016736684 ], [ 36.060396634625732, -0.100482344122151, 1697.517673941177009 ], [ 36.060331134209953, -0.100407545516243, 1697.278159144750589 ], [ 36.060260734601727, -0.100330645815983, 1697.008664036806749 ], [ 36.060184535349826, -0.100254546557667, 1696.809180954125395 ], [ 36.06010653517329, -0.100179147668388, 1696.629701245838078 ], [ 36.060031633259619, -0.100103848834878, 1696.460210779928047 ], [ 36.059961333715243, -0.1000277429192, 1696.290702223310518 ], [ 36.059894335869338, -0.099951643669401, 1696.111209330317706 ], [ 36.05982783495579, -0.099876645020219, 1696.011696504780957 ], [ 36.059762534652933, -0.099803847478547, 1695.852188052958127 ], [ 36.059701833387983, -0.099736946318203, 1695.722625304069879 ], [ 36.059643933555357, -0.099674947647377, 1695.51303084613005 ], [ 36.059583535789876, -0.099613242529254, 1695.463457601185155 ], [ 36.059516634646855, -0.099549042691227, 1695.17388658228856 ], [ 36.059448236083554, -0.099480447316939, 1695.02435544869104 ], [ 36.05938053453589, -0.099408043281271, 1694.794826039588543 ], [ 36.059313836846968, -0.099336546409092, 1694.635312942209794 ], [ 36.059250234089596, -0.099268644738016, 1694.515754368578428 ], [ 36.059189736251618, -0.099201743539294, 1694.29619497547219 ], [ 36.059129135032016, -0.099133348255172, 1694.116652085165015 ], [ 36.059068237000361, -0.099069448644205, 1693.99708374136867 ], [ 36.059008636305705, -0.099012545976861, 1693.897465902224894 ], [ 36.058950636445033, -0.098954042519607, 1693.877855800049701 ], [ 36.058894334090333, -0.098887848317348, 1693.578299724672661 ], [ 36.058838335211625, -0.098815344153334, 1693.168760254042354 ], [ 36.058778134207934, -0.098742746740247, 1693.06922526207245 ], [ 36.058718036587088, -0.098674745013379, 1692.939682602628636 ], [ 36.058660837133523, -0.098611645840005, 1692.880086722660963 ], [ 36.058606735932962, -0.098551948387877, 1692.750491536832897 ], [ 36.058555536237193, -0.09849964811524, 1692.710834375580816 ], [ 36.058509535876055, -0.098457246241462, 1692.601125520294772 ], [ 36.058466236895718, -0.098422348196223, 1692.411371528701693 ], [ 36.058428734217834, -0.098392345953325, 1692.101587990958478 ], [ 36.058398335199364, -0.098364044594487, 1691.811788973038801 ], [ 36.05837353574254, -0.098334142454247, 1691.621980584502126 ], [ 36.058350237065724, -0.098304447112756, 1691.492166377846843 ], [ 36.058326434816074, -0.098277846766025, 1691.522340448207842 ], [ 36.058305337281027, -0.098253747668435, 1691.462500983810742 ], [ 36.058287234628487, -0.098228047772426, 1691.462662849924527 ], [ 36.058266934174156, -0.098199046163986, 1691.432846536343504 ], [ 36.058242434924942, -0.098163648044729, 1691.67307431301515 ], [ 36.058214036987209, -0.098123947659622, 1691.793320140065816 ], [ 36.058177835029518, -0.09808034525735, 1691.893609268649016 ], [ 36.058134235926758, -0.098031346731253, 1691.963923850974425 ], [ 36.058087435195553, -0.097979846985877, 1692.194275312087484 ], [ 36.058036635739143, -0.097924545283395, 1692.424637482519529 ], [ 36.057978535851646, -0.09786544827258, 1692.605027588758048 ], [ 36.057916837438803, -0.097802449231827, 1692.73545578008202 ], [ 36.05785353487915, -0.097733046937554, 1692.965910698186008 ], [ 36.057788538122651, -0.09766014954065, 1693.266393779578266 ], [ 36.057724535219734, -0.097591947924149, 1693.636842892979757 ], [ 36.057664737805275, -0.097535345577757, 1693.92723844683087 ], [ 36.057608835744261, -0.09748974894791, 1694.337565703479186 ], [ 36.057553037061176, -0.09744424566958, 1694.677884990579741 ], [ 36.05749563758237, -0.097390544936246, 1695.248245248317062 ], [ 36.057442136800731, -0.097328446627857, 1696.008661076016097 ], [ 36.05739013675587, -0.097261845878078, 1696.479089565941422 ], [ 36.057334738304711, -0.097195652038556, 1697.029507706625736 ], [ 36.057277538883255, -0.097127050143496, 1697.229965589460335 ], [ 36.057221436662431, -0.097057147472212, 1697.180413325084146 ], [ 36.057166838509765, -0.09698755148893, 1696.810849833900193 ], [ 36.057121038224473, -0.096922151015773, 1696.481274778314855 ], [ 36.057086837278383, -0.096869950790356, 1696.431596579294137 ], [ 36.057064038862798, -0.096830950671865, 1696.331828966258172 ], [ 36.057042537769398, -0.09679345128325, 1696.13206068862246 ], [ 36.05701463670971, -0.096748147860343, 1695.892334402378992 ], [ 36.056978538092878, -0.096691745377919, 1695.622695084828138 ], [ 36.05693673652911, -0.09662194929589, 1695.263122819868158 ], [ 36.056891736649696, -0.096541147540006, 1694.883608632482719 ], [ 36.056842537932198, -0.096454049175397, 1694.424131912921212 ], [ 36.056790137556618, -0.09636354902555, 1693.884691281729602 ], [ 36.056736936772701, -0.096273048888521, 1693.375250656244816 ], [ 36.056686737550017, -0.096187051124606, 1692.99577155730276 ], [ 36.056648337727573, -0.096110845042143, 1692.55622572280663 ], [ 36.056625039043332, -0.096050647306798, 1692.366573203299595 ], [ 36.05661473705225, -0.096010846746378, 1692.196798580375344 ], [ 36.056608036914149, -0.095983946155484, 1692.016956593790155 ], [ 36.056593235962545, -0.095955444821634, 1692.027122546413921 ], [ 36.05656783621027, -0.095917445226693, 1691.947357970140729 ], [ 36.056536336638807, -0.09586994736645, 1691.767661471766587 ], [ 36.056501738803227, -0.095813144707868, 1691.567998760540149 ], [ 36.05646283875658, -0.095745849994474, 1691.398411446992441 ], [ 36.056423338389784, -0.095673846151954, 1691.138853299230732 ], [ 36.056384338266952, -0.095597346614971, 1690.769317246109495 ], [ 36.056340539037713, -0.095513249940525, 1690.649812942191602 ], [ 36.056292937846308, -0.095422549849834, 1690.490370905141845 ], [ 36.056244336137347, -0.095327947742018, 1690.310931240386026 ], [ 36.05619383678485, -0.095229450295653, 1690.131530076490208 ], [ 36.056139838968349, -0.095126850750511, 1689.982139205105796 ], [ 36.056085337540779, -0.095023650832296, 1689.682758344109061 ], [ 36.056028738391312, -0.094917449454375, 1689.583408572310873 ], [ 36.055974036860725, -0.094812148454603, 1689.284038990097315 ], [ 36.055916937457418, -0.094705646935007, 1689.214690333857789 ], [ 36.055858937594266, -0.094597544604119, 1689.175334935588126 ], [ 36.055801237875762, -0.094490549475727, 1689.055986727114032 ], [ 36.055742437589458, -0.094384448136512, 1688.926625773201522 ], [ 36.05568113934806, -0.094276045604185, 1688.777291644871184 ], [ 36.055619837774081, -0.094165748771947, 1688.647956426881365 ], [ 36.055560937412807, -0.094055445188509, 1688.32861512925092 ], [ 36.055502537330057, -0.093946449017266, 1688.179279669803691 ], [ 36.055444737555113, -0.093838846892657, 1688.019926249697392 ], [ 36.05538833851729, -0.093731645029592, 1687.990573480523608 ], [ 36.055334337333662, -0.093624549725913, 1687.581211603794827 ], [ 36.055285338758679, -0.093528146708082, 1687.441790521045732 ], [ 36.055246238602848, -0.093453348110651, 1687.222254922250613 ], [ 36.055212037651827, -0.093393150418015, 1687.132609960770196 ], [ 36.055176739459419, -0.093335247205703, 1686.962968127791555 ], [ 36.05514083763525, -0.093274749367081, 1686.893346869135257 ], [ 36.05510603970037, -0.093210649631685, 1686.723736623155673 ], [ 36.055071138382637, -0.093143648415512, 1686.584125205053169 ], [ 36.055036036964346, -0.093075446589809, 1686.46453989353131 ], [ 36.054999738245762, -0.09300454998392, 1686.204971095093697 ], [ 36.054961338465283, -0.092931845849141, 1686.105403353799147 ], [ 36.054922738571932, -0.092858247886813, 1685.925854014051993 ], [ 36.054884839045286, -0.092782949070228, 1685.796300276317879 ], [ 36.054847239671929, -0.092706449631387, 1685.656757841715262 ], [ 36.054806038470275, -0.092627248891581, 1685.727241738537032 ], [ 36.054762839558734, -0.092550349285131, 1685.677706303792547 ], [ 36.054719637319522, -0.092478345557841, 1685.688142871994614 ], [ 36.054680237007958, -0.092419648578018, 1685.4585139118808 ], [ 36.054645339026507, -0.092369349296995, 1685.328825060649478 ], [ 36.054616637544889, -0.092314447565738, 1685.009163572548914 ], [ 36.054588139521073, -0.092253749585669, 1684.8495204396188 ], [ 36.054555539381816, -0.09219185097478, 1684.659891075349606 ], [ 36.054519437437357, -0.092126450552779, 1684.450281082497895 ], [ 36.054483338842779, -0.092057948585386, 1684.360697654752585 ], [ 36.054447537062714, -0.091989146446432, 1684.231122054560046 ], [ 36.054414640107687, -0.091928948723911, 1684.071483045918512 ], [ 36.05438433782296, -0.091883145081866, 1683.921759419442651 ], [ 36.054358137673439, -0.09184764682573, 1683.961993408594481 ], [ 36.054336239732535, -0.091819745792365, 1683.952162836011212 ], [ 36.054313237870247, -0.091791050948812, 1683.782349694506593 ], [ 36.054287738047947, -0.091754045134772, 1683.552586211000289 ], [ 36.054264239286624, -0.091706047102343, 1683.572877057359392 ], [ 36.054240937274756, -0.091646349650118, 1683.443219532701733 ], [ 36.0542131396152, -0.091578047768631, 1683.313613815210374 ], [ 36.054175636957062, -0.091500847964976, 1683.164080397292764 ], [ 36.054127238682483, -0.091413449552536, 1682.954604089096165 ], [ 36.054072837332342, -0.091318547328594, 1682.865186525670651 ], [ 36.054016238185355, -0.091219849821911, 1682.785786650641057 ], [ 36.05395623729455, -0.091116750074707, 1682.766427786579015 ], [ 36.053895939570694, -0.091011749302013, 1682.637063435226764 ], [ 36.053840337583949, -0.090914145623456, 1682.39765266540735 ], [ 36.053789438034059, -0.090825746738668, 1682.288191521070075 ], [ 36.053743737810166, -0.090739849081669, 1682.038709970551736 ], [ 36.053701439357233, -0.09065554564693, 1681.949218552633738 ], [ 36.053660138073205, -0.090577051831019, 1681.76969893746741 ], [ 36.0536215381996, -0.090509650460057, 1681.750105673834923 ], [ 36.053588838017482, -0.090454948917183, 1681.630446225324249 ], [ 36.053557038313713, -0.090407751288232, 1681.63074133517398 ], [ 36.053528140103644, -0.090360346886179, 1681.631033084084265 ], [ 36.053502940454386, -0.090303350845881, 1681.551367423488728 ], [ 36.053476039922096, -0.09023945122624, 1681.411742854790646 ], [ 36.053443239689699, -0.090173850743895, 1681.302134976905108 ], [ 36.05340614057387, -0.090105248703664, 1681.162550572659484 ], [ 36.053365939858892, -0.090031150492323, 1681.002995342032136 ], [ 36.053324538523356, -0.089952549954818, 1680.823461186303575 ], [ 36.053282340112055, -0.089871147979497, 1680.653952644886886 ], [ 36.053238337431189, -0.089788451979147, 1680.4244560642544 ], [ 36.053193137482111, -0.08970524910239, 1680.314959081059897 ], [ 36.053148237671508, -0.08962194611864, 1680.075457279493776 ], [ 36.053103337871995, -0.089540150615965, 1679.925959204290393 ], [ 36.053058037859067, -0.089460449499127, 1679.716437989317228 ], [ 36.053013338166281, -0.089383249708281, 1679.596914392311191 ], [ 36.05297194016827, -0.089312446526416, 1679.437343797378617 ], [ 36.052934837703816, -0.089251848559485, 1679.187717003153466 ], [ 36.052902737840618, -0.0891992481323, 1679.148047506543207 ], [ 36.052876040771082, -0.089150749859406, 1679.208339165963025 ], [ 36.052848439884428, -0.08910095085295, 1679.118645104561665 ], [ 36.052814839241222, -0.089045849112599, 1679.018978149796567 ], [ 36.052778640592649, -0.088983650381356, 1678.909357723077164 ], [ 36.052741938346571, -0.08891634900637, 1678.759771425932968 ], [ 36.052705039328842, -0.0888489475671, 1678.580171915095207 ], [ 36.052669040773402, -0.088784047411119, 1678.390563459023497 ], [ 36.052632838778685, -0.088719447405383, 1678.190974499648746 ], [ 36.052594338944246, -0.088651845888702, 1678.071391303150676 ], [ 36.052554338322388, -0.088579348467254, 1677.831810334691454 ], [ 36.052511139379995, -0.088502148599581, 1677.532291776123657 ], [ 36.052465439120297, -0.088422747496365, 1676.99276778918852 ], [ 36.052418138055025, -0.088339551170178, 1676.603290485160187 ], [ 36.052374738991084, -0.088253846860696, 1676.153792230114277 ], [ 36.052333737844293, -0.088168749585812, 1675.834292019196027 ], [ 36.052291739515027, -0.08808614691987, 1675.49479129560109 ], [ 36.052248940776174, -0.088006145601549, 1675.175267228027906 ], [ 36.052206238766118, -0.087927645098466, 1674.955741279930862 ], [ 36.052165040857545, -0.087850745398101, 1674.686216878646064 ], [ 36.052124239832288, -0.087776146924945, 1674.51665544010848 ], [ 36.052084139163881, -0.087707451477718, 1674.317093843950943 ], [ 36.052046039539164, -0.087646446702916, 1674.227474377647923 ], [ 36.052011538434854, -0.087585448602516, 1674.147828617564983 ], [ 36.051979338505333, -0.087518647480748, 1673.988223066706496 ], [ 36.051944540569224, -0.087446450239423, 1673.808660657274686 ], [ 36.051905240316557, -0.08736905032422, 1673.639142073142239 ], [ 36.051861837954597, -0.087285347172872, 1673.489621179528967 ], [ 36.051813639789209, -0.087196848215191, 1673.330183940071265 ], [ 36.051761339509603, -0.087108049094491, 1673.150704498745881 ], [ 36.051708238821639, -0.087020650707626, 1673.001248265929007 ], [ 36.051656839022861, -0.086933545852143, 1672.961773249851603 ], [ 36.051608740907739, -0.086847147971765, 1672.792315124702327 ], [ 36.051562040223104, -0.086760650193579, 1672.982840735223817 ], [ 36.051518841338705, -0.086672651634299, 1673.153349293400652 ], [ 36.051476939740716, -0.086582651878444, 1672.933882186886649 ], [ 36.05143013895519, -0.086489650581825, 1672.724448019739384 ], [ 36.051379539545017, -0.086393547680055, 1672.495016333357171 ], [ 36.051327539411268, -0.086295650512769, 1672.245607148429599 ], [ 36.051273538244935, -0.086195245379276, 1671.976225110840005 ], [ 36.051216538859833, -0.086091745289442, 1671.636856501677812 ], [ 36.051156241128567, -0.085985650594664, 1671.447500388204162 ], [ 36.051096340211515, -0.085877047745828, 1670.798165312186939 ], [ 36.051033040914085, -0.085764649733765, 1670.438833285639248 ], [ 36.050966339872858, -0.085647949532728, 1670.139557010536009 ], [ 36.050895440009583, -0.085527747550421, 1669.890293243869564 ], [ 36.050822939324668, -0.085406545061607, 1669.661026168055969 ], [ 36.050753340145789, -0.085289251294211, 1669.531740344952368 ], [ 36.050689840766339, -0.085181449053812, 1669.342428579830312 ], [ 36.050636840132356, -0.085084945988703, 1669.21300878174543 ], [ 36.050596139158607, -0.085000949344369, 1669.043496303412212 ], [ 36.050561541331689, -0.084933547926407, 1668.913896364431366 ], [ 36.050525439410691, -0.084884349258879, 1668.894219535858156 ], [ 36.050480739731476, -0.084852946422958, 1668.884442177658912 ], [ 36.050426938639774, -0.084841547008354, 1668.384584049038722 ], [ 36.050360441047729, -0.084873850214074, 1668.174525665267993 ], [ 36.050307940684846, -0.084922548607229, 1668.154362679514179 ], [ 36.050263441108683, -0.084991250635115, 1668.144062231521957 ], [ 36.050221839693592, -0.085076948086867, 1668.153688124336441 ], [ 36.050180341666319, -0.085173251002169, 1668.173237723096008 ], [ 36.050139640714796, -0.085275550333322, 1668.182775540401963 ], [ 36.050097839196702, -0.085377649561418, 1668.192285571187767 ], [ 36.050054540225027, -0.085480148940072, 1668.07182144050671 ], [ 36.050010140671965, -0.08558134759796, 1667.831370671399554 ], [ 36.04996454050206, -0.08568044517852, 1667.600911961766315 ], [ 36.049920241016551, -0.085773146184267, 1667.490510302161283 ], [ 36.049882041340332, -0.085851246349164, 1667.400164570812194 ], [ 36.049844942214655, -0.085913544991198, 1667.179894791810966 ], [ 36.049799742261868, -0.085960349024621, 1667.039704898899572 ], [ 36.049745040758474, -0.085988843658636, 1666.959653238576266 ], [ 36.049679540358767, -0.086000849792178, 1666.849674913886247 ], [ 36.049602240535386, -0.085997247835754, 1666.609821789839998 ], [ 36.049514041797529, -0.085978344771981, 1666.610055484705754 ], [ 36.049424939270949, -0.085948249314195, 1666.690335583427668 ], [ 36.04933954193578, -0.085907948432341, 1666.370699927291298 ], [ 36.04925644245143, -0.085859143176972, 1666.061053896487238 ], [ 36.049175340622668, -0.085802547107983, 1665.431499204780494 ], [ 36.049097040259539, -0.08574074844193, 1664.991939318942059 ], [ 36.049023042123501, -0.085675548067466, 1664.652396717462125 ], [ 36.048955040428744, -0.085605745396399, 1664.48285188410091 ], [ 36.04889474266416, -0.085529245820931, 1664.023352207040944 ], [ 36.048843339477258, -0.085450445056606, 1663.553841170586338 ], [ 36.048796541990995, -0.085374745876041, 1663.05430811001338 ], [ 36.04874774017658, -0.085301147905124, 1662.854754937541202 ], [ 36.048701639757788, -0.085233046113862, 1662.695177473970261 ], [ 36.048665541142221, -0.085172648245609, 1662.435568886422061 ], [ 36.048640541573754, -0.085122942547948, 1662.175856958282566 ], [ 36.048621641835567, -0.085088144605359, 1662.106060283766283 ], [ 36.048604339597539, -0.085066546829481, 1662.126219084488412 ], [ 36.048585840072796, -0.085048444173279, 1662.11633216800351 ], [ 36.048559940046957, -0.085025045372179, 1661.9065025458317 ], [ 36.048524041540574, -0.084996043686902, 1661.696686967636879 ], [ 36.048477640962311, -0.084963646924957, 1661.496945474974609 ], [ 36.048419541052603, -0.084934245123373, 1661.497187935286775 ], [ 36.048351042453881, -0.084917042926542, 1661.477363067346687 ], [ 36.048274242892965, -0.084917643150341, 1661.277495773836108 ], [ 36.048195842542498, -0.084934145012544, 1661.357516147557817 ], [ 36.048117042019356, -0.084959845058228, 1661.707508628587448 ], [ 36.048035740130771, -0.084992448388613, 1661.427464003276555 ], [ 36.047953841263279, -0.085031248225042, 1661.107379386285857 ], [ 36.047871542198401, -0.085072142502797, 1660.85729176806899 ], [ 36.047789543283095, -0.085113343588106, 1660.567193543363146 ], [ 36.047708141338084, -0.08515374424857, 1660.247130323465626 ], [ 36.047627242969604, -0.085190342896418, 1659.797050787839453 ], [ 36.04754674152764, -0.085222145934349, 1659.797007895916977 ], [ 36.047462541528574, -0.085249946959119, 1659.907007432730325 ], [ 36.047372741969092, -0.085272945473332, 1659.927013763145169 ], [ 36.047277743063866, -0.085292742330917, 1659.927055756258142 ], [ 36.047177641494791, -0.085310944906509, 1659.627126090549837 ], [ 36.047076642803376, -0.085328247039902, 1659.377190292694877 ], [ 36.046977241631879, -0.085344041837389, 1659.377259921526502 ], [ 36.046876142921057, -0.085358042382157, 1659.38732076587371 ], [ 36.046771142200242, -0.085372343077216, 1.00000000000000001e+308 ], [ 36.046661142240424, -0.085387644291583, 1659.397504955683416 ], [ 36.046546343139624, -0.085401744875123, 1659.37761798014526 ], [ 36.046429242856661, -0.085416245673186, 1659.377721449192222 ], [ 36.046313543299718, -0.085433441208795, 1659.41778672892201 ], [ 36.046198944308117, -0.085451243719279, 1659.447867906165357 ], [ 36.046085542594597, -0.085467045182648, 1659.437979673426071 ], [ 36.045980441837095, -0.085479745104857, 1659.558069299884664 ], [ 36.045887644078583, -0.085493545589326, 1659.668124586150498 ], [ 36.045798845002075, -0.085512241777906, 1659.428172600552443 ], [ 36.045708144966696, -0.085532645580461, 1659.348218268149139 ], [ 36.04561174201767, -0.085550541502178, 1659.448247917310255 ], [ 36.045515242343548, -0.085565742673539, 1659.478314980167397 ], [ 36.045424742438342, -0.08557924301631, 1659.618397612903436 ], [ 36.045342343352814, -0.085590742269233, 1659.6184636509347 ], [ 36.045262145367083, -0.08560394228244, 1659.348528425073482 ], [ 36.045181843988644, -0.08561684211976, 1659.028576614236727 ], [ 36.045102843335314, -0.085628041273682, 1659.158643901165533 ], [ 36.045025343413855, -0.085641841625754, 1658.95867821750403 ], [ 36.044951145209374, -0.085657442964652, 1658.898712724556162 ], [ 36.044876143270152, -0.085671843728234, 1658.938760834504592 ], [ 36.044797442784926, -0.085685744319666, 1659.178798905277972 ], [ 36.044713242805592, -0.085696543327337, 1659.448860367657289 ], [ 36.044627145176527, -0.085707242262147, 1659.668937463191469 ], [ 36.04454644362167, -0.085718941583919, 1659.589013284159364 ], [ 36.044475243639681, -0.085730240750899, 1659.629071772487578 ], [ 36.044415646317113, -0.085740846295713, 1659.82908927307858 ], [ 36.044364643433752, -0.085748643779584, 1660.14913392145786 ], [ 36.044317445764925, -0.085756340942957, 1659.83916838811956 ], [ 36.044271345315266, -0.08576424483675, 1659.429193992641785 ], [ 36.044221846496356, -0.085768046781153, 1659.399251101286836 ], [ 36.044164443636824, -0.085772942720215, 1659.599325577735272 ], [ 36.044097946091668, -0.085781840706594, 1659.76936377417428 ], [ 36.044022443866517, -0.085792746239477, 1659.57941991383268 ], [ 36.04394124538549, -0.085804445548415, 1659.469497714132785 ], [ 36.043855344484875, -0.085815444501112, 1659.369565615148304 ], [ 36.043768646507282, -0.085826443453856, 1659.269634735545196 ], [ 36.043683145810242, -0.085838342861542, 1659.149708307591482 ], [ 36.043599446026747, -0.085851042634312, 1658.919759074869717 ], [ 36.043515546158744, -0.085861541338036, 1658.839846056525403 ], [ 36.043431146048022, -0.085869945681565, 1658.879939857703448 ], [ 36.043345745407414, -0.085877442840197, 1658.800014292293326 ], [ 36.043258945702149, -0.08588834171153, 1658.630107282664085 ], [ 36.04317414539404, -0.085902242247486, 1658.74014979984122 ], [ 36.043085746564287, -0.085916342877925, 1658.830207764399574 ], [ 36.042991146193856, -0.085930643560128, 1658.80027905598422 ], [ 36.042894746525569, -0.085946544934042, 1658.460347182707665 ], [ 36.042795945626089, -0.085966041509076, 1658.160408753430147 ], [ 36.042696846274161, -0.085985444822227, 1658.140439529237256 ], [ 36.042606246298924, -0.086000946131004, 1658.130517959771851 ], [ 36.042527245651762, -0.086010944688212, 1658.310579301805546 ], [ 36.042450846336358, -0.08601854198373, 1658.43065164446466 ], [ 36.042371146988785, -0.086026346052375, 1658.550727956508581 ], [ 36.042288045876411, -0.086037545155048, 1658.560806392378936 ], [ 36.04219994721597, -0.086053340042164, 1658.770850164277817 ], [ 36.042104346345305, -0.086068841393638, 1658.860911830741543 ], [ 36.042001946988336, -0.08608244181355, 1659.061009695317807 ], [ 36.041893047618508, -0.086096542490994, 1659.261084375115161 ], [ 36.041777546495815, -0.086111843713899, 1659.291179976132298 ], [ 36.041657047873208, -0.086128245755249, 1659.91130433006083 ], [ 36.041536047250233, -0.086144240660034, 1659.921385190950332 ], [ 36.041416747500406, -0.086160342277897, 1659.911504395461407 ], [ 36.041297847961559, -0.086176744067352, 1659.941599446890905 ], [ 36.041180347476264, -0.086192445496265, 1659.971696014529243 ], [ 36.041065848538629, -0.086207446573194, 1660.021780660109016 ], [ 36.040952648603046, -0.086223041289034, 1660.071860217587528 ], [ 36.040839748861472, -0.086238142554102, 1660.441979733933977 ], [ 36.040727247627551, -0.086252543351892, 1660.562071780416545 ], [ 36.040617247698556, -0.086267844672979, 1660.822139427535149 ], [ 36.040511148135479, -0.086283646336975, 1661.282241218258605 ], [ 36.040409549183153, -0.086297446834249, 1661.422308731027215 ], [ 36.040317248347115, -0.086305944589081, 1661.532421446867147 ], [ 36.040236448407043, -0.086309346301937, 1661.44253097082742 ], [ 36.040168748555303, -0.086311347332129, 1661.442624103530989 ], [ 36.040108149013122, -0.086314242113035, 1661.342695601653304 ], [ 36.040046849104222, -0.086318944469789, 1661.192770938858075 ], [ 36.03998464862935, -0.08632434016257, 1660.212826943266464 ], [ 36.039923548745719, -0.086328942198819, 1659.432897615201682 ], [ 36.039864948541471, -0.086330642946434, 1659.132990599646973 ], [ 36.039808049207885, -0.086330542749873, 1658.793051323846157 ], [ 36.039753449381529, -0.086329742158678, 1658.373156132510985 ], [ 36.039700848974562, -0.086328741660816, 1658.413250380951467 ], [ 36.039650449720462, -0.086327240973746, 1658.613317018091948 ], [ 36.039600048766765, -0.086324539557665, 1658.553410680028719 ], [ 36.039550648378722, -0.086320244162664, 1658.903514797054868 ], [ 36.039502348520223, -0.086314040990916, 1658.953608882268554 ], [ 36.039454348812541, -0.086306043549417, 1658.973743616336833 ], [ 36.039404549855149, -0.086296845524016, 1659.073843427438533 ], [ 36.039353050001161, -0.086286039931914, 1659.004001843137303 ], [ 36.039300649684854, -0.086273640190144, 1658.944149209338093 ], [ 36.039248249371013, -0.086259546251445, 1658.904294436432792 ], [ 36.039195048634021, -0.086245245501222, 1658.774445630188438 ], [ 36.039139049803488, -0.086231945312978, 1658.754611748963043 ], [ 36.039078748740884, -0.086219245374026, 1658.594766666936493 ], [ 36.039014348911458, -0.086207345881205, 1658.51491024802408 ], [ 36.038948149806401, -0.086194946075437, 1658.305084829276666 ], [ 36.038881548820392, -0.086181945934994, 1658.035265601680294 ], [ 36.03881424914875, -0.086167244944624, 1657.825423365994311 ], [ 36.038746549268652, -0.086151243276197, 1657.595630038701756 ], [ 36.0386775503951, -0.086135241637663, 1657.435815505159326 ], [ 36.038606550501314, -0.08611823951821, 1657.35602634744896 ], [ 36.038531850353259, -0.086099343034833, 1657.146217343075023 ], [ 36.038453550039499, -0.086078645697003, 1657.106467196272888 ], [ 36.0383728501645, -0.086055840633109, 1657.126698768400956 ], [ 36.03829215026731, -0.086032141698944, 1656.966942332544477 ], [ 36.038212550952707, -0.086008542871786, 1656.937188572728019 ], [ 36.038134550809502, -0.08598454388983, 1657.027429572980509 ], [ 36.038058550007918, -0.085961945556362, 1656.947677289627336 ], [ 36.037981450307292, -0.085940541170788, 1656.867889934775576 ], [ 36.037900150103525, -0.085918242966225, 1656.728146632904327 ], [ 36.037817250739465, -0.08589574464584, 1656.558377525612286 ], [ 36.03773615066585, -0.08587474053461, 1656.638628379881084 ], [ 36.037658150521409, -0.085855243866033, 1656.718836101576244 ], [ 36.0375825499641, -0.085838241878965, 1656.949051538259255 ], [ 36.037505550350772, -0.08582294075892, 1657.159240701670115 ], [ 36.037425150663609, -0.085807239467008, 1657.449454246307596 ], [ 36.037341851141662, -0.085794839844818, 1657.669647660975443 ], [ 36.037253950906845, -0.08579104461348, 1657.799776324637151 ], [ 36.037160751271067, -0.085797641376918, 1657.879901550988279 ], [ 36.037063851392162, -0.085815443891649, 1657.919965374327376 ], [ 36.036964551958178, -0.085844145397076, 1658.069961303251603 ], [ 36.036863351538187, -0.085883245563099, 1658.159908277802288 ], [ 36.036758751027108, -0.085928542226575, 1658.189830536087356 ], [ 36.03664975158356, -0.085977740894432, 1658.20972938152795 ], [ 36.036537552156872, -0.086032142231893, 1658.209616939585658 ], [ 36.036422351201033, -0.086091346097047, 1658.339488892842155 ], [ 36.036304552248481, -0.086153344759794, 1658.529347784490938 ], [ 36.036186851679908, -0.086214743113497, 1658.719209660613387 ], [ 36.036067752086169, -0.086273840380861, 1659.139096680008606 ], [ 36.035944852166907, -0.086333144297517, 1659.26894937170141 ], [ 36.035819852834798, -0.086393141908865, 1659.408841935810642 ], [ 36.035693752944731, -0.08645304616868, 1659.618713477705796 ], [ 36.035568253362484, -0.086509241848529, 1659.818624219666162 ], [ 36.035445453544099, -0.086561442279251, 1660.348538267106278 ], [ 36.035325053288148, -0.086609340473946, 1660.828452799508341 ], [ 36.035205653558393, -0.086651042184018, 1661.398425014969916 ], [ 36.035087254325184, -0.086688741769903, 1661.818422702395537 ], [ 36.034971453084985, -0.086723646545384, 1662.148404154223272 ], [ 36.034858453253626, -0.086756943711439, 1662.208400701435949 ], [ 36.034750554412433, -0.086786045491185, 1662.518411353283682 ], [ 36.034654653420546, -0.086809044150562, 1662.878453831780007 ], [ 36.034574253732153, -0.086827347025216, 1663.158480027894939 ], [ 36.03450125450783, -0.086843241951002, 1663.33850137350737 ], [ 36.034428155244335, -0.086858043023051, 1663.618534687630927 ], [ 36.034352854836619, -0.086870142666068, 1663.808589137881199 ], [ 36.034274054309726, -0.08688254251914, 1664.128652257449403 ], [ 36.034191855349405, -0.086902446175143, 1664.308666742206697 ], [ 36.034105154079946, -0.086927245714587, 1664.55866987212039 ], [ 36.034011554285016, -0.086949043798621, 1665.018690683695922 ], [ 36.033911254360667, -0.086967046548685, 1665.368756212318431 ], [ 36.033804456093428, -0.086986843564269, 1665.738811325513552 ], [ 36.033691256197322, -0.087007647765009, 1666.108901489304344 ], [ 36.033572054866021, -0.087026944480394, 1666.378972084342422 ], [ 36.033449455122259, -0.087044947209168, 1666.679053414060718 ], [ 36.033325056137407, -0.087062343022858, 1667.129165078961933 ], [ 36.033199156378728, -0.087078344781361, 1667.569276553184864 ], [ 36.033072456222804, -0.087093246024528, 1668.129390115258502 ], [ 36.032945856113457, -0.08710614622057, 1668.649505428180873 ], [ 36.032817956998365, -0.087115344498208, 1669.139673797220439 ], [ 36.032688256964761, -0.087121848085249, 1669.699835798759068 ], [ 36.032556857698417, -0.087124949835785, 1670.060005956239138 ], [ 36.032423557447295, -0.087125650328921, 1670.370203767308112 ], [ 36.032287857616417, -0.087127144525559, 1670.590404765693847 ], [ 36.03214965817282, -0.087129045623948, 1670.870605020732228 ], [ 36.032010258123485, -0.087128645580439, 1671.250825231571753 ], [ 36.031871158216326, -0.087126144412683, 1671.531049851005946 ], [ 36.031733657458346, -0.087123249683398, 1671.751276520046076 ], [ 36.031598157734187, -0.08712064845132, 1672.001497374051269 ], [ 36.031464158778938, -0.08711764700041, 1672.221719242270865 ], [ 36.031330358256689, -0.087114045231961, 1672.421954927398474 ], [ 36.031195558865946, -0.087108649134012, 1672.45218808194295 ], [ 36.031060059130674, -0.087103246421422, 1672.612427224385556 ], [ 36.030923959078976, -0.087099251074352, 1672.712631858941904 ], [ 36.03078715866674, -0.087095349108711, 1672.81286759398472 ], [ 36.030649559521073, -0.087091647284504, 1673.003099842789425 ], [ 36.030511360070058, -0.087089746400144, 1673.223322383881623 ], [ 36.030372360203309, -0.087090546893576, 1673.413533262675628 ], [ 36.030233260272709, -0.087091447395802, 1673.503737667979294 ], [ 36.030093760143487, -0.087090647048112, 1673.653949125047347 ], [ 36.029952160574247, -0.087088746044227, 1673.594178085164685 ], [ 36.029808059716125, -0.087087145190589, 1673.524399537426007 ], [ 36.029661560119422, -0.087085550994269, 1673.424656361448342 ], [ 36.029513160403788, -0.087083449959959, 1673.534879675191178 ], [ 36.029362860560546, -0.087081749191432, 1673.785118452687584 ], [ 36.029210960731909, -0.08708184936706, 1674.075358816972994 ], [ 36.029058160423681, -0.087082349693198, 1674.235593585267225 ], [ 36.028904461316955, -0.087082249701743, 1674.375813330975461 ], [ 36.028749660838265, -0.087080448932988, 1674.746054628092679 ], [ 36.028592961021346, -0.087076046731211, 1674.8963417108871 ], [ 36.028435061416403, -0.08706995031118, 1675.016610178121709 ], [ 36.028278261541814, -0.087063947264025, 1675.116887461003216 ], [ 36.02812686196576, -0.087058751362997, 1675.367146164545829 ], [ 36.027982761990742, -0.087051147589936, 1675.697392848398522 ], [ 36.027845662284868, -0.087039348319579, 1676.017671485188885 ], [ 36.027715962205619, -0.087021052316093, 1676.207967846518159 ], [ 36.02759456222271, -0.086997747033212, 1676.31826058077354 ], [ 36.02747966221812, -0.086976049124925, 1676.148566717346966 ], [ 36.02736896271297, -0.086956552362471, 1676.008823196121057 ], [ 36.027261962644346, -0.086934447701861, 1676.129097400293404 ], [ 36.027158062509812, -0.086907447204764, 1676.289400973822922 ], [ 36.027055563070483, -0.086876051021994, 1676.239733903981232 ], [ 36.026954962952104, -0.086840952967748, 1676.270069832443824 ], [ 36.026858962698029, -0.086805347973058, 1676.27040259327805 ], [ 36.026767663188586, -0.086774251936217, 1676.200697294111023 ], [ 36.026680063094695, -0.086746350915794, 1676.22096598999542 ], [ 36.026598563637698, -0.086718149728042, 1676.211258660746807 ], [ 36.026527563750058, -0.08668884796519, 1676.181521488662156 ], [ 36.026469963269051, -0.086663548292323, 1676.221719730132008 ], [ 36.026419863340635, -0.086645352361556, 1676.461912128209406 ], [ 36.026366663506465, -0.086633152931972, 1676.892049877129921 ], [ 36.026305763862808, -0.086627550188791, 1677.222158850632695 ], [ 36.026241164000673, -0.086619953153998, 1677.712318077308282 ], [ 36.02617426378395, -0.086605852758677, 1678.172485486214782 ], [ 36.026102264238453, -0.086590751720278, 1678.332678126586416 ], [ 36.026021464314418, -0.086577751712237, 1678.372878137547332 ], [ 36.025931164494907, -0.086567152923203, 1678.373071593523719 ], [ 36.025832664629327, -0.086562550584136, 1678.443223083353132 ], [ 36.025729764150206, -0.086566652674649, 1678.393371248427229 ], [ 36.025622364706848, -0.08657675124923, 1678.493473617522795 ], [ 36.025508264316315, -0.086590751841024, 1678.613585389383616 ], [ 36.025387364561333, -0.08660884776763, 1678.483670914908544 ], [ 36.025260665147876, -0.086627350548981, 1678.303775392372245 ], [ 36.02513266509812, -0.086640950921982, 1678.39389647279404 ], [ 36.02500556466584, -0.086650649243683, 1678.384030449933334 ], [ 36.024882265389088, -0.0866592537799, 1678.634174090390161 ], [ 36.024760665304413, -0.086670052723621, 1678.754314048162087 ], [ 36.024638165619528, -0.086682052387835, 1679.114439345332812 ], [ 36.02451426519012, -0.086693751816397, 1679.284565910628771 ], [ 36.024391166011455, -0.086705751416575, 1679.494682968528195 ], [ 36.024270365511221, -0.086718451360181, 1679.664799566937745 ], [ 36.02415326607926, -0.086731651548497, 1679.804924371677316 ], [ 36.024040666466256, -0.086745251951343, 1679.965013958976442 ], [ 36.023930666443476, -0.086761553462993, 1679.46509706146071 ], [ 36.023826966447743, -0.086778849225124, 1679.915162284753251 ], [ 36.023724166002843, -0.08680384867978, 1679.725201772117316 ], [ 36.023625066650894, -0.086838853357311, 1679.705166261494924 ], [ 36.023527966696086, -0.08687905416243, 1679.96509933792413 ], [ 36.023431366934666, -0.086921149053988, 1679.705032744661366 ], [ 36.023335366660852, -0.086963850967377, 1679.544952909358699 ], [ 36.023239966709646, -0.087008453906257, 1679.494862839097777 ], [ 36.023144566746097, -0.087053550389882, 1679.344779346812174 ], [ 36.023049266884648, -0.087097853306609, 1679.604688248728735 ], [ 36.022951467411694, -0.087142149583124, 1679.934608332205926 ], [ 36.02285196707669, -0.087187152937252, 1680.374527934795651 ], [ 36.022749867420323, -0.087235150935794, 1680.27442732965801 ], [ 36.02264696736178, -0.087287050977159, 1680.254324662113049 ], [ 36.022541767377867, -0.087340952078427, 1680.304207127885775 ], [ 36.022435067864599, -0.087394152793574, 1680.294082726917395 ], [ 36.022329467662317, -0.087445552564618, 1680.24397276306172 ], [ 36.022226967822135, -0.087496452133603, 1680.323865552680672 ], [ 36.022127667956461, -0.087547251629728, 1680.353750919456843 ], [ 36.022030668019859, -0.087596450284766, 1680.343647842332757 ], [ 36.021935468150694, -0.087640953099576, 1680.12355981973451 ], [ 36.02184336823413, -0.087678652493312, 1680.093505024513661 ], [ 36.021753368154734, -0.087712149745241, 1680.113472012805005 ], [ 36.021666168255777, -0.08774475316532, 1680.043427789535144 ], [ 36.02157916848202, -0.08777434844704, 1680.153406902763891 ], [ 36.021490768429956, -0.087796653398922, 1680.473432940196517 ], [ 36.021399168801771, -0.08781164787828, 1680.693495941118726 ], [ 36.021302568645666, -0.087821552943119, 1680.613590113248165 ], [ 36.021201269039963, -0.087826148791799, 1680.963711871389478 ], [ 36.021097069187533, -0.087827249495139, 1681.283872794942681 ], [ 36.020992469088362, -0.087822953946544, 1681.274045418749893 ], [ 36.020888769048213, -0.08781214842287, 1681.36427202220284 ], [ 36.020785769393271, -0.087791451225958, 1681.65453089661537 ], [ 36.020686969405233, -0.087760548792785, 1681.984845183765174 ], [ 36.020593069401492, -0.087721648777155, 1682.005196181312385 ], [ 36.020502969708424, -0.087683549246102, 1682.195535356163191 ], [ 36.020418369970734, -0.087648951658526, 1682.715834405822307 ], [ 36.02033656997687, -0.087617248787694, 1682.986129316875804 ], [ 36.020254170057548, -0.08758685314124, 1682.986414046582922 ], [ 36.020170870089082, -0.087559952618767, 1682.966677628863636 ], [ 36.020086170223429, -0.087537454328264, 1682.866933791388419 ], [ 36.019996370192764, -0.087518050827678, 1682.447174267926357 ], [ 36.019896770096089, -0.08749965443964, 1681.857411043606589 ], [ 36.019787170246033, -0.087477449347568, 1681.08770558220408 ], [ 36.019669570076758, -0.087449848315241, 1680.718019169240051 ], [ 36.019548870401344, -0.087418552068739, 1680.398375102234695 ], [ 36.019427970625379, -0.087387449263675, 1680.098719344324309 ], [ 36.019308270632507, -0.087362249493019, 1679.789036419187823 ], [ 36.019189170533018, -0.087347548464345, 1679.489292259250533 ], [ 36.019069270669014, -0.087346447846833, 1679.369486235740396 ], [ 36.018948170818405, -0.087362049181557, 1679.299582622978278 ], [ 36.018827370933622, -0.087392551588446, 1679.389604400645567 ], [ 36.018710470980572, -0.087433052501146, 1679.539580820224728 ], [ 36.018601171180208, -0.087477148563691, 1679.609509754400506 ], [ 36.01850487118233, -0.087518950060509, 1679.559450933573771 ], [ 36.01842157121262, -0.087561051720327, 1679.529344421358019 ], [ 36.018341871425939, -0.08760255305834, 1679.469252018327097 ], [ 36.018260871361882, -0.087641953229404, 1679.209175627442619 ], [ 36.018187671394415, -0.087684648566573, 1679.269062167700895 ], [ 36.018123771614064, -0.08774335208444, 1679.188851504578452 ], [ 36.018074171489296, -0.087821852468168, 1679.128519871974504 ], [ 36.018036671606268, -0.087914053425565, 1679.508100636768859 ], [ 36.018006671650511, -0.088015152381993, 1680.087620419129962 ], [ 36.017981071868014, -0.088119452956603, 1680.597109432378375 ], [ 36.017961171882419, -0.088228049033062, 1681.006576456887842 ], [ 36.017943172021951, -0.088342548079897, 1681.256006091826976 ], [ 36.017924371957861, -0.088460348826321, 1681.505419711951163 ], [ 36.017907072059558, -0.088579950563803, 1681.904815532714792 ], [ 36.017890172171164, -0.088702753992088, 1682.404200129478113 ], [ 36.017870472309554, -0.088827751917505, 1682.98357938236154 ], [ 36.017847872419516, -0.0889536503278, 1683.612961422097669 ], [ 36.017823072436052, -0.089078348111493, 1684.222348825498102 ], [ 36.017802272382824, -0.089202552149843, 1684.461722317392969 ], [ 36.017786172494532, -0.089320553123053, 1685.001139325348277 ], [ 36.017774872574812, -0.089432851152052, 1685.520559243166645 ], [ 36.017762772673471, -0.08953835239586, 1686.150031745396063 ], [ 36.017750572665122, -0.089640551748021, 1686.329524695346208 ], [ 36.017734572832033, -0.089733653249961, 1686.89905509298228 ], [ 36.017718573002654, -0.08981795023247, 1687.498645503121907 ], [ 36.017704473092415, -0.089891554984576, 1687.958274190383918 ], [ 36.017695173123599, -0.089956355101977, 1688.177951277926013 ], [ 36.017687973011682, -0.090011850519223, 1688.607680453493458 ], [ 36.017680173227134, -0.090058054525272, 1689.127440140526687 ], [ 36.017670673160232, -0.090098055227205, 1689.387255570142997 ], [ 36.017658873158098, -0.090133953813211, 1689.637086170286921 ], [ 36.017646373202439, -0.090166550665503, 1689.806933249754138 ], [ 36.017634473353539, -0.090198954106203, 1690.026783473420437 ], [ 36.017620573321842, -0.090233351953817, 1690.356626952403758 ], [ 36.017601173364362, -0.090268049917584, 1690.596465677798278 ], [ 36.017573973555741, -0.090302554439865, 1690.816328326494613 ], [ 36.01754127361167, -0.090330855726322, 1690.936240930635904 ], [ 36.017515173537078, -0.09034985226992, 1691.166177378622706 ], [ 36.017495573568482, -0.090363652767022, 1691.306134680232844 ], [ 36.017471473708767, -0.090377253263586, 1691.686105400068755 ], [ 36.017436773709527, -0.090392054395301, 1692.106079345624948 ], [ 36.017391573813491, -0.090410050462327, 1692.426046560865188 ], [ 36.017339273874917, -0.090428153135725, 1692.476035062366009 ], [ 36.0172791740044, -0.09044755655123, 1692.696026867819683 ], [ 36.017207574053153, -0.090466653163535, 1692.966040911477194 ], [ 36.017125374175784, -0.090480753904927, 1693.316083820848689 ], [ 36.017036474289235, -0.090490252285735, 1693.68618053682917 ], [ 36.016944474468566, -0.090493754229386, 1694.016289498620154 ], [ 36.016849374633004, -0.090490252631874, 1694.496464182567706 ], [ 36.016747974750082, -0.090480254241513, 1694.706662890454709 ], [ 36.016639374837567, -0.090467654439557, 1694.746903280088418 ], [ 36.01652147491675, -0.090454754440373, 1694.687153353433359 ], [ 36.016396275024, -0.090441254076748, 1694.497412840200923 ], [ 36.016267375124897, -0.090427753794212, 1694.497680424818782 ], [ 36.016134875233959, -0.090417255009814, 1694.387937230899979 ], [ 36.015997975389865, -0.090405655774152, 1694.54821078233681 ], [ 36.015858675544429, -0.090391455212228, 1694.738485105823656 ], [ 36.015718175688619, -0.090375753839313, 1694.838788020661013 ], [ 36.015580275842126, -0.09035785139738, 1695.089092348477379 ], [ 36.015448376003761, -0.090340055672788, 1695.329392437438401 ], [ 36.015322276151885, -0.090322353449062, 1695.849666689827245 ], [ 36.015203876336763, -0.09030225658681, 1696.199958761544849 ], [ 36.015094576482724, -0.090281953006922, 1696.680227622334314 ], [ 36.014995276646303, -0.090263357062305, 1697.370478990301081 ], [ 36.014901976801106, -0.090250157143376, 1697.860696060715327 ], [ 36.014811576975696, -0.090240759130311, 1698.230878469294794 ], [ 36.014721177043612, -0.090231254387129, 1698.581072421332465 ], [ 36.01462737723628, -0.090220055438479, 1698.931265158804308 ], [ 36.014527677290978, -0.090208156069592, 1699.141486443446411 ], [ 36.014420877454228, -0.090197657468675, 1699.461696620744078 ], [ 36.014307277545683, -0.090187358940931, 1699.711924084564544 ], [ 36.014187977717484, -0.090178054236771, 1699.912152021861857 ], [ 36.01406377785198, -0.090171157387573, 1699.992379760829863 ], [ 36.013935577922439, -0.090166855262829, 1700.202604949640317 ], [ 36.013805178102999, -0.090164554142575, 1700.352810235747256 ], [ 36.013675178302108, -0.090165154588461, 1700.673013186883963 ], [ 36.01354827844272, -0.090168256364585, 1701.093189181860907 ], [ 36.013426178544471, -0.090171458158077, 1701.433355484091408 ], [ 36.013310078856676, -0.090173159311328, 1702.083533264759581 ], [ 36.013198279066131, -0.090172959400672, 1702.533702189972473 ], [ 36.013085379137003, -0.09017185906487, 1703.073873836114672 ], [ 36.012967879331242, -0.090169958287157, 1703.544064628578553 ], [ 36.012844879396184, -0.090168157539663, 1703.964260255594581 ], [ 36.012717279515449, -0.090167056883742, 1703.754469635327723 ], [ 36.012586779593946, -0.090166956721526, 1703.494659913670148 ], [ 36.01245917979459, -0.090167657274404, 1703.944863549106913 ], [ 36.012341880057313, -0.090169058076796, 1704.13502275553742 ], [ 36.012242880141386, -0.090174160729263, 1704.1951602888862 ], [ 36.01216598011947, -0.090180757398767, 1704.055244025845013 ], [ 36.012110180126477, -0.090186060068783, 1703.91528700103936 ], [ 36.012077380323298, -0.090187961043129, 1703.905332715133909 ], [ 36.012061379996851, -0.090186460249268, 1703.85536196217754 ], [ 36.012049080334144, -0.090185059536798, 1703.875392353016196 ], [ 36.012030480339767, -0.090183058498232, 1703.855426965903689 ], [ 36.012001780159395, -0.090180857403669, 1703.945493934382512 ], [ 36.011960280446061, -0.090178256009173, 1703.81556608229721 ], [ 36.011909680224328, -0.090174060494907, 1703.765662298293137 ], [ 36.011852280260712, -0.090166856795348, 1703.785791941403886 ], [ 36.011787080453374, -0.090159659782982, 1703.845926760490556 ], [ 36.011713780624319, -0.090154957324077, 1703.756067041508231 ], [ 36.011632280744259, -0.090150955238506, 1703.696214981330513 ], [ 36.011545080871173, -0.090148260577967, 1703.836361756904125 ], [ 36.011454480909471, -0.090147260105822, 1703.936496339326823 ], [ 36.01135828097047, -0.090148260625294, 1703.946647955707022 ], [ 36.011256080829675, -0.090151455505319, 1703.71677653533925 ], [ 36.011148680938589, -0.090156157862171, 1703.5669222827255 ], [ 36.011034381155461, -0.090159859392377, 1702.6870728178626 ], [ 36.010915980989772, -0.090163854620447, 1702.30724334649949 ], [ 36.010794481327821, -0.090168256780111, 1702.057406112390026 ], [ 36.01067338107881, -0.090173459492661, 1702.137550659264434 ], [ 36.010556281232404, -0.090181256908328, 1702.297692631398832 ], [ 36.010446781531286, -0.090192856221356, 1702.317803742747628 ], [ 36.010343781468059, -0.090210558821161, 1702.677869386842076 ], [ 36.010239281855768, -0.090233457335122, 1702.817908972171381 ], [ 36.01012778194103, -0.090259957592232, 1702.697945946036498 ], [ 36.010010281857767, -0.090289759561741, 1702.607958373331712 ], [ 36.009888782201983, -0.090325858058896, 1702.407958686250367 ], [ 36.009765582089933, -0.090367459397284, 1702.227937138204425 ], [ 36.00964148232466, -0.090412455735539, 1701.857881538298898 ], [ 36.009515382353172, -0.090462254511809, 1701.407817348211665 ], [ 36.009385982358111, -0.090516655687116, 1701.027726237326988 ], [ 36.009251482158625, -0.090573958082822, 1700.007643643987421 ], [ 36.00911868240923, -0.090630953624013, 1698.917537470099433 ], [ 36.008992882224682, -0.090685354940188, 1698.867457944596708 ], [ 36.008872882544722, -0.090738255547801, 1698.967356024909805 ], [ 36.008761383073988, -0.090787554301296, 1699.067275175855229 ], [ 36.00865938306579, -0.090832157265816, 1699.077192726206476 ], [ 36.008564882711077, -0.090872657977844, 1698.757133658503335 ], [ 36.008478183054841, -0.090907956067188, 1698.567079454217492 ], [ 36.008403082714331, -0.09093865849588, 1698.467027851022522 ], [ 36.008339383244198, -0.090965352198588, 1698.376989515480091 ], [ 36.008284882696032, -0.090987556992164, 1698.446964217457435 ], [ 36.008238883137857, -0.091005052511412, 1698.086942577821219 ], [ 36.00820108283019, -0.091015457816574, 1697.966935658426337 ], [ 36.008168982963291, -0.091022354670364, 1697.896956653911047 ], [ 36.008140083080754, -0.091029751794488, 1697.856953665946094 ], [ 36.008111982778971, -0.091036855442729, 1697.836970519205806 ], [ 36.008079882918217, -0.09104595345093, 1697.816967814654163 ], [ 36.008040483484812, -0.091058853480273, 1697.946965572756653 ], [ 36.007997783159567, -0.091075155171116, 1697.866943901950208 ], [ 36.007953682967965, -0.091097253251593, 1697.956892275359678 ], [ 36.00790838301053, -0.091123653610727, 1698.196829174669574 ], [ 36.007869883201998, -0.091143957434231, 1698.286778355123033 ], [ 36.007843883170281, -0.091158458300414, 1698.446746050298316 ], [ 36.00782708373422, -0.091169057247612, 1698.816711508644858 ], [ 36.007812283637335, -0.091176954723098, 1698.996685574356661 ], [ 36.007796383800247, -0.091185952739519, 1699.116673275201038 ], [ 36.007780183811114, -0.091193356610552, 1699.256658772045512 ], [ 36.007761383323967, -0.091200953940086, 1699.456644792755924 ], [ 36.007737483552447, -0.09120845791382, 1699.716636654750346 ], [ 36.007707183810936, -0.091216955702649, 1699.906641045920878 ], [ 36.007668483835268, -0.091228955029443, 1699.476644878767729 ], [ 36.007622883639485, -0.091244956412117, 1699.036628598435072 ], [ 36.007568983355981, -0.091266454021397, 1698.74659020552167 ], [ 36.007504883635434, -0.091293554446559, 1698.296549747208246 ], [ 36.007433983763541, -0.091325357347867, 1697.976500014099429 ], [ 36.007356183686312, -0.091358354244079, 1697.766439946583432 ], [ 36.007271284145631, -0.09139005722623, 1697.756409694674403 ], [ 36.007178183723852, -0.091420853100393, 1697.806394273939986 ], [ 36.007077783719559, -0.091451955829066, 1697.926380474933239 ], [ 36.006973984482606, -0.091483352101912, 1698.186369728955469 ], [ 36.006867384634759, -0.091513454366787, 1698.426381006528345 ], [ 36.00675308412886, -0.091541355404693, 1698.446414327843968 ], [ 36.006635284342487, -0.091565154403538, 1698.636457325735364 ], [ 36.006513084820703, -0.091584357805824, 1699.066551795345958 ], [ 36.006388184748182, -0.091597758242285, 1699.54666848406805 ], [ 36.006263285446543, -0.091606456040396, 1699.516815217634985 ], [ 36.006141385197438, -0.09161045811787, 1699.556989207695324 ], [ 36.006019885121056, -0.091608557041371, 1699.327173875795324 ], [ 36.005895485217295, -0.091600452767455, 1699.087416116190752 ], [ 36.005766785598816, -0.091589253562759, 1698.837671322248525 ], [ 36.005633885487057, -0.091578054366642, 1698.60792196219677 ], [ 36.005497785395853, -0.091568255895803, 1698.388179945082356 ], [ 36.005359986100267, -0.09156005159176, 1698.198446239221994 ], [ 36.005224286223729, -0.091553855004929, 1698.048676868048233 ], [ 36.005097585982632, -0.091548552220037, 1697.918893345113702 ], [ 36.004984886287268, -0.091541555246751, 1697.829105811178579 ], [ 36.004890285925434, -0.09153125662932, 1697.869312731894297 ], [ 36.004816386215317, -0.091520357685742, 1697.869482599246567 ], [ 36.004752286551472, -0.091512453621411, 1697.879616356187171 ], [ 36.004687286447528, -0.091510452676827, 1698.079723109228553 ], [ 36.004619186402053, -0.091514054573779, 1698.179814502135514 ], [ 36.004554386388783, -0.091518957140254, 1698.279878800657798 ], [ 36.004498286681567, -0.091520157779738, 1698.329961335666667 ], [ 36.004441786732578, -0.091518056595874, 1698.090068435775265 ], [ 36.004375286624452, -0.091515054910027, 1697.760183926635364 ], [ 36.00429778669065, -0.091511052722039, 1697.460320234313713 ], [ 36.004209986466606, -0.09150485611378, 1697.260489847368945 ], [ 36.004112587152768, -0.091492956633854, 1697.210697805281143 ], [ 36.004009386516636, -0.091476154621787, 1697.140935955210352 ], [ 36.003911186801858, -0.091459852914168, 1697.181179717577606 ], [ 36.00382778717902, -0.091451455181362, 1697.001343109087202 ], [ 36.003764387014847, -0.091452555658384, 1696.791442817551342 ], [ 36.003713487526596, -0.091455557370059, 1697.181504336100488 ], [ 36.003660987178492, -0.091455557412843, 1697.281575429010218 ], [ 36.003599587251372, -0.091452956125125, 1697.401693238472944 ], [ 36.003527987053452, -0.091447053069534, 1697.361824957567251 ], [ 36.003443987158569, -0.091440156237316, 1697.48199973930241 ], [ 36.003348387100637, -0.091433752907174, 1697.402177468083664 ], [ 36.003246287862368, -0.091427056088368, 1697.312372156119636 ], [ 36.00313968797137, -0.091418051406351, 1697.202581500479027 ], [ 36.003027887898391, -0.091407452553346, 1697.052798571523681 ], [ 36.002919087709252, -0.091395853206644, 1696.953034591128016 ], [ 36.002823587707745, -0.091386955276081, 1696.913218476034217 ], [ 36.002740588304512, -0.091382653031766, 1696.843375737781344 ], [ 36.002659087998936, -0.091379451328355, 1696.713512144313654 ], [ 36.002573388049889, -0.091375756101551, 1696.733666701753464 ], [ 36.002482988181313, -0.091370053174606, 1696.753823666556173 ], [ 36.002386288396735, -0.091362756072394, 1696.724010790936745 ], [ 36.002282688394494, -0.09135595256185, 1696.704215650202741 ], [ 36.002172988582963, -0.0913489556099, 1696.66441131116585 ], [ 36.002059888669237, -0.091340551202779, 1696.474625620781808 ], [ 36.001946288491823, -0.091329552105354, 1696.234866449100991 ], [ 36.001835988362622, -0.091316552033339, 1696.125102304571556 ], [ 36.001729489385234, -0.091304452523017, 1696.245323375169846 ], [ 36.00162878920176, -0.091296455038939, 1696.165517216174067 ], [ 36.001533388420476, -0.091291752609964, 1696.145683311177436 ], [ 36.001445289762437, -0.091287857369785, 1696.375849289202961 ], [ 36.001364489865487, -0.091281854390758, 1696.635998636800423 ], [ 36.00129458891508, -0.091274457369293, 1696.916142876958702 ], [ 36.001242989041643, -0.091267854051293, 1697.106258662968457 ], [ 36.001209290063755, -0.091263952170821, 1697.406333594039097 ], [ 36.001180090051349, -0.091260657209682, 1697.566399090180312 ], [ 36.001144390031023, -0.091256255028979, 1697.766473588304052 ], [ 36.001099690360434, -0.091253053406586, 1697.826556183583307 ], [ 36.001046789800149, -0.091252453119029, 1697.876643224099098 ], [ 36.000987789428081, -0.091251752762887, 1697.886731565143009 ], [ 36.00092218900275, -0.091248557827721, 1697.986854615242464 ], [ 36.00085138923783, -0.091246456801793, 1698.116963420826323 ], [ 36.000779090355508, -0.091247757484311, 1698.14706591149934 ], [ 36.000710289937174, -0.091248958102468, 1698.147164798040649 ], [ 36.000644789543621, -0.091246556840928, 1698.087279888412695 ], [ 36.000583189504844, -0.091240853926716, 1698.13740686647634 ], [ 36.000525389750869, -0.091235557871555, 1698.147517366784541 ], [ 36.000468590489753, -0.091231855893507, 1697.977625338910457 ], [ 36.000410490560313, -0.09122895433175, 1697.817740885275043 ], [ 36.000352890892074, -0.091226252885794, 1697.687838142554483 ], [ 36.000296590228359, -0.091222057345925, 1697.577945487850457 ], [ 36.000240689754662, -0.091212752453811, 1697.338074015912298 ], [ 36.000185191169294, -0.091201853458981, 1697.218220628854624 ], [ 36.000128490324208, -0.091195156716908, 1697.308338593137705 ], [ 36.000065191074896, -0.091193455854293, 1697.338442998693381 ], [ 35.999990791103549, -0.091193455841644, 1697.308557930997267 ], [ 35.999904890186897, -0.09119475641319, 1697.078686701891456 ], [ 35.999808190438067, -0.091197157760423, 1697.33881646403961 ], [ 35.99970839077362, -0.091195957300566, 1697.708985638809509 ], [ 35.999607390497253, -0.091189954389863, 1698.129169516066213 ], [ 35.99950289171624, -0.091184851814638, 1698.249350987222215 ], [ 35.999392091372648, -0.091182957608844, 1698.489535713132 ], [ 35.99927399062387, -0.091181056801302, 1698.889720033910862 ], [ 35.999149291459737, -0.091176954796643, 1699.139932035372794 ], [ 35.999020992106452, -0.09116865729043, 1699.370167171970252 ], [ 35.998891692170304, -0.091159052209815, 1699.050422871387127 ], [ 35.998765892448226, -0.091150154433011, 1699.370653658475931 ], [ 35.99864169190986, -0.091138655411013, 1699.910912062211764 ], [ 35.998520492914217, -0.091124354938408, 1700.431160973970236 ], [ 35.9984019919631, -0.091111255045417, 1700.86141841401809 ], [ 35.998279091972272, -0.09110385771245, 1700.411647919039069 ], [ 35.998158793324315, -0.091103057121402, 1699.991837783545407 ], [ 35.998045991949368, -0.091108653433864, 1700.22197668572403 ], [ 35.997936792417548, -0.091119058850185, 1700.362088635062491 ], [ 35.997837192812959, -0.091131758729715, 1700.3821788151904 ], [ 35.997751493708748, -0.091139756226985, 1700.492268641368582 ], [ 35.997679393239736, -0.091137354927023, 1700.342382214187865 ], [ 35.997618993798085, -0.09113355291883, 1700.222499255910861 ], [ 35.997566393407105, -0.091138655618127, 1700.392551170398292 ], [ 35.997519292467075, -0.0911553574595, 1700.182529234786216 ], [ 35.997472193242665, -0.091181357587014, 1700.362473395942061 ], [ 35.997419692925369, -0.091214754928258, 1700.71238535750399 ], [ 35.997356593795089, -0.091250353321445, 1700.872284324530483 ], [ 35.997282694102225, -0.091285258015716, 1701.012214406096518 ], [ 35.997203793499118, -0.091318255052792, 1701.132173077074185 ], [ 35.997129093437351, -0.0913513589694, 1701.622104628805573 ], [ 35.997069993079116, -0.091381454692137, 1702.162046357169174 ], [ 35.997032493843562, -0.091403559643286, 1702.721985808897898 ], [ 35.997010394191264, -0.091417653765684, 1703.191947214715128 ], [ 35.996990694084189, -0.091429359911107, 1703.471914980223119 ], [ 35.996967693930117, -0.091442660159238, 1703.631884348676522 ], [ 35.996945594276596, -0.091456554174368, 1704.091837033714 ], [ 35.996923794757855, -0.091471555357815, 1704.391795075976461 ], [ 35.996900194323118, -0.091487957300709, 1704.781744894714848 ], [ 35.996874194307402, -0.09150776095207, 1705.071689774817514 ], [ 35.99684439398473, -0.091533260809214, 1705.221596073176897 ], [ 35.996807595033296, -0.091565857563351, 1705.16148455773282 ], [ 35.996762495157917, -0.091604257360193, 1705.231345053391806 ], [ 35.996708293941595, -0.091649160543141, 1705.391197099476358 ], [ 35.996645795121594, -0.091699659944444, 1705.561027114427134 ], [ 35.996579694439951, -0.091756355843257, 1705.670832722504201 ], [ 35.996511594420376, -0.091816460248614, 1705.980620538247649 ], [ 35.996442195399965, -0.0918781588122, 1706.300411781861158 ], [ 35.996371795876819, -0.091942358706044, 1706.720182339826351 ], [ 35.996300095697656, -0.092010060449453, 1707.24993721269152 ], [ 35.996227495073413, -0.092080156822874, 1707.929674856025031 ], [ 35.996156395158906, -0.092153661399799, 1708.099413163886311 ], [ 35.99608659586962, -0.09223305552153, 1707.909102865755585 ], [ 35.996013594950611, -0.092313656995432, 1707.868785054082537 ], [ 35.995939495152285, -0.092392657713577, 1707.988496201195858 ], [ 35.995866996199005, -0.09246995762873, 1708.27819669288192 ], [ 35.995794195444638, -0.092545756843895, 1708.737918909557493 ], [ 35.995717996269178, -0.092615559621931, 1709.157669083191195 ], [ 35.995642695870025, -0.092679859498996, 1709.417442952596502 ], [ 35.995579596717548, -0.092739857041898, 1709.397221859804176 ], [ 35.995532095592473, -0.092790056199015, 1709.35703907437869 ], [ 35.99548849646132, -0.092826955125129, 1709.196909390826704 ], [ 35.995443796734037, -0.092859358301256, 1708.796814627274216 ], [ 35.995405695417155, -0.092895556811341, 1708.506675316338715 ], [ 35.995380695865975, -0.092930954981956, 1708.386533589859937 ], [ 35.995364295728216, -0.092961457252039, 1708.156403673068553 ], [ 35.995348395850463, -0.092987657316009, 1707.946284467313035 ], [ 35.995333696599388, -0.093008654731712, 1707.806197913972483 ], [ 35.995323496343389, -0.093021754791475, 1707.766151820743517 ], [ 35.995317296471491, -0.093029358658761, 1707.656120985418511 ], [ 35.995310096088218, -0.093037456126261, 1707.576087881298918 ], [ 35.995301396622061, -0.093047454649164, 1707.676039818507661 ], [ 35.995293195711405, -0.093057659825677, 1707.496006394405413 ], [ 35.995287296018681, -0.093065757365742, 1707.585969471185308 ], [ 35.995284796403475, -0.093069859494448, 1707.625960418934255 ], [ 35.995282895406376, -0.093072754253909, 1707.47593905531653 ], [ 35.995282296746375, -0.093073454550397, 1707.325942417476881 ], [ 35.995282696931433, -0.093072554014301, 1707.155948338636563 ], [ 35.995283495648856, -0.09307305417792, 1706.935943286009206 ], [ 35.995283195490643, -0.093075255298177, 1706.905933473449977 ], [ 35.995281296156122, -0.093078256762184, 1706.715918264061202 ], [ 35.995278796523671, -0.093082358831128, 1706.615894563719166 ], [ 35.995273595501764, -0.093089455779336, 1706.525869121096093 ], [ 35.995263795427149, -0.09310015451765, 1706.285822746632221 ], [ 35.995248796021563, -0.093116656285806, 1706.145760123898754 ], [ 35.995226396142016, -0.093142055976207, 1706.025666627361034 ], [ 35.995195895420601, -0.093176653717723, 1705.865528943068057 ], [ 35.995157595695353, -0.093219355669425, 1705.795372462363275 ], [ 35.995110096241469, -0.093269354736338, 1705.785174242856556 ], [ 35.995055296360228, -0.093325456936453, 1705.754966302415824 ], [ 35.994994696821735, -0.093382853118908, 1705.684767183393205 ], [ 35.99493059546819, -0.093439155362276, 1705.51457302399308 ], [ 35.99486319575616, -0.093497758811587, 1705.394359684054052 ], [ 35.99479329643755, -0.093560757903852, 1705.384143084366087 ], [ 35.994721296044688, -0.093629253184311, 1705.433898559682575 ], [ 35.994646195720193, -0.093704458577018, 1705.4636194678219 ], [ 35.994565495825455, -0.093784553080656, 1705.323325239526639 ], [ 35.994480797247412, -0.093864254193491, 1705.52303551438672 ], [ 35.994396497214034, -0.093943054864134, 1705.772752933802622 ], [ 35.99431379633107, -0.094021555358938, 1705.972466425654147 ], [ 35.994233896882882, -0.094098054798057, 1706.112188525771671 ], [ 35.994158696513047, -0.094172953387505, 1706.191914244851887 ], [ 35.994085597212539, -0.094246958140848, 1706.171635316925176 ], [ 35.994010496876939, -0.094321056258546, 1706.111365674007629 ], [ 35.993931597916699, -0.094395954779715, 1706.031093385448003 ], [ 35.993849497304566, -0.094472254009148, 1705.920819898130048 ], [ 35.993765397311343, -0.094552555234678, 1705.660534677107989 ], [ 35.993679197891673, -0.094636851807549, 1705.300225703088017 ], [ 35.993589896887656, -0.094723956535302, 1705.039912912616273 ], [ 35.993496797271291, -0.094813655966151, 1704.859578954032713 ], [ 35.99340109798576, -0.094904956229625, 1704.699260142926278 ], [ 35.993303897946113, -0.094996156505599, 1704.688922785880095 ], [ 35.993206697889207, -0.0950862561553, 1704.538607044986975 ], [ 35.993109397777111, -0.095174554865141, 1704.358286821893444 ], [ 35.993012197712808, -0.095261853047159, 1704.147988149699813 ], [ 35.992914397348102, -0.095347550434989, 1704.007690818227729 ], [ 35.992815898315023, -0.095430653239197, 1704.067405048659566 ], [ 35.992717197501563, -0.095512155185217, 1704.047126114508274 ], [ 35.992619997455748, -0.095593850547104, 1703.986850591941447 ], [ 35.992523897948175, -0.095675252326386, 1703.696579193541311 ], [ 35.992432299133981, -0.095749850752846, 1703.75632728015421 ], [ 35.992349898396895, -0.095815451243978, 1703.886100351148571 ], [ 35.992281898373363, -0.095873854581722, 1703.745899976302098 ], [ 35.992230598631011, -0.09592195267437, 1703.745727270658563 ], [ 35.992191098296303, -0.095957751102244, 1703.745600745052343 ], [ 35.99215529821214, -0.095984851762104, 1703.845520075263266 ], [ 35.992117398711386, -0.096011852361949, 1703.925438863476529 ], [ 35.992073998066282, -0.096043955661009, 1704.175337588368848 ], [ 35.99202319861719, -0.096081755242727, 1704.465211168140513 ], [ 35.991963499577984, -0.096124550699636, 1704.685080201005121 ], [ 35.991897599022785, -0.09616905373636, 1704.984951627014198 ], [ 35.991828198312653, -0.096215651116258, 1705.12481380612121 ], [ 35.99175449872282, -0.096265650247249, 1705.264664795732642 ], [ 35.991675899919557, -0.096319951507558, 1705.204503864651997 ], [ 35.991593399155619, -0.096376654170386, 1705.534335749545107 ], [ 35.991509599357585, -0.096438852884797, 1705.604131162558133 ], [ 35.991424498891192, -0.096503552891091, 1705.683925271358703 ], [ 35.991336900472191, -0.096568853206393, 1705.763720063688197 ], [ 35.991248099771298, -0.096633553225453, 1705.87351860660192 ], [ 35.991159499173413, -0.096698053141529, 1705.983317888755209 ], [ 35.99107190074578, -0.096762853169436, 1705.993107969772154 ], [ 35.99098599986857, -0.096826652716452, 1706.082917769988626 ], [ 35.990903300643261, -0.096885456371212, 1706.202732279043857 ], [ 35.990827099766982, -0.096938850587498, 1706.352563877071816 ], [ 35.990757800770972, -0.09699105083449, 1706.452403369157309 ], [ 35.990691199839198, -0.097041550235793, 1706.622239683191992 ], [ 35.990623800176451, -0.097085553006473, 1706.902111742467014 ], [ 35.990554601244249, -0.097118349974663, 1707.102043217367964 ], [ 35.990488600627678, -0.097135952463117, 1707.322053396883348 ], [ 35.990435101477615, -0.097138654054405, 1707.792122260750375 ], [ 35.990392201130696, -0.097133751778368, 1708.372215234204305 ], [ 35.990350901586922, -0.097127555430352, 1708.78231434803547 ], [ 35.990303600595638, -0.097123053202411, 1708.992401581130935 ], [ 35.990246401156845, -0.097118851065021, 1709.05252373453709 ], [ 35.99018000030344, -0.097112654529283, 1709.022643503203653 ], [ 35.99010730119906, -0.097104957191127, 1708.922803923223 ], [ 35.99002980127883, -0.097096752886963, 1708.732962728372058 ], [ 35.989948801222155, -0.097088555248636, 1708.533132339754957 ], [ 35.989869702132999, -0.097079850644273, 1708.243290096088913 ], [ 35.989797801754669, -0.097070652469547, 1707.993447974311039 ], [ 35.989734500803316, -0.0970605538313, 1707.743597413421412 ], [ 35.989679500794395, -0.097056351570135, 1707.513707660629507 ], [ 35.989463526218699, -0.0970583184159, 1707.593728707443915 ] ] ] } },
{ "type": "Feature", "properties": { "Name": null, "Type": "Murram", "Length_Km": 0.00035284308, "main__road": 0, "Type2": 0 }, "geometry": { "type": "MultiLineString", "coordinates": [ [ [ 36.024416599706306, -0.207685251357043, 1952.004100000005565 ], [ 36.024415886116927, -0.207682145402038, 1952.604200000001583 ] ] ] } },
{ "type": "Feature", "properties": { "Name": null, "Type": "Murram", "Length_Km": 11.310917957299999, "main__road": 0, "Type2": 0 }, "geometry": { "type": "MultiLineString", "coordinates": [ [ [ 36.081604372613995, -0.130090852209883, 0.0 ], [ 36.081611861950861, -0.130105666480196, 0.0 ], [ 36.081604571950805, -0.130199876479945, 0.0 ], [ 36.081564581950694, -0.130341366479628, 0.0 ], [ 36.081513871950577, -0.130524426479243, 0.0 ], [ 36.081490741950518, -0.130623836478965, 0.0 ], [ 36.081470121950481, -0.130723996478774, 0.0 ], [ 36.081448581950397, -0.13082659647857, 0.0 ], [ 36.081427121950327, -0.130931956478323, 0.0 ], [ 36.081406331950269, -0.131040756478038, 0.0 ], [ 36.081383621950216, -0.131150306477834, 0.0 ], [ 36.08136166195014, -0.131257756477549, 0.0 ], [ 36.081344901950061, -0.13136345647732, 0.0 ], [ 36.081330231949998, -0.13146973647705, 0.0 ], [ 36.081318241949923, -0.131579626476781, 0.0 ], [ 36.081304241949859, -0.131693286476528, 0.0 ], [ 36.081291751949777, -0.131811386476226, 0.0 ], [ 36.081284041949679, -0.13193375647599, 0.0 ], [ 36.081275661949611, -0.132060156475709, 0.0 ], [ 36.081266271949524, -0.132187146475319, 0.0 ], [ 36.081256721949451, -0.132310446475043, 0.0 ], [ 36.081246241949366, -0.132430056474773, 0.0 ], [ 36.081235091949303, -0.132546646474527, 0.0 ], [ 36.081221851949202, -0.132661476474209, 0.0 ], [ 36.081210031949162, -0.132769936474011, 0.0 ], [ 36.081203661949083, -0.132872286473709, 0.0 ], [ 36.081195031949015, -0.132970186473522, 0.0 ], [ 36.081188491948943, -0.133066826473322, 0.0 ], [ 36.081179691948876, -0.133167656473086, 0.0 ], [ 36.081171051948829, -0.1332715964728, 0.0 ], [ 36.081164101948744, -0.133377546472509, 0.0 ], [ 36.081156551948688, -0.133486006472301, 0.0 ], [ 36.08114574194861, -0.133596226471987, 0.0 ], [ 36.081133341948536, -0.133707376471815, 0.0 ], [ 36.081122521948458, -0.133817756471535, 0.0 ], [ 36.08111355194837, -0.133926056471292, 0.0 ], [ 36.08110542194833, -0.134029156471029, 0.0 ], [ 36.081094951948245, -0.134127976470747, 0.0 ], [ 36.081085061948208, -0.13422009647057, 0.0 ], [ 36.081069471948098, -0.134386386470167, 0.0 ], [ 36.081100651947999, -0.134534496469764, 0.0 ], [ 36.081154041947883, -0.134687046469331, 0.0 ], [ 36.081155801947759, -0.13484940646899, 0.0 ], [ 36.081133591947662, -0.135019976468558, 0.0 ], [ 36.081108441947549, -0.13520462646815, 0.0 ], [ 36.081093021947481, -0.135302536467878, 0.0 ], [ 36.081075921947424, -0.13540529646769, 0.0 ], [ 36.081058821947352, -0.135511156467461, 0.0 ], [ 36.081042731947271, -0.135619196467175, 0.0 ], [ 36.081026631947211, -0.135728836466952, 0.0 ], [ 36.08101088194713, -0.135840566466696, 0.0 ], [ 36.080995031947076, -0.135953046466447, 0.0 ], [ 36.080979531946994, -0.13606595646614, 0.0 ], [ 36.08096494194691, -0.136181286465896, 0.0 ], [ 36.080949351946842, -0.136299976465591, 0.0 ], [ 36.080932671946769, -0.136421936465357, 0.0 ], [ 36.08091960194669, -0.136542126465059, 0.0 ], [ 36.08090803194662, -0.136656966464753, 0.0 ], [ 36.08089856194654, -0.136764086464483, 0.0 ], [ 36.080890431946493, -0.136861146464305, 0.0 ], [ 36.080878271946382, -0.137012186463953, 0.0 ], [ 36.080864361946311, -0.137104726463726, 0.0 ], [ 36.080775761946299, -0.137163486463572, 0.0 ], [ 36.080644251946339, -0.137122076463813, 0.0 ], [ 36.080528671946382, -0.137086866464024, 0.0 ], [ 36.080370501946433, -0.137039936464191, 0.0 ], [ 36.080195991946503, -0.136983436464455, 0.0 ], [ 36.080028851946558, -0.136923086464729, 0.0 ], [ 36.07984512194664, -0.136881096464965, 0.0 ], [ 36.079746051946664, -0.136857126465055, 0.0 ], [ 36.079641691946684, -0.136830466465205, 0.0 ], [ 36.079532481946714, -0.136800126465332, 0.0 ], [ 36.07942100194677, -0.136767436465525, 0.0 ], [ 36.079310771946794, -0.136739696465643, 0.0 ], [ 36.079210441946842, -0.136712786465769, 0.0 ], [ 36.07906376194687, -0.136675906465931, 0.0 ], [ 36.078955051946913, -0.136658306466033, 0.0 ], [ 36.078837621946974, -0.136617656466245, 0.0 ], [ 36.078703591947026, -0.136569206466465, 0.0 ], [ 36.078544001947087, -0.136513886466716, 0.0 ], [ 36.078375021947139, -0.136463426466941, 0.0 ], [ 36.078285251947165, -0.136439456467048, 0.0 ], [ 36.078196821947209, -0.136417996467179, 0.0 ], [ 36.078056421947231, -0.136385556467343, 0.0 ], [ 36.077964641947247, -0.136391676467418, 0.0 ], [ 36.077900271947179, -0.136498546467134, 0.0 ], [ 36.077885351947117, -0.13660206646696, 0.0 ], [ 36.077873701947034, -0.13674547646657, 0.0 ], [ 36.077850231946911, -0.136923256466131, 0.0 ], [ 36.077837741946858, -0.137016466465991, 0.0 ], [ 36.077823741946801, -0.137108246465773, 0.0 ], [ 36.07780832194674, -0.137202206465568, 0.0 ], [ 36.077792901946665, -0.137299096465343, 0.0 ], [ 36.077778061946589, -0.137400106465061, 0.0 ], [ 36.07776339194654, -0.137505376464836, 0.0 ], [ 36.077747891946466, -0.137615096464539, 0.0 ], [ 36.077732041946376, -0.137728336464338, 0.0 ], [ 36.077716541946316, -0.137840486464031, 0.0 ], [ 36.077700021946249, -0.137947356463827, 0.0 ], [ 36.077682761946186, -0.138053136463542, 0.0 ], [ 36.077666251946127, -0.138164026463324, 0.0 ], [ 36.077648891946041, -0.138282386463043, 0.0 ], [ 36.077632471945961, -0.13840752646272, 0.0 ], [ 36.077616541945865, -0.138537446462395, 0.0 ], [ 36.077597181945769, -0.138670796462136, 0.0 ], [ 36.077579831945705, -0.138802476461756, 0.0 ], [ 36.077561721945628, -0.138934076461436, 0.0 ], [ 36.077543871945522, -0.139066256461174, 0.0 ], [ 36.077524761945455, -0.139199446460904, 0.0 ], [ 36.077502971945343, -0.139335656460555, 0.0 ], [ 36.077484441945273, -0.139471946460216, 0.0 ], [ 36.077464581945165, -0.13961024645995, 0.0 ], [ 36.0774438719451, -0.139750136459595, 0.0 ], [ 36.077423841945013, -0.139889946459287, 0.0 ], [ 36.07740465194491, -0.14002807645894, 0.0 ], [ 36.077385451944821, -0.140162446458658, 0.0 ], [ 36.077366171944739, -0.140292026458358, 0.0 ], [ 36.077347401944657, -0.140417836458067, 0.0 ], [ 36.077329131944587, -0.140538036457757, 0.0 ], [ 36.077313621944519, -0.140642726457527, 0.0 ], [ 36.077290321944417, -0.140804576457141, 0.0 ], [ 36.077259641944337, -0.140946656456872, 0.0 ], [ 36.077228461944244, -0.141094176456508, 0.0 ], [ 36.077199791944118, -0.141252676456106, 0.0 ], [ 36.077172051944025, -0.141421656455776, 0.0 ], [ 36.077153021943978, -0.141509746455506, 0.0 ], [ 36.077134081943925, -0.141601536455361, 0.0 ], [ 36.077096361943774, -0.141800606454827, 0.0 ], [ 36.077073481943721, -0.141900346454647, 0.0 ], [ 36.077056131943664, -0.142000846454425, 0.0 ], [ 36.077036181943598, -0.142104946454183, 0.0 ], [ 36.077020251943537, -0.14220159645397, 0.0 ], [ 36.076994021943428, -0.142352046453656, 0.0 ], [ 36.076963421943333, -0.142502246453264, 0.0 ], [ 36.076925621943225, -0.142666956452928, 0.0 ], [ 36.076891251943138, -0.142843056452422, 0.0 ], [ 36.076857561942987, -0.143020676452109, 0.0 ], [ 36.076839961942966, -0.14311513645188, 0.0 ], [ 36.076821351942897, -0.143213286451609, 0.0 ], [ 36.076800391942832, -0.1433154664514, 0.0 ], [ 36.076778851942763, -0.143419906451177, 0.0 ], [ 36.0767570619427, -0.143521826450913, 0.0 ], [ 36.076738121942626, -0.143620476450659, 0.0 ], [ 36.076718251942573, -0.143712936450536, 0.0 ], [ 36.076685981942482, -0.143851486450202, 0.0 ], [ 36.076663771942407, -0.143953326449996, 0.0 ], [ 36.076628151942352, -0.144074696449647, 0.0 ], [ 36.07662077194226, -0.144179556449376, 0.0 ], [ 36.076693781942247, -0.14422934644927, 0.0 ], [ 36.076832251942193, -0.144269236449023, 0.0 ], [ 36.076938441942147, -0.144307126448884, 0.0 ], [ 36.077048161942088, -0.144337466448765, 0.0 ], [ 36.077169031942041, -0.144368396448631, 0.0 ], [ 36.077291571942013, -0.144409976448385, 0.0 ], [ 36.077401961941973, -0.144449536448246, 0.0 ], [ 36.077492321941939, -0.144476356448105, 0.0 ], [ 36.077614191941876, -0.14452220644791, 0.0 ], [ 36.077725591941871, -0.144564286447706, 0.0 ], [ 36.07785685194181, -0.14459973644758, 0.0 ], [ 36.077969081941767, -0.144631836447396, 0.0 ], [ 36.078034551941698, -0.144715156447215, 0.0 ], [ 36.078007051941654, -0.144804176447022, 0.0 ], [ 36.077972861941603, -0.144904086446761, 0.0 ], [ 36.077938991941522, -0.14500575644657, 0.0 ], [ 36.077897421941472, -0.145100136446369, 0.0 ], [ 36.077861041941389, -0.145220086446072, 0.0 ], [ 36.077828181941335, -0.145322346445843, 0.0 ], [ 36.077784181941247, -0.145456536445591, 0.0 ], [ 36.077730871941149, -0.145612946445141, 0.0 ], [ 36.077684771941051, -0.145762136444861, 0.0 ], [ 36.077655431941004, -0.145851826444715, 0.0 ], [ 36.077629871940957, -0.145952746444416, 0.0 ], [ 36.077592571940862, -0.14606556644423, 0.0 ], [ 36.077559881940822, -0.146164976443962, 0.0 ], [ 36.077520481940738, -0.14627578644372, 0.0 ], [ 36.077487881940712, -0.146359096443595, 0.0 ], [ 36.077450161940618, -0.14647476644332, 0.0 ], [ 36.07742552194059, -0.146577446443035, 0.0 ], [ 36.077387551940468, -0.146699576442828, 0.0 ], [ 36.077340021940394, -0.146841056442507, 0.0 ], [ 36.077300041940305, -0.146991686442169, 0.0 ], [ 36.077271881940227, -0.147089586441962, 0.0 ], [ 36.07724514194021, -0.147138446441829, 0.0 ], [ 36.07727925194019, -0.147166196441741, 0.0 ], [ 36.077357291940132, -0.147239866441544, 0.0 ], [ 36.077324681940055, -0.147361826441228, 0.0 ], [ 36.077296691939978, -0.147470796441018, 0.0 ], [ 36.077262741939904, -0.147594256440716, 0.0 ], [ 36.077218071939825, -0.14775267644035, 0.0 ], [ 36.077166681939701, -0.147930536439935, 0.0 ], [ 36.07713953193965, -0.148027856439782, 0.0 ], [ 36.077111451939587, -0.148128356439556, 0.0 ], [ 36.077083121939516, -0.1482281764393, 0.0 ], [ 36.077025781939405, -0.148426996438869, 0.0 ], [ 36.076997541939335, -0.148528926438663, 0.0 ], [ 36.076962921939256, -0.148634196438408, 0.0 ], [ 36.076927461939192, -0.148744256438194, 0.0 ], [ 36.076894361939132, -0.148854726437953, 0.0 ], [ 36.076866031939076, -0.148953886437743, 0.0 ], [ 36.076816151938971, -0.149122526437366, 0.0 ], [ 36.076765781938846, -0.14929368643695, 0.0 ], [ 36.076739791938806, -0.149385046436714, 0.0 ], [ 36.076712891938733, -0.149480356436502, 0.0 ], [ 36.076684391938677, -0.149578166436322, 0.0 ], [ 36.07665539193863, -0.149676996436068, 0.0 ], [ 36.076622951938553, -0.149777826435889, 0.0 ], [ 36.076589671938493, -0.149883686435688, 0.0 ], [ 36.076556231938419, -0.149996176435356, 0.0 ], [ 36.07652119193834, -0.150114526435079, 0.0 ], [ 36.076483981938267, -0.150238666434811, 0.0 ], [ 36.076448191938198, -0.150365736434565, 0.0 ], [ 36.076411731938101, -0.150495736434257, 0.0 ], [ 36.076374931938034, -0.15062749643394, 0.0 ], [ 36.076339051937943, -0.150758846433676, 0.0 ], [ 36.076303771937859, -0.15088867643335, 0.0 ], [ 36.076267981937796, -0.151015746433105, 0.0 ], [ 36.076234281937701, -0.151139296432823, 0.0 ], [ 36.076202771937631, -0.151258406432579, 0.0 ], [ 36.07617184193758, -0.15137139643234, 0.0 ], [ 36.076141661937498, -0.151476836432057, 0.0 ], [ 36.076112661937458, -0.151572556431914, 0.0 ], [ 36.076063121937366, -0.151736426431468, 0.0 ], [ 36.076011831937265, -0.151864086431256, 0.0 ], [ 36.075985671937225, -0.151954776431051, 0.0 ], [ 36.075922061937163, -0.152070866430759, 0.0 ], [ 36.075846201937132, -0.152125266430713, 0.0 ], [ 36.075738661937095, -0.152184946430619, 0.0 ], [ 36.075651821937072, -0.152238836430628, 0.0 ], [ 36.075557691937043, -0.152297676430531, 0.0 ], [ 36.075468341937047, -0.152352746430395, 0.0 ], [ 36.075395341937011, -0.152413596430288, 0.0 ], [ 36.075311181936947, -0.152508646430151, 0.0 ], [ 36.075227951936931, -0.152561536430063, 0.0 ], [ 36.075133321936931, -0.152590626430091, 0.0 ], [ 36.075022841936907, -0.152643346430019, 0.0 ], [ 36.074932571936891, -0.152678046430006, 0.0 ], [ 36.074826621936893, -0.152714766429961, 0.0 ], [ 36.074717741936858, -0.152759606429956, 0.0 ], [ 36.074603671936856, -0.15280746642989, 0.0 ], [ 36.07447375193685, -0.152864126429833, 0.0 ], [ 36.074302761936821, -0.152941996429804, 0.0 ], [ 36.074210471936794, -0.15298549642973, 0.0 ], [ 36.074117771936777, -0.15302950642969, 0.0 ], [ 36.074020371936768, -0.153075096429656, 0.0 ], [ 36.073920621936765, -0.1531239664296, 0.0 ], [ 36.073817441936747, -0.153174256429495, 0.0 ], [ 36.07370982193671, -0.1532247964295, 0.0 ], [ 36.073597751936688, -0.153275596429422, 0.0 ], [ 36.073484851936691, -0.153326726429356, 0.0 ], [ 36.073375301936679, -0.153376426429382, 0.0 ], [ 36.073275391936654, -0.153423536429319, 0.0 ], [ 36.073187291936634, -0.153467456429271, 0.0 ], [ 36.073103141936635, -0.153508776429213, 0.0 ], [ 36.073021081936623, -0.153547336429172, 0.0 ], [ 36.072850591936607, -0.153594776429184, 0.0 ], [ 36.072759651936614, -0.153600056429225, 0.0 ], [ 36.07266543193662, -0.153598636429336, 0.0 ], [ 36.072566861936657, -0.153596536429387, 0.0 ], [ 36.072465271936665, -0.153591756429408, 0.0 ], [ 36.072360171936694, -0.153587486429537, 0.0 ], [ 36.072250281936697, -0.15359125642954, 0.0 ], [ 36.072137371936705, -0.153601736429592, 0.0 ], [ 36.072032271936727, -0.153613636429683, 0.0 ], [ 36.071892461936734, -0.153630066429684, 0.0 ], [ 36.071792631936738, -0.153643136429734, 0.0 ], [ 36.071660281936737, -0.153662166429792, 0.0 ], [ 36.071478391936758, -0.153687736429864, 0.0 ], [ 36.071376381936751, -0.153701726429926, 0.0 ], [ 36.071273031936776, -0.153716146429974, 0.0 ], [ 36.071166921936772, -0.15373039642998, 0.0 ], [ 36.071056281936769, -0.153745396430057, 0.0 ], [ 36.070941441936782, -0.153759986430094, 0.0 ], [ 36.070823181936788, -0.153775996430098, 0.0 ], [ 36.070703821936817, -0.15379292643011, 0.0 ], [ 36.070583451936812, -0.153811786430145, 0.0 ], [ 36.070465521936818, -0.15383047643019, 0.0 ], [ 36.070351021936816, -0.15385008643023, 0.0 ], [ 36.070239461936829, -0.153873646430277, 0.0 ], [ 36.07013209193682, -0.153900636430233, 0.0 ], [ 36.070028321936839, -0.153935246430296, 0.0 ], [ 36.069929831936804, -0.153974396430214, 0.0 ], [ 36.069835451936804, -0.15401185643018, 0.0 ], [ 36.069745431936788, -0.154048996430117, 0.0 ], [ 36.069658341936758, -0.154086456430172, 0.0 ], [ 36.069570921936759, -0.154128366430109, 0.0 ], [ 36.069485841936753, -0.154166256430032, 0.0 ], [ 36.069404621936755, -0.154201376430027, 0.0 ], [ 36.069293561936718, -0.154249986429965, 0.0 ], [ 36.069198761936711, -0.154293746429955, 0.0 ], [ 36.069091641936687, -0.154343446429938, 0.0 ], [ 36.068977401936685, -0.154399186429862, 0.0 ], [ 36.068812781936664, -0.154468426429814, 0.0 ], [ 36.068716471936625, -0.154511586429769, 0.0 ], [ 36.068616141936609, -0.154556096429706, 0.0 ], [ 36.068510271936631, -0.154602366429682, 0.0 ], [ 36.068395781936594, -0.154652486429634, 0.0 ], [ 36.068272561936553, -0.154706136429609, 0.0 ], [ 36.068142641936561, -0.154764726429555, 0.0 ], [ 36.068007861936543, -0.15482792642944, 0.0 ], [ 36.067869561936519, -0.154893466429405, 0.0 ], [ 36.067727991936508, -0.154958176429274, 0.0 ], [ 36.067584161936459, -0.155024396429237, 0.0 ], [ 36.067441161936458, -0.155092376429194, 0.0 ], [ 36.067298171936443, -0.155159256429163, 0.0 ], [ 36.067153241936417, -0.155225476429038, 0.0 ], [ 36.067007151936394, -0.155291946429003, 0.0 ], [ 36.066861891936355, -0.155356736428945, 0.0 ], [ 36.066718891936333, -0.155422456428892, 0.0 ], [ 36.066579171936304, -0.155488836428816, 0.0 ], [ 36.066441961936313, -0.155552036428775, 0.0 ], [ 36.066307761936272, -0.155610626428728, 0.0 ], [ 36.066176251936263, -0.155666276428684, 0.0 ], [ 36.066044571936253, -0.155723696428607, 0.0 ], [ 36.065912891936243, -0.155782456428521, 0.0 ], [ 36.065781381936198, -0.155843726428533, 0.0 ], [ 36.065650951936199, -0.155902486428443, 0.0 ], [ 36.065526401936182, -0.155957046428359, 0.0 ], [ 36.065404281936175, -0.156010356428351, 0.0 ], [ 36.065284921936147, -0.156063666428318, 0.0 ], [ 36.065167741936129, -0.156116976428229, 0.0 ], [ 36.065053241936099, -0.156168776428188, 0.0 ], [ 36.064950731936072, -0.156217056428141, 0.0 ], [ 36.064868591936069, -0.156257876428133, 0.0 ], [ 36.06474118193605, -0.156313946428091, 0.0 ], [ 36.064617051936047, -0.156365836427981, 0.0 ], [ 36.064489731936021, -0.156419986427945, 0.0 ], [ 36.064370951935999, -0.156486196427875, 0.0 ], [ 36.064256881935982, -0.156560886427753, 0.0 ], [ 36.064136851935935, -0.156628946427761, 0.0 ], [ 36.063994361935947, -0.15670069642765, 0.0 ], [ 36.063840381935883, -0.156780066427507, 0.0 ], [ 36.063758991935877, -0.156819796427442, 0.0 ], [ 36.063675091935849, -0.156856926427459, 0.0 ], [ 36.063588171935855, -0.156889706427404, 0.0 ], [ 36.063500331935849, -0.156920796427447, 0.0 ], [ 36.063414161935846, -0.156953656427385, 0.0 ], [ 36.063325981935826, -0.156986766427347, 0.0 ], [ 36.06323630193581, -0.1570152664274, 0.0 ], [ 36.063145691935809, -0.157039156427389, 0.0 ], [ 36.063055081935815, -0.15706094642738, 0.0 ], [ 36.062967491935822, -0.157081486427375, 0.0 ], [ 36.062801361935819, -0.157121126427392, 0.0 ], [ 36.062646041935835, -0.157146186427409, 0.0 ], [ 36.062501371935817, -0.157179636427452, 0.0 ], [ 36.062366671935813, -0.15722305642747, 0.0 ], [ 36.062233151935821, -0.157253566427418, 0.0 ], [ 36.06211002193583, -0.157272336427502, 0.0 ], [ 36.062011871935816, -0.157291276427556, 0.0 ], [ 36.061896031935831, -0.157333356427514, 0.0 ], [ 36.061779941935811, -0.157377526427495, 0.0 ], [ 36.061667621935783, -0.157450366427399, 0.0 ], [ 36.061606771935743, -0.157522536427227, 0.0 ], [ 36.061541891935669, -0.157627146426991, 0.0 ], [ 36.061500741935625, -0.157711126426894, 0.0 ], [ 36.061466791935587, -0.157808776426677, 0.0 ], [ 36.061423631935519, -0.157907436426451, 0.0 ], [ 36.061361351935481, -0.15798228642626, 0.0 ], [ 36.06126848193545, -0.158051436426146, 0.0 ], [ 36.06114518193543, -0.15809166642614, 0.0 ], [ 36.061031521935426, -0.158128796426163, 0.0 ], [ 36.060923061935419, -0.158167856426113, 0.0 ], [ 36.060815771935417, -0.158186886426205, 0.0 ], [ 36.06070094193543, -0.158188146426268, 0.0 ], [ 36.060602621935452, -0.158194766426315, 0.0 ], [ 36.060479661935446, -0.158221006426292, 0.0 ], [ 36.060330461935443, -0.158270456426314, 0.0 ], [ 36.060170781935412, -0.158344386426246, 0.0 ], [ 36.060093841935398, -0.158396686426136, 0.0 ], [ 36.060019071935365, -0.158458296426041, 0.0 ], [ 36.059948751935323, -0.15852836642595, 0.0 ], [ 36.059885041935274, -0.158601456425773, 0.0 ], [ 36.059829891935259, -0.158673626425624, 0.0 ], [ 36.059737191935184, -0.158823576425337, 0.0 ], [ 36.059644731935073, -0.158973276425008, 0.0 ], [ 36.059558151935008, -0.159111246424749, 0.0 ], [ 36.059493361934948, -0.159235296424552, 0.0 ], [ 36.059437951934846, -0.159366056424239, 0.0 ], [ 36.059363771934763, -0.159511726423953, 0.0 ], [ 36.059278531934666, -0.159668306423672, 0.0 ], [ 36.059230841934635, -0.159749526423476, 0.0 ], [ 36.05918054193458, -0.159834096423253, 0.0 ], [ 36.059129831934541, -0.15992269642307, 0.0 ], [ 36.059078121934469, -0.160014896422862, 0.0 ], [ 36.059024891934413, -0.160109776422681, 0.0 ], [ 36.058972171934357, -0.160205246422489, 0.0 ], [ 36.058920871934319, -0.160299966422341, 0.0 ], [ 36.058868991934261, -0.160391746422098, 0.0 ], [ 36.058815681934206, -0.160480766421953, 0.0 ], [ 36.058761621934138, -0.160568266421772, 0.0 ], [ 36.058708561934118, -0.160652086421589, 0.0 ], [ 36.058657091934073, -0.160729366421466, 0.0 ], [ 36.058603031934027, -0.160803126421315, 0.0 ], [ 36.058543691933991, -0.160875546421165, 0.0 ], [ 36.058481071933947, -0.160946546421069, 0.0 ], [ 36.058415531933925, -0.161016366420918, 0.0 ], [ 36.058344871933876, -0.161084846420838, 0.0 ], [ 36.058270021933851, -0.16114980642073, 0.0 ], [ 36.058194581933805, -0.161212256420637, 0.0 ], [ 36.058118221933796, -0.161272186420538, 0.0 ], [ 36.058039351933772, -0.161325826420435, 0.0 ], [ 36.057958801933751, -0.161371676420364, 0.0 ], [ 36.057798791933735, -0.161456166420262, 0.0 ], [ 36.057715891933697, -0.161501256420246, 0.0 ], [ 36.057629981933673, -0.161549286420207, 0.0 ], [ 36.057541551933681, -0.161599576420156, 0.0 ], [ 36.057452031933643, -0.161651886420083, 0.0 ], [ 36.057361671933634, -0.161709126419951, 0.0 ], [ 36.057270231933572, -0.161772836419846, 0.0 ], [ 36.05717476193356, -0.161838046419783, 0.0 ], [ 36.057071491933549, -0.161900236419721, 0.0 ], [ 36.056960181933505, -0.161956066419649, 0.0 ], [ 36.056841241933483, -0.162005596419595, 0.0 ], [ 36.056717941933485, -0.16205094641959, 0.0 ], [ 36.05659230193347, -0.162093186419577, 0.0 ], [ 36.05646707193349, -0.162132336419523, 0.0 ], [ 36.056343771933484, -0.162165776419539, 0.0 ], [ 36.056226091933496, -0.162196706419525, 0.0 ], [ 36.056114191933482, -0.162228726419547, 0.0 ], [ 36.05600992193348, -0.162260326419531, 0.0 ], [ 36.055916881933442, -0.162288656419538, 0.0 ], [ 36.055783441933464, -0.162328306419518, 0.0 ], [ 36.055715131933468, -0.16234204641956, 0.0 ], [ 36.055632571933444, -0.162369796419538, 0.0 ], [ 36.05554582193345, -0.162397196419471, 0.0 ], [ 36.055411791933444, -0.162428966419557, 0.0 ], [ 36.055294361933448, -0.16246115641954, 0.0 ], [ 36.055137951933439, -0.162504236419514, 0.0 ], [ 36.05504994193344, -0.162528296419549, 0.0 ], [ 36.054959921933431, -0.162552096419532, 0.0 ], [ 36.054868391933432, -0.162576746419569, 0.0 ], [ 36.054772921933427, -0.162602896419555, 0.0 ], [ 36.054672921933417, -0.162630386419505, 0.0 ], [ 36.05456639193342, -0.162659306419573, 0.0 ], [ 36.054455671933425, -0.162688056419568, 0.0 ], [ 36.054345701933421, -0.162716966419561, 0.0 ], [ 36.054241931933419, -0.162744466419566, 0.0 ], [ 36.054150561933412, -0.162768096419601, 0.0 ], [ 36.05400489193341, -0.162807496419531, 0.0 ], [ 36.053867421933418, -0.16284546641959, 0.0 ], [ 36.0537435419334, -0.162882676419601, 0.0 ], [ 36.053634661933408, -0.162913356419583, 0.0 ], [ 36.053523431933407, -0.162943446419552, 0.0 ], [ 36.053422181933392, -0.16297529641952, 0.0 ], [ 36.053327631933385, -0.163006066419581, 0.0 ], [ 36.053189501933382, -0.163051236419502, 0.0 ], [ 36.053059831933382, -0.163087706419517, 0.0 ], [ 36.052924961933364, -0.163123826419496, 0.0 ], [ 36.052814571933361, -0.163165986419544, 0.0 ], [ 36.052716671933347, -0.163207896419426, 0.0 ], [ 36.052598071933346, -0.163230196419483, 0.0 ], [ 36.052495561933355, -0.163255846419485, 0.0 ], [ 36.052400671933341, -0.163284756419483, 0.0 ], [ 36.052289871933354, -0.163312756419474, 0.0 ], [ 36.052180231933349, -0.163337146419507, 0.0 ], [ 36.052093061933348, -0.163348126419592, 0.0 ], [ 36.051992481933375, -0.163359276419576, 0.0 ], [ 36.051906061933359, -0.163387356419553, 0.0 ], [ 36.051815371933351, -0.163416436419589, 0.0 ], [ 36.051725431933342, -0.163441756419567, 0.0 ], [ 36.051614371933347, -0.163458186419607, 0.0 ], [ 36.051483861933363, -0.16345759641968, 0.0 ], [ 36.051333071933414, -0.163425996419917, 0.0 ], [ 36.051177251933495, -0.163357686420101, 0.0 ], [ 36.051012881933559, -0.163281496420443, 0.0 ], [ 36.050925381933602, -0.163239666420647, 0.0 ], [ 36.050839961933647, -0.16319239642082, 0.0 ], [ 36.050753971933695, -0.16314193642093, 0.0 ], [ 36.050671151933749, -0.163089796421113, 0.0 ], [ 36.050581051933776, -0.163037666421365, 0.0 ], [ 36.050490691933831, -0.162983176421496, 0.0 ], [ 36.05039648193388, -0.162924846421658, 0.0 ], [ 36.050298241933952, -0.1628617264219, 0.0 ], [ 36.050195651934018, -0.162793496422145, 0.0 ], [ 36.050085681934085, -0.162720656422458, 0.0 ], [ 36.049973781934156, -0.162644296422659, 0.0 ], [ 36.049861541934213, -0.162566596423007, 0.0 ], [ 36.049748391934294, -0.162489406423177, 0.0 ], [ 36.049640261934329, -0.162414966423473, 0.0 ], [ 36.049532891934412, -0.16234883642368, 0.0 ], [ 36.049422081934473, -0.162291676423905, 0.0 ], [ 36.049309761934531, -0.162238866424113, 0.0 ], [ 36.049197701934574, -0.162185556424324, 0.0 ], [ 36.049088061934633, -0.162129906424512, 0.0 ], [ 36.048982791934662, -0.162073076424715, 0.0 ], [ 36.048881031934719, -0.162016996424942, 0.0 ], [ 36.048784471934788, -0.161962346425104, 0.0 ], [ 36.048683891934843, -0.161906856425389, 0.0 ], [ 36.048579371934878, -0.161850196425548, 0.0 ], [ 36.048474761934955, -0.161792696425765, 0.0 ], [ 36.048371751934994, -0.161733776425964, 0.0 ], [ 36.048272171935054, -0.161675436426206, 0.0 ], [ 36.048181901935095, -0.161622046426415, 0.0 ], [ 36.048045771935172, -0.161543166426628, 0.0 ], [ 36.047960531935217, -0.161508296426764, 0.0 ], [ 36.047844191935262, -0.161446946427038, 0.0 ], [ 36.047766821935298, -0.161402106427175, 0.0 ], [ 36.047670601935359, -0.16135239642733, 0.0 ], [ 36.047561631935402, -0.161296576427586, 0.0 ], [ 36.047420821935475, -0.161225496427805, 0.0 ], [ 36.047256371935553, -0.161144356428172, 0.0 ], [ 36.047168441935611, -0.161099346428324, 0.0 ], [ 36.047077331935661, -0.161052236428528, 0.0 ], [ 36.046982281935698, -0.16100228642864, 0.0 ], [ 36.046879431935743, -0.160949646428851, 0.0 ], [ 36.046770891935793, -0.160896336429043, 0.0 ], [ 36.04666100193586, -0.160841936429235, 0.0 ], [ 36.046551451935912, -0.160785776429444, 0.0 ], [ 36.046443241935968, -0.160729456429665, 0.0 ], [ 36.04633578193603, -0.160674386429897, 0.0 ], [ 36.04623210193607, -0.16062249643006, 0.0 ], [ 36.046136881936114, -0.1605766564303, 0.0 ], [ 36.046052721936164, -0.160540026430357, 0.0 ], [ 36.045924481936211, -0.160489226430563, 0.0 ], [ 36.045834961936244, -0.160463076430741, 0.0 ], [ 36.04571435193629, -0.160425776430885, 0.0 ], [ 36.045627091936325, -0.160389236431036, 0.0 ], [ 36.04550463193636, -0.160349166431196, 0.0 ], [ 36.045351331936416, -0.160306506431413, 0.0 ], [ 36.045191061936485, -0.160251436431686, 0.0 ], [ 36.045039771936537, -0.160207936431856, 0.0 ], [ 36.044939021936564, -0.160188486432015, 0.0 ], [ 36.044853191936596, -0.160167866432128, 0.0 ], [ 36.044765771936632, -0.160118166432305, 0.0 ], [ 36.044674741936667, -0.160080196432403, 0.0 ], [ 36.044555551936725, -0.160031576432654, 0.0 ], [ 36.044426051936796, -0.159933336432906, 0.0 ], [ 36.044366031936846, -0.159865196433191, 0.0 ], [ 36.044315241936921, -0.159789676433413, 0.0 ], [ 36.044276431936979, -0.159708706433611, 0.0 ], [ 36.044190351937097, -0.159552886434014, 0.0 ], [ 36.044073091937207, -0.15942086643445, 0.0 ], [ 36.043920871937296, -0.159315426434852, 0.0 ], [ 36.043840741937331, -0.159268656434973, 0.0 ], [ 36.043689531937389, -0.159197246435223, 0.0 ], [ 36.043588951937458, -0.159148626435411, 0.0 ], [ 36.043470931937513, -0.159080566435688, 0.0 ], [ 36.043376971937569, -0.159030776435836, 0.0 ], [ 36.043271861937626, -0.158976126436034, 0.0 ], [ 36.043149821937675, -0.158917706436268, 0.0 ], [ 36.043006071937739, -0.158844946436514, 0.0 ], [ 36.042924181937785, -0.15880312643674, 0.0 ], [ 36.042836171937829, -0.158759036436835, 0.0 ], [ 36.042744551937865, -0.158711096437063, 0.0 ], [ 36.042650431937915, -0.158661556437186, 0.0 ], [ 36.04255445193796, -0.158613776437423, 0.0 ], [ 36.042458481938013, -0.158566666437552, 0.0 ], [ 36.042364771938061, -0.158518476437773, 0.0 ], [ 36.042273071938126, -0.158469776437919, 0.0 ], [ 36.042180791938158, -0.158422506438158, 0.0 ], [ 36.042091691938197, -0.15837673643825, 0.0 ], [ 36.042006701938242, -0.158332566438437, 0.0 ], [ 36.041925561938271, -0.158289226438667, 0.0 ], [ 36.041845091938328, -0.158246566438798, 0.0 ], [ 36.041764371938349, -0.158203736438936, 0.0 ], [ 36.041680641938413, -0.158159056439128, 0.0 ], [ 36.041594141938447, -0.15811287643926, 0.0 ], [ 36.041503871938502, -0.15806467643946, 0.0 ], [ 36.041412751938537, -0.158016066439626, 0.0 ], [ 36.041321731938581, -0.157968206439767, 0.0 ], [ 36.041228181938628, -0.157919586439971, 0.0 ], [ 36.04113297193868, -0.15787013644019, 0.0 ], [ 36.041049401938736, -0.157827466440321, 0.0 ], [ 36.040948401938763, -0.157777596440529, 0.0 ], [ 36.040836331938806, -0.157714236440728, 0.0 ], [ 36.04073315193888, -0.157660666440943, 0.0 ], [ 36.040614961938942, -0.157599906441194, 0.0 ], [ 36.040505581939001, -0.157542566441409, 0.0 ], [ 36.040419751939019, -0.157507536441507, 0.0 ], [ 36.040332161939013, -0.157560676441498, 0.0 ], [ 36.040302491938959, -0.157647426441278, 0.0 ], [ 36.040259571938904, -0.157756896440998, 0.0 ], [ 36.040238031938813, -0.157865106440829, 0.0 ], [ 36.040187991938751, -0.157978596440563, 0.0 ], [ 36.040144491938669, -0.158116226440225, 0.0 ], [ 36.040094871938607, -0.158238936439951, 0.0 ], [ 36.040054631938546, -0.158353936439769, 0.0 ], [ 36.040020181938459, -0.158464076439517, 0.0 ], [ 36.039984901938418, -0.158567926439292, 0.0 ], [ 36.039968471938337, -0.15866297643905, 0.0 ], [ 36.039933261938266, -0.158766326438788, 0.0 ], [ 36.039924881938198, -0.158860536438635, 0.0 ], [ 36.039937871938164, -0.158967156438323, 0.0 ], [ 36.039921281938064, -0.159068826438071, 0.0 ], [ 36.039887751938004, -0.159159856437925, 0.0 ], [ 36.039833441937972, -0.159270076437627, 0.0 ], [ 36.039793451937882, -0.159368396437421, 0.0 ], [ 36.039742581937823, -0.159496476437183, 0.0 ], [ 36.039681051937755, -0.159632266436886, 0.0 ], [ 36.039593551937664, -0.159766456436672, 0.0 ], [ 36.039504191937581, -0.159907186436311, 0.0 ], [ 36.039414841937514, -0.160047836436066, 0.0 ], [ 36.039324821937427, -0.160198796435791, 0.0 ], [ 36.03928274193737, -0.160279096435638, 0.0 ], [ 36.039239661937309, -0.160359976435454, 0.0 ], [ 36.039156761937242, -0.160517136435124, 0.0 ], [ 36.039076551937136, -0.160652426434807, 0.0 ], [ 36.038985771937085, -0.160746466434687, 0.0 ], [ 36.038904891937079, -0.160814446434567, 0.0 ], [ 36.038856781937014, -0.160898596434346, 0.0 ], [ 36.038803131936973, -0.160988456434155, 0.0 ], [ 36.03875083193693, -0.161081076433964, 0.0 ], [ 36.038705731936858, -0.161162796433877, 0.0 ], [ 36.038647061936814, -0.161275036433603, 0.0 ], [ 36.038581851936733, -0.161416346433322, 0.0 ], [ 36.038512531936654, -0.161551046433038, 0.0 ], [ 36.038450671936609, -0.161624306432856, 0.0 ], [ 36.038346991936599, -0.161644166432929, 0.0 ], [ 36.038244731936665, -0.161588766433133, 0.0 ], [ 36.038121851936722, -0.161533946433364, 0.0 ], [ 36.038035431936763, -0.161488936433537, 0.0 ], [ 36.037929571936807, -0.161434036433687, 0.0 ], [ 36.037796971936864, -0.161372346433912, 0.0 ], [ 36.037649281936936, -0.161302526434205, 0.0 ], [ 36.037501171937031, -0.161231776434497, 0.0 ], [ 36.037359181937084, -0.161161796434744, 0.0 ], [ 36.037216771937153, -0.161090796434965, 0.0 ], [ 36.037070931937215, -0.161016706435309, 0.0 ], [ 36.03692207193729, -0.160943526435555, 0.0 ], [ 36.036766921937385, -0.160864486435913, 0.0 ], [ 36.03661059193746, -0.160779656436204, 0.0 ], [ 36.036454191937516, -0.160691646436496, 0.0 ], [ 36.036301641937598, -0.160610846436748, 0.0 ], [ 36.036164261937671, -0.160545636437053, 0.0 ], [ 36.03606443193771, -0.160531136437093, 0.0 ], [ 36.035967451937651, -0.160625766437032, 0.0 ], [ 36.035883381937602, -0.160749236436776, 0.0 ], [ 36.035827141937538, -0.160823586436632, 0.0 ], [ 36.035766451937498, -0.160902796436465, 0.0 ], [ 36.035704761937474, -0.16098769643627, 0.0 ], [ 36.035639971937393, -0.161079396436071, 0.0 ], [ 36.035570571937356, -0.161175536435925, 0.0 ], [ 36.035499571937287, -0.161273186435717, 0.0 ], [ 36.035429251937231, -0.161370666435546, 0.0 ], [ 36.035361771937197, -0.16146479643538, 0.0 ], [ 36.035297741937129, -0.161550546435197, 0.0 ], [ 36.035237391937116, -0.16162774643505, 0.0 ], [ 36.035181401937052, -0.161701256434896, 0.0 ], [ 36.035075451936997, -0.161846846434628, 0.0 ], [ 36.035020881936944, -0.161923876434462, 0.0 ], [ 36.034962381936886, -0.162004256434326, 0.0 ], [ 36.034901521936852, -0.162086986434163, 0.0 ], [ 36.034840671936806, -0.162170056434039, 0.0 ], [ 36.034782171936776, -0.162249096433842, 0.0 ], [ 36.034726681936711, -0.162323526433675, 0.0 ], [ 36.034670941936675, -0.162398036433586, 0.0 ], [ 36.034612681936636, -0.16247632643339, 0.0 ], [ 36.034551331936591, -0.162559646433239, 0.0 ], [ 36.034486871936544, -0.162648156433122, 0.0 ], [ 36.034418391936498, -0.16274295643292, 0.0 ], [ 36.034344801936427, -0.162844626432667, 0.0 ], [ 36.034266341936373, -0.162953256432482, 0.0 ], [ 36.034183701936314, -0.163067666432264, 0.0 ], [ 36.034098031936239, -0.163185266432002, 0.0 ], [ 36.034013631936169, -0.163299426431806, 0.0 ], [ 36.033935931936128, -0.163402866431627, 0.0 ], [ 36.033866191936085, -0.163493466431466, 0.0 ], [ 36.033802151936023, -0.163575446431297, 0.0 ], [ 36.033742731935973, -0.163657756431129, 0.0 ], [ 36.033683471935944, -0.16374534643098, 0.0 ], [ 36.03361985193591, -0.16383746643075, 0.0 ], [ 36.033553381935832, -0.163930246430596, 0.0 ], [ 36.033493781935789, -0.164012726430452, 0.0 ], [ 36.033412141935742, -0.164131496430259, 0.0 ], [ 36.033347351935667, -0.164214396430098, 0.0 ], [ 36.033291701935639, -0.164283046429918, 0.0 ], [ 36.033238141935591, -0.164367446429778, 0.0 ], [ 36.033181561935535, -0.164447666429616, 0.0 ], [ 36.03313303193552, -0.164512546429494, 0.0 ], [ 36.033073771935463, -0.164593096429349, 0.0 ], [ 36.033019371935424, -0.164666266429185, 0.0 ], [ 36.032955671935369, -0.16474983642905, 0.0 ], [ 36.032892721935333, -0.164836166428871, 0.0 ], [ 36.032827921935294, -0.164924596428686, 0.0 ], [ 36.032767581935239, -0.165006066428572, 0.0 ], [ 36.032708821935174, -0.165099776428337, 0.0 ], [ 36.032642941935151, -0.165197256428169, 0.0 ], [ 36.032580831935086, -0.165284176427958, 0.0 ], [ 36.032506141935031, -0.165385596427759, 0.0 ], [ 36.032417461934969, -0.165505796427546, 0.0 ], [ 36.032310591934895, -0.1656490464273, 0.0 ], [ 36.032209091934831, -0.165779046426994, 0.0 ], [ 36.032145141934762, -0.165883406426816, 0.0 ], [ 36.032099961934698, -0.1659687264267, 0.0 ], [ 36.032031641934658, -0.166057496426497, 0.0 ], [ 36.031959561934613, -0.166130336426385, 0.0 ], [ 36.031875571934577, -0.166235026426179, 0.0 ], [ 36.031790661934487, -0.166361256425938, 0.0 ], [ 36.03169779193442, -0.166487906425642, 0.0 ], [ 36.031605681934337, -0.166615056425444, 0.0 ], [ 36.031505681934298, -0.166741796425232, 0.0 ], [ 36.031404591934226, -0.166886466424906, 0.0 ], [ 36.031306941934126, -0.16702266642465, 0.0 ], [ 36.031222871934077, -0.167142196424437, 0.0 ], [ 36.031151961933993, -0.167245626424277, 0.0 ], [ 36.031098651933974, -0.167325086424082, 0.0 ], [ 36.031034531933919, -0.167408156423845, 0.0 ], [ 36.030967561933885, -0.167481326423779, 0.0 ], [ 36.03091283193384, -0.167551986423633, 0.0 ], [ 36.030851221933801, -0.1676229864235, 0.0 ], [ 36.030782821933776, -0.167708976423289, 0.0 ], [ 36.030720381933698, -0.167794136423178, 0.0 ], [ 36.030669081933659, -0.167869156423019, 0.0 ], [ 36.030614771933621, -0.167959346422854, 0.0 ], [ 36.030554421933566, -0.16805414642263, 0.0 ], [ 36.030500351933519, -0.16813025642252, 0.0 ], [ 36.030444281933477, -0.168205946422405, 0.0 ], [ 36.030376641933415, -0.168300996422144, 0.0 ], [ 36.030300191933378, -0.168413896421954, 0.0 ], [ 36.030198191933287, -0.168543486421721, 0.0 ], [ 36.030139761933249, -0.168617746421562, 0.0 ], [ 36.030078241933225, -0.168696706421393, 0.0 ], [ 36.030017641933163, -0.168774156421246, 0.0 ], [ 36.029959721933146, -0.168847326421134, 0.0 ], [ 36.029852181933066, -0.168971966420881, 0.0 ], [ 36.029770631933012, -0.169078666420727, 0.0 ], [ 36.029699301932936, -0.169184526420517, 0.0 ], [ 36.029621681932895, -0.169279666420311, 0.0 ], [ 36.029561501932847, -0.169358786420186, 0.0 ], [ 36.029509031932811, -0.169435146420047, 0.0 ], [ 36.029448341932763, -0.169518886419886, 0.0 ], [ 36.029373491932716, -0.169619636419658, 0.0 ], [ 36.029290681932665, -0.169729436419459, 0.0 ], [ 36.029203421932579, -0.169834376419209, 0.0 ], [ 36.029124381932547, -0.169916186419101, 0.0 ], [ 36.029054061932491, -0.170015176418878, 0.0 ], [ 36.029001751932448, -0.170090866418786, 0.0 ], [ 36.028936541932396, -0.170164376418611, 0.0 ], [ 36.028851051932406, -0.170198156418624, 0.0 ], [ 36.028750801932439, -0.17017158641874, 0.0 ], [ 36.028638821932503, -0.17009648641896, 0.0 ], [ 36.028488031932604, -0.169990446419329, 0.0 ], [ 36.028401691932658, -0.169931186419612, 0.0 ], [ 36.028313431932695, -0.169869586419822, 0.0 ], [ 36.028218301932753, -0.169801686420018, 0.0 ], [ 36.028114781932821, -0.169730026420224, 0.0 ], [ 36.028007071932883, -0.169653326420496, 0.0 ], [ 36.027893751932965, -0.169575546420757, 0.0 ], [ 36.027776821933031, -0.16949616642104, 0.0 ], [ 36.027658131933087, -0.169412936421312, 0.0 ], [ 36.027536931933184, -0.169326936421603, 0.0 ], [ 36.027416481933265, -0.169239686421884, 0.0 ], [ 36.027302991933347, -0.169156786422188, 0.0 ], [ 36.027202331933402, -0.169083276422391, 0.0 ], [ 36.027116661933441, -0.169022176422613, 0.0 ], [ 36.026993031933522, -0.168935166422944, 0.0 ], [ 36.026921621933589, -0.168883956423138, 0.0 ], [ 36.026821791933642, -0.168811366423373, 0.0 ], [ 36.026193061934016, -0.16836033642483, 0.0 ], [ 36.025276386327008, -0.167942037424634, 0.0 ], [ 36.016756582551579, -0.162214600818554, 0.0 ] ] ] } },
{ "type": "Feature", "properties": { "Name": null, "Type": "Murram", "Length_Km": 0.21857162111, "main__road": 0, "Type2": 0 }, "geometry": { "type": "MultiLineString", "coordinates": [ [ [ 36.072809762374767, -0.146606368554365, 1844.505300000004354 ], [ 36.072782837418494, -0.146606365072852, 1844.578099999998813 ], [ 36.072728989813307, -0.146588287225871, 1844.748300000006566 ], [ 36.072666167226117, -0.146570208220252, 1844.888500000000931 ], [ 36.072594370810833, -0.14654309261552, 1844.928700000004028 ], [ 36.072522574399699, -0.146515977014054, 1844.679000000003725 ], [ 36.072441801858176, -0.146497895695757, 1844.529200000004494 ], [ 36.072361030474227, -0.146470778940858, 1844.279500000004191 ], [ 36.072289234076912, -0.146443663349009, 1843.989700000005541 ], [ 36.072226411512972, -0.14642558435747, 1843.779899999994086 ], [ 36.072172562781248, -0.146416541964355, 1843.610100000005332 ], [ 36.072127690183379, -0.146398465294116, 1843.370200000004843 ], [ 36.072091791415502, -0.146389425220963, 1843.190300000002026 ], [ 36.0720648676281, -0.146380386307306, 1843.050399999992806 ], [ 36.072046918820568, -0.146371348552965, 1842.980500000005122 ], [ 36.072046918820568, -0.146371348552965, 1842.920499999992899 ], [ 36.072037943841309, -0.146371347394053, 1843.180500000002212 ], [ 36.072028970013264, -0.146362310798902, 1843.23059999999532 ], [ 36.072002046227233, -0.146353271886332, 1843.050600000002305 ], [ 36.071975122441813, -0.146344232974179, 1842.610799999994924 ], [ 36.071939224829414, -0.146326157468251, 1842.080900000000838 ], [ 36.071903326067201, -0.146317117398664, 1841.701000000000931 ], [ 36.071867427306117, -0.146308077329597, 1841.391099999993457 ], [ 36.071831528546127, -0.14629903726106, 1841.141199999998207 ], [ 36.071795629787253, -0.146289997193053, 1840.861300000004121 ], [ 36.071750757203105, -0.146271920533286, 1840.551500000001397 ], [ 36.071705884620577, -0.146253843874891, 1840.161600000006729 ], [ 36.07164306208751, -0.146235764901925, 1839.881800000002841 ], [ 36.071580239557811, -0.146217685930827, 1839.661999999996624 ], [ 36.071508442056555, -0.146199605803868, 1839.572199999995064 ], [ 36.07144562068391, -0.146172491405117, 1839.372399999992922 ], [ 36.071373823190861, -0.146154411282832, 1839.192699999999604 ], [ 36.071311001825023, -0.146127296889543, 1839.072899999999208 ], [ 36.071248179312903, -0.146109217929041, 1838.973100000002887 ], [ 36.071194330627101, -0.146100175556868, 1838.823199999998906 ], [ 36.071140483093117, -0.146082097756408, 1838.683399999994435 ], [ 36.071095609383896, -0.146073056543043, 1838.473499999992782 ], [ 36.071059711796664, -0.146054981058756, 1838.243600000001607 ], [ 36.071023813061423, -0.146045941003667, 1838.073699999993551 ], [ 36.070943040624009, -0.146027859738502, 1837.873800000001211 ] ] ] } },
{ "type": "Feature", "properties": { "Name": null, "Type": "Murram", "Length_Km": 1.9196623257500001, "main__road": 0, "Type2": 0 }, "geometry": { "type": "MultiLineString", "coordinates": [ [ [ 36.067257138974945, -0.132374346185531, 1772.520699999993667 ], [ 36.067267437675461, -0.132427447079079, 1772.680500000002212 ], [ 36.067275838675606, -0.132459346863017, 1772.750299999999697 ], [ 36.06727943720221, -0.132494148136381, 1772.810100000002421 ], [ 36.067277336134168, -0.132530046662499, 1772.919999999998254 ], [ 36.067272336885274, -0.132566745523919, 1772.849799999996321 ], [ 36.0672645362189, -0.132604248217686, 1772.97960000000603 ], [ 36.06725443771159, -0.132641847657722, 1773.17939999999362 ], [ 36.067244636006443, -0.132678046317072, 1773.239199999996345 ], [ 36.067237839190177, -0.132713848135281, 1773.369000000006054 ], [ 36.067235237899197, -0.132749446626259, 1773.758900000000722 ], [ 36.067236538602131, -0.132786345735587, 1774.028699999995297 ], [ 36.067239136644538, -0.132824448815046, 1774.338499999998021 ], [ 36.067239636939149, -0.132862348452203, 1774.638300000005984 ], [ 36.067237239078814, -0.13289784686611, 1774.96809999999823 ], [ 36.067231836327124, -0.132929446568048, 1775.20789999999397 ], [ 36.067227237296592, -0.132957847867474, 1775.237800000002608 ], [ 36.067224839416511, -0.132983147629972, 1775.407699999996112 ], [ 36.067230238836871, -0.133006646303389, 1775.197499999994761 ], [ 36.067241638037267, -0.133026946749041, 1775.18739999999525 ], [ 36.067258936947653, -0.133042748233424, 1775.22729999999865 ], [ 36.067279937761306, -0.133050548924076, 1775.247199999997974 ], [ 36.067304837248663, -0.133054647709093, 1775.267200000002049 ], [ 36.067333038399873, -0.133058646318993, 1774.997099999993225 ], [ 36.067364037715052, -0.133061848048005, 1775.187000000005355 ], [ 36.067396938000201, -0.133065846824143, 1775.307000000000698 ], [ 36.067429938344269, -0.133070649372927, 1775.486900000003516 ], [ 36.06746453615515, -0.133073447479885, 1775.486799999998766 ], [ 36.067500337896931, -0.133076548999668, 1775.306800000005751 ], [ 36.067536836667927, -0.133081147969698, 1775.156700000006822 ], [ 36.067573839054937, -0.133085546917742, 1775.196599999995669 ], [ 36.067611438388788, -0.133088548386012, 1775.016499999997905 ], [ 36.067646436409404, -0.133091546608719, 1775.046400000006543 ], [ 36.067680737367489, -0.13309424788417, 1774.776400000002468 ], [ 36.067711736648079, -0.133096549030284, 1774.686300000001211 ], [ 36.067739937849943, -0.133099447248426, 1774.826300000000629 ], [ 36.067765837864677, -0.133103946282089, 1774.946200000005774 ], [ 36.067791337684547, -0.133107748328641, 1775.156099999992875 ], [ 36.067817037623435, -0.133110246426053, 1775.496100000003935 ], [ 36.067845835806715, -0.133109349382736, 1775.696100000001024 ], [ 36.06787533769667, -0.133111347201252, 1775.986000000004424 ], [ 36.067904436028314, -0.133114048655712, 1776.135899999993853 ], [ 36.067933637743984, -0.133116446612084, 1776.26589999999851 ], [ 36.067963836659466, -0.133118347714195, 1776.555800000001909 ], [ 36.0679988380559, -0.133118748073571, 1776.915800000002491 ], [ 36.068039338942697, -0.133119048355849, 1777.215700000000652 ], [ 36.068079336230745, -0.133121949955895, 1777.465599999995902 ], [ 36.068119637013282, -0.133126449061961, 1777.755499999999302 ], [ 36.068159037326119, -0.13313194866176, 1777.99550000000454 ], [ 36.068197737267297, -0.133137248120253, 1778.14539999999397 ], [ 36.06823693743511, -0.133141350189148, 1778.045299999997951 ], [ 36.068273536261316, -0.133145448914452, 1777.925199999997858 ], [ 36.068309338025323, -0.133148050253454, 1777.925099999993108 ], [ 36.068340937631014, -0.133150548222946, 1777.965100000001257 ], [ 36.06836853853742, -0.133153449823042, 1778.214999999996508 ], [ 36.068396536308619, -0.133156448118204, 1778.414999999993597 ], [ 36.06842893632885, -0.133158149019291, 1778.474900000001071 ], [ 36.068466235531638, -0.133160150053492, 1778.484800000005635 ], [ 36.068504638666916, -0.133164649146845, 1778.744800000000396 ], [ 36.06854793763987, -0.133169348287698, 1778.874700000000303 ], [ 36.068594138064491, -0.133175247901711, 1778.664600000003702 ], [ 36.06864173593938, -0.133180747531354, 1778.974499999996624 ], [ 36.068692935672189, -0.133184649684755, 1779.314400000002934 ], [ 36.068745636178853, -0.133188848661881, 1779.664300000004005 ], [ 36.068798636843731, -0.133191950420324, 1780.044200000003912 ], [ 36.068850436855946, -0.133196749599903, 1780.144100000004983 ], [ 36.068898938484978, -0.133201548715528, 1780.093999999997322 ], [ 36.068942037352436, -0.133207148311442, 1780.203899999993155 ], [ 36.068982538210832, -0.133211850761838, 1780.27379999999539 ], [ 36.069021038052711, -0.133214648945486, 1780.453699999998207 ], [ 36.06905583597154, -0.133217150250028, 1780.493600000001607 ], [ 36.069087935864395, -0.133218651141832, 1780.773600000000442 ], [ 36.06911763783885, -0.133221849514462, 1780.913499999995111 ], [ 36.069145535548678, -0.133224450904636, 1781.033500000005006 ], [ 36.069168537408522, -0.133226248560513, 1781.183399999994435 ], [ 36.069185235909828, -0.133230950652902, 1780.413400000004913 ], [ 36.069203035018475, -0.13323644996293, 1779.973299999997835 ], [ 36.069224736159313, -0.133242849817454, 1779.723199999993085 ], [ 36.069249535603809, -0.133249650022867, 1779.813200000004144 ], [ 36.069276636220593, -0.133255849876668, 1779.803100000004633 ], [ 36.06930353672076, -0.133261349323053, 1779.68300000000454 ], [ 36.069330637326424, -0.133265047850947, 1779.582999999998719 ], [ 36.069355937034615, -0.133267349095115, 1779.722899999993388 ], [ 36.069383838063438, -0.133268549708794, 1779.712899999998626 ], [ 36.06941793560199, -0.133269250018098, 1779.592799999998533 ], [ 36.069454437730229, -0.133271747983301, 1779.622700000007171 ], [ 36.069492637427437, -0.133273549021115, 1779.882700000001932 ], [ 36.069531837657017, -0.13327635063356, 1780.282600000005914 ], [ 36.069573635869723, -0.133280749662586, 1780.51249999999709 ], [ 36.069618135461965, -0.133286049116757, 1780.65240000000631 ], [ 36.069663835651305, -0.13329244906498, 1780.622300000002724 ], [ 36.069710636412132, -0.1332995493908, 1780.632199999992736 ], [ 36.06975943487177, -0.133304548647821, 1780.672099999996135 ], [ 36.069808336716704, -0.133307850360088, 1780.702000000004773 ], [ 36.069855537703333, -0.133312849672494, 1780.871899999998277 ], [ 36.069901534728182, -0.133319149624644, 1780.971799999999348 ], [ 36.069944136686743, -0.133324249009956, 1781.191699999995762 ], [ 36.069979835054326, -0.133328851344878, 1781.111600000003818 ], [ 36.07001063757437, -0.133333050160092, 1781.081600000004983 ], [ 36.07004323439341, -0.133335551579735, 1781.391499999997905 ], [ 36.070080637027225, -0.133337449380826, 1781.76140000000305 ], [ 36.070122735403068, -0.133341051362706, 1782.06140000000596 ], [ 36.070166334539188, -0.133346150739437, 1782.2612999999983 ], [ 36.070209336719813, -0.133351650386153, 1782.611199999999371 ], [ 36.070251535134815, -0.13335785032942, 1782.811100000006263 ], [ 36.070296334880368, -0.133360951981279, 1782.94100000000617 ], [ 36.07034143480017, -0.133362649645296, 1783.230899999995017 ], [ 36.070386334600919, -0.133366051464476, 1783.39079999999376 ], [ 36.070430437318493, -0.133370850648357, 1783.500700000004144 ], [ 36.070472235521315, -0.133376450261298, 1783.650599999993574 ], [ 36.07050993495605, -0.133382149955546, 1783.87050000000454 ], [ 36.070545136438213, -0.133388550010394, 1784.090500000005704 ], [ 36.070580834856415, -0.133393052468607, 1784.420400000002701 ], [ 36.070616336509133, -0.133395450518736, 1784.770300000003772 ], [ 36.070648936660739, -0.133398051981315, 1785.060299999997369 ], [ 36.070676934434452, -0.133400253208115, 1785.280199999993783 ], [ 36.070699035838111, -0.133401750735052, 1785.490200000000186 ], [ 36.070719536405342, -0.133403651760453, 1785.600099999996019 ], [ 36.070744135743119, -0.133405252610034, 1785.66009999999369 ], [ 36.070772336943733, -0.133407550514831, 1785.789999999993597 ], [ 36.070801035064399, -0.133410952312779, 1785.899999999994179 ], [ 36.070830937140634, -0.133415651453707, 1786.029899999994086 ], [ 36.070864034198671, -0.13342095091644, 1786.189799999992829 ], [ 36.070898235170702, -0.133426450524784, 1786.449699999997392 ], [ 36.070931935886435, -0.133431153060422, 1786.719700000001467 ], [ 36.070965136327324, -0.133435752149819, 1786.849600000001374 ], [ 36.070999237272545, -0.133438353684877, 1787.309500000003027 ], [ 36.071034035221025, -0.133441552117185, 1787.589399999997113 ], [ 36.071069736968134, -0.13344465383304, 1787.869399999995949 ], [ 36.07110823679762, -0.133447952231588, 1787.949299999992945 ], [ 36.07114993495388, -0.133451454115084, 1788.139200000005076 ], [ 36.071192837026203, -0.13345645330816, 1788.029099999999744 ], [ 36.071231637020098, -0.133461452616362, 1788.188999999998487 ], [ 36.071266535022559, -0.133464254186261, 1788.489000000001397 ], [ 36.071301336253008, -0.133467152280752, 1788.338900000002468 ], [ 36.071339435874009, -0.133469353439301, 1788.39879999999539 ], [ 36.071380036755514, -0.133472551684029, 1788.238800000006449 ], [ 36.071422135077022, -0.133476353581358, 1788.098700000002282 ], [ 36.071465233916072, -0.133479251688664, 1787.978600000002189 ], [ 36.071509236537658, -0.133480852406046, 1787.728499999997439 ], [ 36.071551634995174, -0.133483053415384, 1787.438399999999092 ], [ 36.071590434974297, -0.133487952620921, 1787.478300000002491 ], [ 36.071624235709422, -0.13349635361629, 1787.488299999997253 ], [ 36.071656535669455, -0.133504351062063, 1787.478199999997742 ], [ 36.071688635525277, -0.133509553731586, 1787.458100000003469 ], [ 36.071721235629973, -0.133510851027642, 1787.368000000002212 ], [ 36.071753732348107, -0.133511351246717, 1787.278000000005704 ], [ 36.071786335795252, -0.133512251697383, 1787.247900000002119 ], [ 36.071818632430137, -0.133512051624128, 1787.317899999994552 ], [ 36.071851335936188, -0.133511151173331, 1787.34780000000319 ], [ 36.071884833192861, -0.133511351318861, 1787.447799999994459 ], [ 36.071918537227567, -0.133513552511525, 1787.587700000003679 ], [ 36.071951033949432, -0.133516353927944, 1787.527600000001257 ], [ 36.071982136616583, -0.133518151481512, 1787.43760000000475 ], [ 36.072011931931705, -0.133518051348937, 1787.247499999997672 ], [ 36.072042634382939, -0.133515253169411, 1787.077499999999418 ], [ 36.072073737050083, -0.133510053787813, 1786.98750000000291 ], [ 36.072101831492063, -0.133505251243191, 1786.817500000004657 ], [ 36.072126337424919, -0.133500051844622, 1786.6875 ], [ 36.072152137340026, -0.133495852901386, 1786.417400000005728 ], [ 36.072182933175156, -0.13349445211635, 1786.267399999996996 ], [ 36.072216837258523, -0.133499051022465, 1785.967300000003888 ], [ 36.072252535627349, -0.133505250850668, 1785.897200000006706 ], [ 36.072288934357928, -0.133508652576091, 1785.837199999994482 ], [ 36.072327634284278, -0.13350875264026, 1785.86710000000312 ], [ 36.072370136122167, -0.133506951568194, 1785.527100000006612 ], [ 36.072418434294612, -0.133505350658802, 1785.327000000004773 ], [ 36.072471434913801, -0.133505650817424, 1785.336899999994785 ], [ 36.072527236955388, -0.133509352658956, 1785.186799999995856 ], [ 36.072586334035243, -0.133512751040754, 1785.106700000003912 ], [ 36.072650733864677, -0.133513851641231, 1785.186600000000908 ], [ 36.072717234767126, -0.133514051748374, 1785.196500000005472 ], [ 36.072781834705758, -0.133516352988174, 1785.326400000005378 ], [ 36.072842432587834, -0.13351845080276, 1785.486300000004121 ], [ 36.072900635905114, -0.133518350823564, 1785.656199999997625 ], [ 36.072958132192966, -0.133517950694108, 1785.836100000000442 ], [ 36.073013534069297, -0.133518651131217, 1786.01600000000326 ], [ 36.073064633734539, -0.133519551684152, 1786.225900000004913 ], [ 36.073111631280639, -0.133520152056998, 1786.375899999999092 ], [ 36.073156934618765, -0.133518751391249, 1786.505799999998999 ], [ 36.07320143085002, -0.133514952739253, 1786.435700000001816 ], [ 36.073246433996559, -0.13351055040056, 1786.265700000003562 ], [ 36.073293031326749, -0.13350625155068, 1786.335600000005797 ], [ 36.073342730262276, -0.133501752627684, 1786.475600000005215 ], [ 36.073393836567988, -0.133498350863655, 1786.44550000000163 ], [ 36.073442534974866, -0.133497450412827, 1786.475500000000466 ], [ 36.073489232357794, -0.133499751631375, 1786.555399999997462 ], [ 36.073534635735072, -0.133503553601136, 1786.5853000000061 ], [ 36.073578631719911, -0.133504350686533, 1786.605200000005425 ], [ 36.073621533816919, -0.133500652154225, 1786.695200000001932 ], [ 36.073663035190386, -0.133494752480347, 1786.765100000004168 ], [ 36.073702435488393, -0.133490353600341, 1786.885099999999511 ], [ 36.073740134907084, -0.133487852351022, 1786.975099999996019 ], [ 36.073777133961542, -0.133484850831433, 1787.035000000003492 ], [ 36.073815733843794, -0.133481452453667, 1787.125 ], [ 36.073857335276166, -0.133478450963882, 1787.2549 ], [ 36.073902431842406, -0.133475452813383, 1787.394899999999325 ], [ 36.073952130777933, -0.133472451327872, 1787.534799999993993 ], [ 36.074004331004801, -0.133471054014231, 1787.704700000002049 ], [ 36.07405553072406, -0.133470653906131, 1787.934699999997974 ], [ 36.074105136278156, -0.133469753502107, 1788.074600000007194 ], [ 36.074153334433696, -0.133467452351571, 1788.154500000004191 ], [ 36.07420133249115, -0.133465151218042, 1788.274499999999534 ], [ 36.07424953065653, -0.133466451955654, 1788.434399999998277 ], [ 36.074299236227596, -0.133469253337948, 1788.294299999994109 ], [ 36.074344632923655, -0.133471751264773, 1788.23420000000624 ], [ 36.07438403320559, -0.133474852857002, 1788.224100000006729 ], [ 36.074417730556625, -0.133479251800765, 1788.254100000005565 ], [ 36.074446832204792, -0.133485551710335, 1788.254000000000815 ], [ 36.074475933862779, -0.133494052787058, 1788.333899999997811 ], [ 36.074508030402072, -0.133504151374064, 1788.463799999997718 ], [ 36.074541134143814, -0.133515353922328, 1788.733699999997043 ], [ 36.074572030083544, -0.133528854324394, 1789.013600000005681 ], [ 36.074600731550383, -0.133544552490388, 1789.213399999993271 ], [ 36.074628732660351, -0.13356095436471, 1789.443299999998999 ], [ 36.07465703392856, -0.133576552504749, 1789.703200000003562 ], [ 36.074687036081023, -0.133589752773617, 1790.033100000000559 ], [ 36.074718332251493, -0.133602953106397, 1790.513000000006286 ], [ 36.074750135347109, -0.133619455130279, 1790.97280000000319 ], [ 36.074784032856748, -0.133640853016145, 1791.452699999994365 ], [ 36.07481553581021, -0.133664755558837, 1792.01249999999709 ], [ 36.074843030012325, -0.133689755260472, 1792.40230000000156 ], [ 36.074868129643455, -0.133715155151175, 1792.752099999997881 ], [ 36.074895130280382, -0.133737453538999, 1793.322000000000116 ], [ 36.074924532149744, -0.133751054103381, 1793.861900000003516 ], [ 36.074956535347127, -0.133756653844188, 1794.311799999995856 ], [ 36.074988331766491, -0.133759555512479, 1794.721699999994598 ], [ 36.075017633562105, -0.133762553875871, 1795.08169999999518 ], [ 36.075047135464438, -0.133766255947643, 1795.4716000000044 ], [ 36.075078731768428, -0.13376975454724, 1795.781499999997322 ], [ 36.075110034592932, -0.133769154387325, 1796.131500000003143 ], [ 36.075140830481139, -0.133763454905989, 1796.411500000001979 ], [ 36.075170632542942, -0.133754657227063, 1796.841499999994994 ], [ 36.075200834781107, -0.133744355338241, 1797.031499999997322 ], [ 36.075231330533327, -0.133730855238679, 1797.461500000004889 ], [ 36.075261032546081, -0.133713556525526, 1797.911500000001979 ], [ 36.07529263549052, -0.13369485692945, 1797.981599999999162 ], [ 36.075325632485928, -0.133675557024322, 1798.051600000006147 ], [ 36.0753594299428, -0.133654656465613, 1798.521699999997509 ], [ 36.075391633225912, -0.133631357937678, 1798.8318 ], [ 36.075423336261373, -0.133606258516856, 1799.221900000004098 ], [ 36.075455632939487, -0.133581656031254, 1799.641900000002352 ], [ 36.075486835732242, -0.133556256507064, 1800.152000000001863 ], [ 36.075516431025846, -0.133530356708302, 1800.622099999993225 ], [ 36.075543831858866, -0.133503856609031, 1801.112200000003213 ], [ 36.075571532839014, -0.133478156896224, 1801.542300000000978 ], [ 36.075597532904034, -0.133451760021569, 1801.65240000000631 ], [ 36.075622632528969, -0.133424659532295, 1801.952499999999418 ], [ 36.075647031811869, -0.133396758694972, 1802.402600000001257 ], [ 36.075670830775863, -0.133367460437542, 1802.77270000000135 ], [ 36.075693135639824, -0.133336858184069, 1803.162899999995716 ], [ 36.075714633433989, -0.13330465848419, 1803.653000000005704 ], [ 36.075736531445308, -0.133271658410708, 1804.233099999997648 ], [ 36.075759336595198, -0.133236360504747, 1804.853300000002491 ], [ 36.075783535759022, -0.133195259483721, 1805.173399999999674 ], [ 36.075807834975613, -0.133148162046893, 1805.503700000001118 ], [ 36.075832934557297, -0.133097459258887, 1805.453899999993155 ], [ 36.075861135720849, -0.133042861081334, 1805.2841000000044 ], [ 36.075891231190454, -0.13298825956012, 1805.09440000000177 ], [ 36.075920632977031, -0.132935959249072, 1804.964600000006612 ], [ 36.07594723331772, -0.132885559903757, 1804.804799999998068 ], [ 36.075968831092979, -0.132836361210619, 1804.725000000005821 ], [ 36.075983431899552, -0.132790560818464, 1804.375299999999697 ], [ 36.075993630479367, -0.132748158978771, 1804.345499999995809 ], [ 36.075999633551206, -0.132702658826416, 1804.195699999996577 ], [ 36.076000834158137, -0.132653460129025, 1804.105899999995017 ], [ 36.076000033736186, -0.132603661126919, 1804.026199999992969 ], [ 36.07600013378643, -0.132555059437636, 1804.016499999997905 ], [ 36.076001734610514, -0.132507461602724, 1804.016699999992852 ], [ 36.076005036323792, -0.132460560840115, 1804.126900000002934 ], [ 36.076011132760996, -0.132413359756784, 1803.847200000003795 ], [ 36.076020130723954, -0.132367859659819, 1803.827399999994668 ], [ 36.076026834206964, -0.132323160094202, 1804.087599999998929 ], [ 36.076030936298956, -0.132283559641199, 1803.927800000004936 ], [ 36.076034631517267, -0.132255962041961, 1803.788000000000466 ], [ 36.07603623234386, -0.132237058986572, 1803.808099999994738 ], [ 36.076035031705992, -0.132215961391435, 1803.648199999995995 ], [ 36.076035331848153, -0.132187059804744, 1803.548299999994924 ], [ 36.076039634043127, -0.132152261823805, 1803.388500000000931 ], [ 36.076044429789732, -0.132112461144207, 1802.938699999998789 ], [ 36.076048731982276, -0.132070859652583, 1802.758900000000722 ], [ 36.0760531342411, -0.132026159950551, 1802.699099999997998 ], [ 36.076057829953498, -0.13197796167449, 1802.3894 ], [ 36.076063732962695, -0.13192576136806, 1802.149600000004284 ], [ 36.076072030563878, -0.131868758679036, 1802.119900000005146 ], [ 36.076082135757353, -0.131807360376947, 1802.050199999997858 ], [ 36.076091333827044, -0.131743660924386, 1802.060500000006869 ], [ 36.076098730981954, -0.131679361205487, 1802.170899999997346 ], [ 36.076102032637174, -0.131612660050146, 1801.811199999996461 ], [ 36.076102032595145, -0.131547059469862, 1801.4716000000044 ], [ 36.076098430713742, -0.131483560022313, 1801.251900000002934 ], [ 36.076092634358133, -0.131423659055439, 1800.942200000004959 ], [ 36.076086130992906, -0.131368160427171, 1800.802500000005239 ], [ 36.076082936003665, -0.131319758806774, 1800.712799999993877 ], [ 36.076085830792643, -0.131280161637673, 1800.43300000000454 ], [ 36.076093934958472, -0.131246160780593, 1800.38310000000638 ], [ 36.076107835420572, -0.131213360469135, 1800.163300000000163 ], [ 36.076127732288121, -0.131182160930507, 1799.823399999993853 ], [ 36.076151731278522, -0.131152558919266, 1799.573499999998603 ], [ 36.076179632286333, -0.131125658328385, 1799.393599999995786 ], [ 36.076210434787839, -0.131099958355563, 1799.213699999992969 ], [ 36.076242131068007, -0.131075458949626, 1798.913799999994808 ], [ 36.076273633899156, -0.131054658058784, 1798.483900000006543 ], [ 36.076303329123228, -0.131034260674963, 1797.973899999997229 ], [ 36.076333031010002, -0.131012459209428, 1797.403999999994994 ], [ 36.076364233694044, -0.130990157571639, 1797.0341000000044 ], [ 36.076397030504936, -0.130967959226651, 1796.444099999993341 ], [ 36.076428833469635, -0.130945357336283, 1795.844200000006822 ], [ 36.076457935076988, -0.130922558793132, 1795.514299999995274 ], [ 36.07648293457877, -0.130903058635781, 1795.234299999996438 ], [ 36.076501430772154, -0.130888657906483, 1795.274399999994785 ], [ 36.076515331266393, -0.130878659443357, 1795.314400000002934 ], [ 36.076528131182897, -0.130871258945838, 1795.2644 ], [ 36.076541931612041, -0.130864258645806, 1795.194399999993038 ], [ 36.076556232309812, -0.130856057766136, 1795.214500000001863 ], [ 36.076571833667288, -0.130847259878352, 1795.154500000004191 ], [ 36.076587628451485, -0.130837458119183, 1795.044500000003609 ], [ 36.076601929123306, -0.130827759712509, 1794.854500000001281 ], [ 36.076620031757308, -0.130816857369768, 1794.704599999997299 ], [ 36.076645231376958, -0.130798858036129, 1794.544599999993807 ], [ 36.076674933337785, -0.13077255784381, 1794.574699999997392 ], [ 36.076706429529743, -0.130741658527876, 1794.394799999994575 ], [ 36.07673753219688, -0.130709058374759, 1794.304999999993015 ], [ 36.076766933993333, -0.13067705854773, 1794.255099999994854 ], [ 36.076795328594748, -0.130645358841105, 1794.125199999994948 ], [ 36.076823729823062, -0.130611357800706, 1793.645300000003772 ], [ 36.076855732947557, -0.130577857162745, 1793.505499999999302 ], [ 36.076890931047693, -0.130543956310235, 1793.345600000000559 ], [ 36.076927629919211, -0.130508958221986, 1793.175700000007055 ], [ 36.076965029140133, -0.130472059116815, 1792.915800000002491 ], [ 36.077003829083381, -0.130434156165849, 1792.665999999997439 ], [ 36.077044229860611, -0.130396656789987, 1792.496100000003935 ], [ 36.077083630105513, -0.130358657096954, 1792.186199999996461 ], [ 36.077121829729826, -0.130322358270979, 1791.856400000004214 ], [ 36.077158428541182, -0.130287656972341, 1791.616500000003725 ], [ 36.077193233059688, -0.130252855498571, 1791.086599999995087 ], [ 36.07722582981944, -0.130213955401772, 1790.916800000006333 ], [ 36.077256332146654, -0.130171456713405, 1790.577000000004773 ], [ 36.077282932454004, -0.13012545618409, 1790.147200000006706 ], [ 36.077307431685881, -0.13007475659051, 1789.767399999996996 ], [ 36.077327828836893, -0.130019358017933, 1789.637700000006589 ], [ 36.077341329079346, -0.129961558124005, 1789.30789999999979 ], [ 36.077350427069135, -0.12990615617802, 1789.088199999998324 ], [ 36.07735793087403, -0.129859355219681, 1788.618400000006659 ], [ 36.077367028939157, -0.129820555413086, 1789.008600000001024 ], [ 36.077380128991656, -0.129785657363661, 1788.808799999998882 ], [ 36.07739723112541, -0.129749955639547, 1788.778999999994994 ], [ 36.077414433308199, -0.129712756469453, 1788.729099999996834 ], [ 36.077429227576097, -0.129676257630005, 1788.609299999996438 ], [ 36.077443628354999, -0.129642156853586, 1788.869399999995949 ], [ 36.077454727372455, -0.129610156945611, 1788.62960000000021 ], [ 36.077459029600803, -0.129576856517281, 1788.739799999995739 ], [ 36.077452833117015, -0.129548955624622, 1789.059899999992922 ], [ 36.077436231235829, -0.12953225702458, 1789.05000000000291 ], [ 36.077418228653336, -0.129524756560922, 1789.200100000001839 ], [ 36.07741003111844, -0.129523355903837, 1789.350099999996019 ], [ 36.077409730994802, -0.129523856267935, 1789.600099999996019 ], [ 36.077409831072238, -0.129524356614972, 1789.810100000002421 ], [ 36.077409931144736, -0.129525057047933, 1789.980100000000675 ], [ 36.07740993117563, -0.129525557412064, 1790.230100000000675 ], [ 36.077409731098541, -0.129526057759079, 1790.440100000007078 ], [ 36.077409631081636, -0.129526558135964, 1790.720100000005914 ], [ 36.077409531052368, -0.129527158521724, 1790.900099999998929 ], [ 36.077409631126109, -0.129527658855957, 1791.080100000006496 ], [ 36.077409531102987, -0.129527959108517, 1791.310100000002421 ], [ 36.077409331022224, -0.129528359391236, 1791.490099999995437 ], [ 36.077407129889089, -0.129528159288251, 1791.490099999995437 ], [ 36.077398932335662, -0.129524157228178, 1791.490099999995437 ], [ 36.077385532050798, -0.129515659337222, 1791.060200000007171 ], [ 36.077372131803003, -0.129505957621144, 1790.930300000007264 ], [ 36.07735923181643, -0.129497556587357, 1790.830300000001444 ], [ 36.077345831573552, -0.129489559098856, 1790.740399999995134 ], [ 36.077332331316249, -0.129480457836747, 1790.950500000006286 ], [ 36.077317930586716, -0.129471356544748, 1791.090500000005704 ], [ 36.077302329226789, -0.129462058442175, 1791.130600000004051 ], [ 36.077284633461474, -0.129451756510849, 1791.220700000005309 ], [ 36.077263029014858, -0.129440357339531, 1791.290800000002491 ], [ 36.077234327556674, -0.129427257207393, 1791.160900000002584 ], [ 36.077200830286422, -0.129412059294691, 1790.951000000000931 ], [ 36.07716233043962, -0.129392359060083, 1790.731199999994715 ], [ 36.077118828031061, -0.129367356142733, 1790.621400000003632 ], [ 36.07707123017223, -0.129338257754033, 1790.441600000005565 ], [ 36.077020330592667, -0.129306057696289, 1790.091799999994691 ], [ 36.076967830187783, -0.129272657016251, 1789.732099999993807 ], [ 36.076915830065126, -0.129240256936464, 1789.572299999999814 ], [ 36.076864230155913, -0.129209557757881, 1789.47259999999369 ], [ 36.076813330615863, -0.129180155943571, 1789.442800000004354 ], [ 36.076763531616471, -0.129151657838338, 1789.202999999994063 ], [ 36.07671523337978, -0.129122656106376, 1788.883300000001327 ], [ 36.076667528791909, -0.129091856816541, 1788.643500000005588 ], [ 36.076620431201725, -0.129058856457629, 1788.553700000004028 ], [ 36.076573533705869, -0.129027256789922, 1788.394000000000233 ], [ 36.076526729593915, -0.128998758727247, 1788.254199999995762 ], [ 36.076480432415778, -0.128974256075976, 1788.164399999994203 ], [ 36.076434428725761, -0.128954355806537, 1788.10460000000603 ], [ 36.076388631794032, -0.128939758215693, 1787.924700000003213 ], [ 36.076342528038914, -0.128930956946144, 1787.754799999995157 ], [ 36.076293329289285, -0.12892735812023, 1787.034899999998743 ], [ 36.076244530753094, -0.128927854761479, 1786.375 ], [ 36.076196232488002, -0.128929655454172, 1785.825100000001839 ], [ 36.076146933722683, -0.128931356146515, 1785.395099999994272 ], [ 36.076098128547258, -0.128933156898887, 1784.98519999999553 ], [ 36.076049930360838, -0.128935054401849, 1784.655299999998533 ], [ 36.076002232436934, -0.128936955256883, 1784.365300000004936 ], [ 36.075954727949643, -0.128938255815697, 1784.105400000000373 ], [ 36.075907230126255, -0.128939556353189, 1783.795499999992899 ], [ 36.075861433185871, -0.128939656298235, 1783.545499999992899 ], [ 36.075818531064151, -0.12893905586565, 1783.255600000004051 ], [ 36.075780431420903, -0.128939556020987, 1783.015599999998813 ], [ 36.07574693415188, -0.128940556450777, 1782.815700000006473 ], [ 36.075715031026995, -0.128941453459993, 1782.535699999993085 ], [ 36.075682134062077, -0.12894205366679, 1782.295800000007148 ], [ 36.075645828668414, -0.128942753899493, 1781.995800000004238 ], [ 36.075605828041617, -0.128944054449744, 1781.7158999999956 ], [ 36.075564433361365, -0.128945455043006, 1781.415900000007241 ], [ 36.075522231590298, -0.128947252477361, 1781.046000000002095 ], [ 36.075480830254754, -0.128949553585315, 1780.865999999994528 ], [ 36.075439528959613, -0.128952755118399, 1780.596099999995204 ], [ 36.07539783412853, -0.128957053882977, 1780.326100000005681 ], [ 36.075355332212844, -0.128961652793529, 1780.036200000002282 ], [ 36.07531202988261, -0.128965654721574, 1779.72620000000461 ], [ 36.075268734233624, -0.128967252116906, 1779.506299999993644 ], [ 36.075225231810272, -0.12896845263697, 1779.276299999997718 ], [ 36.075181329180886, -0.12896945305408, 1779.046400000006543 ], [ 36.075137233116124, -0.128970653565626, 1778.79649999999674 ], [ 36.075093130376331, -0.128970853545108, 1778.506500000003143 ], [ 36.075049627959139, -0.12897065336543, 1778.326600000000326 ], [ 36.075007733032479, -0.128972354151578, 1778.116699999998673 ], [ 36.074966831949524, -0.128975152164938, 1777.896699999997509 ], [ 36.074924530144251, -0.128978954024064, 1777.666700000001583 ], [ 36.074879233458958, -0.128982752531123, 1777.396800000002258 ], [ 36.07483152887233, -0.128985253720778, 1777.166899999996531 ], [ 36.074783530808702, -0.12898705124041, 1776.996899999998277 ], [ 36.074736533260143, -0.128988451889087, 1776.827000000004773 ], [ 36.074690729647209, -0.128989152134632, 1776.557100000005448 ], [ 36.074646233360347, -0.128989952384763, 1776.177100000000792 ], [ 36.07460313114057, -0.128990852741831, 1775.927200000005541 ], [ 36.074561529694613, -0.128991853154613, 1775.687200000000303 ], [ 36.074524230473308, -0.128993150421016, 1775.52730000000156 ], [ 36.074494928704858, -0.128994350979401, 1775.387300000002142 ], [ 36.074476732659804, -0.128994951250118, 1775.297399999995832 ], [ 36.074465133346528, -0.128995251374804, 1775.227400000003399 ], [ 36.07445133290382, -0.128995751615296, 1775.18739999999525 ], [ 36.074430028594442, -0.128997052255039, 1775.117400000002817 ], [ 36.074402434366746, -0.128998849770394, 1774.93739999999525 ], [ 36.074371931967903, -0.129000350440698, 1774.697499999994761 ], [ 36.074340228960828, -0.129001651042069, 1774.537500000005821 ], [ 36.074310533655229, -0.129002651493191, 1774.387600000001839 ], [ 36.07428433348101, -0.129002951579608, 1774.227599999998347 ], [ 36.074260828032294, -0.12900235121946, 1774.107600000003004 ], [ 36.074240731018506, -0.129002151112295, 1774.09769999999844 ], [ 36.074227130687461, -0.129002551331105, 1774.127699999997276 ], [ 36.07421933334377, -0.129002851498409, 1774.157699999996112 ], [ 36.074216131702968, -0.129002951575521, 1774.217699999993783 ], [ 36.07421563146027, -0.129002751523655, 1774.337700000003679 ], [ 36.074215831573163, -0.129002551454761, 1774.417700000005425 ], [ 36.074216431878497, -0.129002851596481, 1774.387700000006589 ], [ 36.074217132226686, -0.129002951605356, 1774.287700000000768 ], [ 36.074215731489552, -0.129003451807441, 1774.157699999996112 ], [ 36.074212229684363, -0.12900365190193, 1774.137700000006589 ], [ 36.074207433879671, -0.129003551841917, 1774.117700000002515 ], [ 36.074201830989175, -0.129003651872128, 1774.067699999999604 ], [ 36.074198129083435, -0.129003851975114, 1774.067699999999604 ], [ 36.074197228619866, -0.129003851975133, 1774.067699999999604 ], [ 36.074197228617386, -0.129003851966619, 1774.04769999999553 ], [ 36.074197428717923, -0.129003952009554, 1774.027700000006007 ], [ 36.074197728873685, -0.12900405206534, 1774.037700000000768 ] ] ] } },
{ "type": "Feature", "properties": { "Name": null, "Type": "Murram", "Length_Km": 1.4142770987, "main__road": 0, "Type2": 0 }, "geometry": { "type": "MultiLineString", "coordinates": [ [ [ 36.057724042233289, -0.129322440056901, 1756.811100000006263 ], [ 36.057755545684266, -0.129380141715293, 1756.880900000003749 ], [ 36.057770343315639, -0.129401442727132, 1756.990799999999581 ], [ 36.057789343104112, -0.129415443292963, 1757.050700000007055 ], [ 36.057815443225557, -0.129426642455085, 1757.200599999996484 ], [ 36.057850344526038, -0.129435443652195, 1757.200500000006286 ], [ 36.057891645784153, -0.129444244836479, 1757.170400000002701 ], [ 36.05793874335702, -0.129455644016306, 1757.120299999995041 ], [ 36.057993745005128, -0.129470344917019, 1757.1201 ], [ 36.058058044771947, -0.129488544280963, 1757.109899999995832 ], [ 36.058129945116981, -0.129509344979715, 1757.08969999999681 ], [ 36.058203843155852, -0.12953184321471, 1757.059500000003027 ], [ 36.058278444894029, -0.129555442029015, 1757.059200000003329 ], [ 36.058354544062347, -0.129580144719314, 1756.998999999996158 ], [ 36.058429842814881, -0.12960404364975, 1756.9087 ], [ 36.058503243895466, -0.129627642327644, 1756.588499999998021 ], [ 36.05857574452115, -0.129650744112918, 1756.338300000003073 ], [ 36.058648441948115, -0.129672842163154, 1756.357999999992899 ], [ 36.058722643470382, -0.129695843969433, 1756.277799999996205 ], [ 36.058798942763914, -0.129719242731904, 1756.397599999996601 ], [ 36.058876942949126, -0.129743341910276, 1756.647299999996903 ], [ 36.058956944121221, -0.129769642072507, 1756.547099999996135 ], [ 36.059038142610937, -0.129794941839061, 1756.726800000004005 ], [ 36.059121041984881, -0.129820541790009, 1756.976599999994505 ], [ 36.059206542675803, -0.12984774248822, 1757.046300000001793 ], [ 36.059290842756035, -0.129873842645451, 1757.176000000006752 ], [ 36.05937024364998, -0.129898241935715, 1757.325800000005984 ], [ 36.05944444185571, -0.129922644526956, 1757.395499999998719 ], [ 36.059514741395169, -0.129947043808726, 1757.525299999993877 ], [ 36.05958394370063, -0.129970942824424, 1757.635099999999511 ], [ 36.059653943071957, -0.129994941853285, 1757.654800000003888 ], [ 36.059725843410831, -0.130019144281797, 1757.584600000001956 ], [ 36.059800541907443, -0.130042042880519, 1757.924400000003516 ], [ 36.059877441543343, -0.130065341706597, 1758.314100000003236 ], [ 36.059955241613189, -0.130089444177393, 1758.463900000002468 ], [ 36.060030743817357, -0.130111742330653, 1758.483600000006845 ], [ 36.060101443535693, -0.130132843154095, 1758.393400000000838 ], [ 36.060167640933741, -0.130153643814509, 1758.283200000005309 ], [ 36.060232140790013, -0.130174844676665, 1758.163000000000466 ], [ 36.060295243330614, -0.130195642240733, 1758.612800000002608 ], [ 36.060357442010883, -0.130217543493226, 1758.56260000000475 ], [ 36.060418843610442, -0.130238944475475, 1758.482399999993504 ], [ 36.060479541484767, -0.130259541608294, 1758.162200000006123 ], [ 36.060540742972663, -0.130278044402148, 1758.012000000002445 ], [ 36.060604742563974, -0.130296043590626, 1757.8318 ], [ 36.06067124014001, -0.130313942838452, 1757.911600000006729 ], [ 36.060732041423122, -0.130332142146987, 1757.771399999997811 ], [ 36.060782240565558, -0.130349344220172, 1757.501300000003539 ], [ 36.060825642889249, -0.130364642026616, 1757.341100000005099 ], [ 36.060861341246991, -0.130377341829113, 1757.180999999996857 ], [ 36.060882842293459, -0.13038504238299, 1757.000899999999092 ], [ 36.060890442856845, -0.130387943821134, 1756.870899999994435 ], [ 36.060893641174907, -0.130388941018172, 1756.910900000002584 ], [ 36.060902542415285, -0.130392742945426, 1756.840800000005402 ], [ 36.060916643018707, -0.130398042378334, 1756.930800000001909 ], [ 36.060934041991707, -0.130403742034337, 1757.060700000001816 ], [ 36.060955543075217, -0.130410142046597, 1757.180699999997159 ], [ 36.060979341991072, -0.130416842153646, 1757.160600000002887 ], [ 36.061005041885515, -0.130424542775748, 1757.140499999994063 ], [ 36.061030341594943, -0.130431343006772, 1757.290399999998044 ], [ 36.061058242628697, -0.130438143186634, 1757.32039999999688 ], [ 36.061090842786491, -0.130448041760185, 1757.66030000000319 ], [ 36.061120141239627, -0.130460241501254, 1757.96020000000135 ], [ 36.061142742881096, -0.130470443440752, 1758.010099999999511 ], [ 36.061165141067193, -0.130478744342033, 1757.919999999998254 ], [ 36.061189440213397, -0.130487041844301, 1757.679900000002817 ], [ 36.061214539786455, -0.130495742938776, 1757.559800000002724 ], [ 36.061240639883245, -0.130504043857072, 1757.509699999995064 ], [ 36.061269841563146, -0.130513842165989, 1757.349600000001374 ], [ 36.06130354223442, -0.130525041225783, 1757.259500000000116 ], [ 36.061344339887583, -0.130534642779451, 1757.129400000005262 ], [ 36.061389839966509, -0.130543640706169, 1757.039300000004005 ], [ 36.061433939321851, -0.130551441341352, 1756.929199999998673 ], [ 36.061473939901738, -0.130558341517261, 1756.829100000002654 ], [ 36.061508441012222, -0.130564241276203, 1756.959000000002561 ], [ 36.061539340272169, -0.130570441202458, 1757.118900000001304 ], [ 36.061568441940068, -0.130578542107318, 1757.278900000004796 ], [ 36.061594842214831, -0.130588043724622, 1757.418799999999464 ], [ 36.061619141424018, -0.130598142371382, 1757.688699999998789 ], [ 36.061641439552425, -0.130608941203872, 1757.548599999994622 ], [ 36.061663040664023, -0.13061784242266, 1757.478499999997439 ], [ 36.061684941954802, -0.130625242954176, 1757.608399999997346 ], [ 36.06170633962585, -0.130631242670898, 1757.518400000000838 ], [ 36.061727940801617, -0.13063494143324, 1757.968299999993178 ], [ 36.061750739259182, -0.130639644041372, 1758.408299999995506 ], [ 36.061773641090959, -0.130645043632376, 1758.748200000001816 ], [ 36.061792841005882, -0.130649342618485, 1758.998200000001816 ], [ 36.061809839753103, -0.130653441382208, 1758.96809999999823 ], [ 36.061827642273357, -0.130657243416024, 1759.148100000005797 ], [ 36.061846842173466, -0.130663543381017, 1759.278000000005704 ], [ 36.061868439982092, -0.130672744865159, 1759.467900000003283 ], [ 36.061889540854658, -0.130681542761368, 1759.547800000000279 ], [ 36.061909241009836, -0.130688443026883, 1759.657800000000861 ], [ 36.061924442183518, -0.130694843039126, 1759.777700000006007 ], [ 36.061935541236807, -0.130699942352024, 1759.827699999994365 ], [ 36.061943642084863, -0.130703244089915, 1759.917600000000675 ], [ 36.0619475407808, -0.13070424468169, 1760.09759999999369 ], [ 36.061948641364644, -0.130703644432338, 1760.237599999993108 ], [ 36.061948641381925, -0.13070304418303, 1760.377600000007078 ], [ 36.061948541344002, -0.1307025439724, 1760.487599999993108 ], [ 36.061948241203062, -0.130701943710283, 1760.59759999999369 ], [ 36.061948441324589, -0.130701443516726, 1760.747600000002421 ], [ 36.061949742006526, -0.13070134350779, 1760.84759999999369 ], [ 36.061953240481607, -0.130702344048433, 1760.907600000005914 ], [ 36.061960540923799, -0.130705642472636, 1761.047600000005332 ], [ 36.061971940127904, -0.130709244335227, 1761.067599999994854 ], [ 36.061984539955013, -0.13071144549385, 1761.127500000002328 ], [ 36.061997740091122, -0.13071384342041, 1761.1875 ], [ 36.062011640576728, -0.130717245158697, 1761.157500000001164 ], [ 36.062027742200364, -0.130720643578968, 1761.167400000005728 ], [ 36.062046141673626, -0.130725342668777, 1761.177400000000489 ], [ 36.062067439304265, -0.130733143350896, 1761.177299999995739 ], [ 36.062090140994762, -0.130743745487881, 1761.207200000004377 ], [ 36.062114140023482, -0.13075534481765, 1761.267099999997299 ], [ 36.062142441254629, -0.130766043641227, 1761.226999999998952 ], [ 36.06217394079524, -0.130776942555008, 1761.15690000000177 ], [ 36.062206741043688, -0.130788945502501, 1761.396800000002258 ], [ 36.062241242130717, -0.130802342373128, 1761.336699999999837 ], [ 36.062280142144033, -0.130815142252659, 1761.236499999999069 ], [ 36.062322640688862, -0.130826844943347, 1761.236399999994319 ], [ 36.062364939139322, -0.13083894453486, 1761.306299999996554 ], [ 36.06240314213332, -0.130851844487185, 1761.256200000003446 ], [ 36.062438240196819, -0.130863243671292, 1761.216000000000349 ], [ 36.062470240014711, -0.130873642395788, 1761.305900000006659 ], [ 36.062502439941767, -0.130883344116111, 1761.445800000001327 ], [ 36.062536040588675, -0.130892842394148, 1761.575700000001234 ], [ 36.062561940583684, -0.130900643059171, 1761.535699999993085 ], [ 36.062573539901905, -0.130903744702611, 1761.645600000003469 ], [ 36.062575941163999, -0.13090344463765, 1761.85559999999532 ], [ 36.062576141269481, -0.130903044440149, 1761.875599999999395 ], [ 36.062576141290478, -0.130902444203613, 1762.045599999997648 ], [ 36.062577542023895, -0.130902944503762, 1762.145600000003469 ], [ 36.062587440447992, -0.130906543005731, 1762.10559999999532 ], [ 36.062609341735055, -0.13091454383349, 1762.205499999996391 ], [ 36.062643039083646, -0.130926243193417, 1762.215400000000955 ], [ 36.062687441944611, -0.130940143690611, 1762.235300000000279 ], [ 36.062740639337932, -0.130955244822906, 1762.295100000003004 ], [ 36.062801640735188, -0.130974144530323, 1762.244900000005146 ], [ 36.062869739120487, -0.130994444963038, 1762.204700000002049 ], [ 36.062943740532326, -0.131016242790635, 1762.064499999993131 ], [ 36.0630208402157, -0.131042042712356, 1762.004199999995762 ], [ 36.063095438610183, -0.131070043762983, 1761.93399999999383 ], [ 36.063162940048684, -0.131095743735602, 1762.1137000000017 ], [ 36.063223241092757, -0.131118345374221, 1762.123500000001513 ], [ 36.063278339457305, -0.131136644793924, 1762.123300000006566 ], [ 36.063328038380497, -0.131152743097719, 1762.163199999995413 ], [ 36.063367938921211, -0.131168544564951, 1762.163000000000466 ], [ 36.063396140110747, -0.131182044864715, 1762.202900000003865 ], [ 36.063419438773977, -0.13119204335339, 1762.22280000000319 ], [ 36.063443941413837, -0.13119984412503, 1762.432799999995041 ], [ 36.063472039236537, -0.131206644377359, 1762.632700000001932 ], [ 36.063500240448285, -0.131215145513763, 1762.852599999998347 ], [ 36.063524839779859, -0.131225544204157, 1762.86250000000291 ], [ 36.063546040702718, -0.131234245379668, 1762.932400000005146 ], [ 36.063568138747883, -0.131241545812802, 1762.95230000000447 ], [ 36.063595039272755, -0.131249043039461, 1763.032300000006217 ], [ 36.063626438779131, -0.131257444060408, 1763.1021999999939 ], [ 36.063659239014029, -0.131267742750432, 1763.232099999993807 ], [ 36.063693740122034, -0.131278344921496, 1763.342000000004191 ], [ 36.063733040369762, -0.131286842684491, 1763.471900000004098 ], [ 36.063777740046511, -0.131295143619799, 1763.461699999999837 ], [ 36.063824040562153, -0.131303944863762, 1763.571599999995669 ], [ 36.063865938814004, -0.131313943399282, 1763.701499999995576 ], [ 36.063902937863524, -0.131324545531976, 1763.721399999994901 ], [ 36.063939640099726, -0.131335144350928, 1763.791299999997136 ], [ 36.063976038863665, -0.131344846101085, 1764.001199999998789 ], [ 36.064009239314444, -0.131354044258676, 1764.211100000000442 ], [ 36.064041639343294, -0.131364643103229, 1764.341000000000349 ], [ 36.064072338480479, -0.131378143385945, 1764.3408999999956 ], [ 36.064099639203981, -0.131391743728686, 1764.360700000004726 ], [ 36.064123838334488, -0.131404543672195, 1764.410600000002887 ], [ 36.064147740630709, -0.131416142946533, 1764.340500000005704 ], [ 36.064172139867928, -0.131426044744316, 1764.420499999992899 ], [ 36.064192740458282, -0.131434245581283, 1764.300399999992806 ], [ 36.064212440586289, -0.131442242984508, 1764.190300000002026 ], [ 36.064234538610464, -0.131451844529733, 1764.040200000003097 ], [ 36.064258240792569, -0.131460945813173, 1763.880099999994854 ], [ 36.064282840129096, -0.131468643130067, 1763.930099999997765 ], [ 36.064308840228684, -0.131475843669403, 1764.320000000006985 ], [ 36.064339539385635, -0.131483844522726, 1764.479900000005728 ], [ 36.064374140543926, -0.131492545710912, 1764.579800000006799 ], [ 36.06441103954316, -0.131502844358348, 1764.609700000000885 ], [ 36.064451840573369, -0.131514443751993, 1764.819600000002538 ], [ 36.06449833784464, -0.131528044090454, 1764.829400000002352 ], [ 36.064550437997802, -0.131542744986883, 1764.819300000002841 ], [ 36.064605039441091, -0.13155844307183, 1764.829100000002654 ], [ 36.06466123840184, -0.131575045053366, 1765.068899999998393 ], [ 36.06471883809477, -0.131592744304744, 1765.39879999999539 ], [ 36.064775440605246, -0.131610843753625, 1765.708599999998114 ], [ 36.064830639050889, -0.131629443430178, 1765.948399999993853 ], [ 36.0648848403141, -0.131647746278766, 1766.1682 ], [ 36.064936240137584, -0.131664745131308, 1766.407999999995809 ], [ 36.064980939839025, -0.131679145958482, 1766.597899999993388 ], [ 36.065017438659389, -0.131690745369211, 1766.84780000000319 ], [ 36.065049638586459, -0.131701244166506, 1766.987699999997858 ], [ 36.065078440094915, -0.131710145466267, 1767.107600000003004 ], [ 36.065099637675296, -0.131716345328595, 1767.117499999993015 ], [ 36.065116139507438, -0.131721644735936, 1767.147500000006403 ], [ 36.065138137506032, -0.131728945186143, 1767.207399999999325 ], [ 36.065168539838574, -0.131738646897982, 1767.32730000000447 ], [ 36.06520323771457, -0.131749846042975, 1767.437200000000303 ], [ 36.065240937119668, -0.131761845544633, 1767.41710000000603 ], [ 36.065280037252037, -0.131774045170572, 1767.446899999995367 ], [ 36.065318937283898, -0.13178724532006, 1767.496799999993527 ], [ 36.065361139009262, -0.131801846169269, 1767.496700000003329 ], [ 36.065409137056818, -0.131818244627553, 1767.536500000001979 ], [ 36.065462137690837, -0.131835546922683, 1767.666299999997136 ], [ 36.065518640109026, -0.131852645715898, 1767.646200000002864 ], [ 36.065572838011249, -0.131867746826866, 1767.656000000002678 ], [ 36.065616036914165, -0.131880646792012, 1767.635899999993853 ], [ 36.065645338662847, -0.131891045469604, 1767.615799999999581 ], [ 36.065665739160053, -0.131898045722643, 1767.575700000001234 ], [ 36.065684939020656, -0.13190364519073, 1767.385599999994156 ], [ 36.06571043881705, -0.131912546447916, 1767.40559999999823 ], [ 36.065740837794749, -0.131924545941019, 1767.365399999995134 ], [ 36.06577593920688, -0.131938346408052, 1767.435299999997369 ], [ 36.065816336678722, -0.131955045033645, 1767.505199999999604 ], [ 36.065858538432508, -0.131972444087938, 1767.735000000000582 ], [ 36.065897438489024, -0.131987345198237, 1767.984899999995832 ], [ 36.065933537086096, -0.131998744446245, 1768.094800000006217 ], [ 36.065968738563313, -0.132008746338121, 1768.274699999994482 ], [ 36.066001838948992, -0.132018844912375, 1768.374599999995553 ], [ 36.066028839509329, -0.132027245882204, 1768.324500000002445 ], [ 36.066049636873807, -0.132033245607445, 1768.254400000005262 ], [ 36.066069937307155, -0.132037644478761, 1768.114400000005844 ], [ 36.066095337059444, -0.13204154652142, 1768.194300000002841 ], [ 36.066128937689072, -0.132048046529715, 1768.184200000003329 ], [ 36.06616603680984, -0.132058045086528, 1768.364100000006147 ], [ 36.066201738633481, -0.132068547542866, 1769.263999999995576 ], [ 36.066238837765376, -0.132081747786139, 1769.533899999994901 ], [ 36.066277937905141, -0.132095244772124, 1769.623699999996461 ], [ 36.066318238679074, -0.132105947041571, 1769.843599999992875 ], [ 36.066358339343786, -0.132117146212166, 1770.013500000000931 ], [ 36.0663946380661, -0.132129946257969, 1770.303400000004331 ], [ 36.066428839008488, -0.132141045313108, 1770.323300000003655 ], [ 36.066460138483109, -0.132150546968764, 1770.553199999994831 ], [ 36.06649083762526, -0.132160945671977, 1770.59309999999823 ], [ 36.066525939011441, -0.132171447684973, 1770.452999999994063 ], [ 36.0665660363263, -0.132181746340884, 1770.502900000006775 ], [ 36.066608338120481, -0.132193445756185, 1770.642699999996694 ], [ 36.066650436491393, -0.132205945634642, 1770.902600000001257 ], [ 36.066691737750716, -0.132218945651306, 1770.882500000006985 ], [ 36.066730237587649, -0.132232145839147, 1771.022299999996903 ], [ 36.066769537842788, -0.132245546151342, 1771.212199999994482 ], [ 36.066811436081075, -0.132259346597059, 1771.232099999993807 ], [ 36.066856139113838, -0.132271646329926, 1771.391900000002352 ], [ 36.06690223618898, -0.132282845466387, 1771.481799999994109 ], [ 36.066945538509309, -0.132295445383575, 1771.711699999999837 ], [ 36.066982937780907, -0.132310746657264, 1771.861499999999069 ], [ 36.06701383702606, -0.132326748244613, 1771.901400000002468 ], [ 36.067040237284743, -0.132339548171095, 1771.911300000007031 ], [ 36.067065737076206, -0.132349946848711, 1771.891199999998207 ], [ 36.067094838725588, -0.132360045384548, 1771.901100000002771 ], [ 36.06712763896909, -0.13236874661544, 1772.100999999995111 ], [ 36.067160339130233, -0.132376447224703, 1772.050900000002002 ], [ 36.067189737605254, -0.132381746644843, 1772.110799999994924 ], [ 36.067215137360009, -0.13238494833546, 1772.210800000000745 ], [ 36.067232436258045, -0.132386545798876, 1772.150800000003073 ], [ 36.06723983671224, -0.13238624556757, 1771.970700000005309 ], [ 36.067241337497165, -0.13238534848173, 1772.070800000001327 ], [ 36.067247137154439, -0.132382346953692, 1772.110799999994924 ], [ 36.067257138974945, -0.132374346185531, 1772.150800000003073 ], [ 36.067264135918911, -0.132363747426146, 1772.220799999995506 ], [ 36.067266837302178, -0.132354445945889, 1772.160900000002584 ], [ 36.067266136928041, -0.132343847109782, 1772.050900000002002 ], [ 36.067262838555969, -0.132328846028881, 1771.990999999994528 ], [ 36.06725943679119, -0.13230544727054, 1771.881099999998696 ], [ 36.067256538594229, -0.132272646920676, 1771.571299999995972 ], [ 36.067255437996778, -0.13223534761389, 1771.321500000005472 ], [ 36.067255037769733, -0.13219804834113, 1771.151700000002165 ], [ 36.067256338438078, -0.132160845853054, 1771.141900000002352 ], [ 36.067259536752438, -0.132121745729998, 1771.152100000006612 ], [ 36.067261337679533, -0.132076946002069, 1771.15230000000156 ], [ 36.067263538827468, -0.132025746364136, 1771.272599999996601 ], [ 36.067266436988554, -0.13197294585955, 1771.292900000000373 ], [ 36.067270238942079, -0.13192174615764, 1771.263099999996484 ], [ 36.067275038081782, -0.131872747610203, 1771.283400000000256 ], [ 36.067280637623632, -0.13182704739314, 1771.223599999997532 ], [ 36.067285436753458, -0.131786746622189, 1771.163799999994808 ], [ 36.067288438301098, -0.131750748099971, 1771.18399999999383 ], [ 36.06729133645603, -0.131715046375913, 1771.154200000004494 ], [ 36.067295138399665, -0.131676446459196, 1771.044399999998859 ], [ 36.067299737430176, -0.131637746525078, 1771.014599999994971 ], [ 36.067303335913529, -0.13159964678918, 1770.724799999996321 ], [ 36.067306937725753, -0.131559245847383, 1770.384999999994761 ], [ 36.06731093642869, -0.131515546609229, 1770.205199999996694 ], [ 36.067315735528872, -0.131468645671836, 1769.905400000003283 ], [ 36.06731943740003, -0.131420647511515, 1769.625700000004144 ], [ 36.067322535623369, -0.131372345848813, 1769.31590000000142 ], [ 36.067325837325541, -0.13132434781634, 1769.336200000005192 ], [ 36.067330336309475, -0.131277346959591, 1769.346399999994901 ], [ 36.067334838622301, -0.131232447163109, 1769.306599999996251 ], [ 36.067338537165782, -0.131189848474436, 1769.086800000004587 ], [ 36.067342635920248, -0.131149047394825, 1768.907000000006519 ], [ 36.067346738020895, -0.131107646044582, 1768.817299999995157 ], [ 36.06734993630316, -0.131065247446125, 1768.567500000004657 ], [ 36.067353338037037, -0.13102334581703, 1768.427700000000186 ], [ 36.067358837528666, -0.130983048385394, 1768.377900000006775 ], [ 36.067365137418726, -0.130944445112305, 1768.21809999999823 ], [ 36.067371437311273, -0.130908246418873, 1768.07829999999376 ], [ 36.067377937309296, -0.130874245531994, 1767.958400000003166 ], [ 36.067384137163906, -0.130841245198493, 1767.928599999999278 ], [ 36.067389236434678, -0.130807147573832, 1767.758799999995972 ], [ 36.06739393552288, -0.130772646489092, 1767.778900000004796 ], [ 36.067398838045449, -0.130739045855112, 1767.769100000004983 ], [ 36.067403136935027, -0.130704748234008, 1767.849300000001676 ], [ 36.067407235684556, -0.130668145965417, 1767.62949999999546 ], [ 36.067412238237623, -0.13062914581286, 1767.449600000007194 ], [ 36.067417437582129, -0.1305885482523, 1767.459900000001653 ], [ 36.067422536839288, -0.13054744697556, 1767.180099999997765 ], [ 36.067428336461965, -0.130507946539882, 1766.940300000002026 ], [ 36.067433235654427, -0.130470047043349, 1766.970400000005611 ], [ 36.067437337750093, -0.130433945070644, 1766.840599999995902 ], [ 36.067441036312104, -0.13040044779764, 1766.770799999998417 ], [ 36.06744473821044, -0.130372846897474, 1766.710900000005495 ], [ 36.067447636362878, -0.130353046683674, 1766.660999999992782 ], [ 36.067450137641892, -0.130337045083513, 1766.591100000005099 ], [ 36.067453035786926, -0.130320346440777, 1766.481199999994715 ], [ 36.067456237415378, -0.130300546180126, 1766.321299999995972 ], [ 36.067459235632903, -0.130279645446757, 1766.381399999998393 ], [ 36.067462837497004, -0.130258247799414, 1766.461500000004889 ], [ 36.067466636117949, -0.130233845233625, 1766.451600000000326 ], [ 36.067470137914469, -0.130205247157709, 1766.401800000006915 ], [ 36.067473136128321, -0.130174247879865, 1766.431899999995949 ], [ 36.067476037604699, -0.130141447602453, 1766.29210000000603 ], [ 36.067479235894368, -0.130107846891785, 1766.10229999999865 ], [ 36.067482637631969, -0.130074946575668, 1765.992400000002817 ], [ 36.067485535794304, -0.130043847246308, 1766.022599999996601 ], [ 36.067487436769206, -0.130014645534888, 1765.992700000002515 ], [ 36.06748823720347, -0.129985647351018, 1766.172900000005029 ], [ 36.067484935482753, -0.129957546146457, 1766.002999999996973 ], [ 36.067475137092885, -0.129932746671333, 1765.903200000000652 ], [ 36.067457834830172, -0.129914547226228, 1765.723299999997835 ], [ 36.067436737321053, -0.129906146299081, 1765.873399999996764 ], [ 36.067414335762869, -0.129902547690542, 1765.663400000004913 ], [ 36.067393234874224, -0.129897945231948, 1765.45350000000326 ], [ 36.067372837666383, -0.12988704614761, 1765.123600000006263 ], [ 36.067356035636493, -0.129866545432714, 1764.743700000006356 ], [ 36.067351936822739, -0.129840745357289, 1764.443899999998393 ], [ 36.067360437869411, -0.129816746349548, 1764.474000000001979 ] ] ] } },
{ "type": "Feature", "properties": { "Name": null, "Type": "Murram", "Length_Km": 1.2129723669000001, "main__road": 0, "Type2": 0 }, "geometry": { "type": "MultiLineString", "coordinates": [ [ [ 36.072610871961352, -0.116410726519475, 1745.045800000007148 ], [ 36.07258052606641, -0.116381552024699, 1744.916100000002189 ], [ 36.072531427442364, -0.11633915014671, 1744.796300000001793 ], [ 36.072475331890423, -0.116290151565233, 1744.736699999994016 ], [ 36.072415827897387, -0.116232952027332, 1744.517099999997299 ], [ 36.072353729226649, -0.116170549781434, 1744.227499999993597 ], [ 36.072288428928701, -0.11610564965553, 1744.107900000002701 ], [ 36.072219526771576, -0.116036450632967, 1743.948399999993853 ], [ 36.072147529684145, -0.115961351894047, 1743.758900000000722 ], [ 36.072071930735092, -0.115881650760393, 1743.509399999995367 ], [ 36.071993630408954, -0.115800052030141, 1743.369999999995343 ], [ 36.07191533008033, -0.115718650059298, 1743.210500000001048 ], [ 36.071838030264296, -0.115639349161542, 1743.031099999992875 ], [ 36.071760730430995, -0.115562849646108, 1742.711599999995087 ], [ 36.071683930846575, -0.11548725056436, 1742.322100000004866 ], [ 36.071606230794892, -0.115409950594238, 1741.902600000001257 ], [ 36.071526029449366, -0.115331850190806, 1741.433099999994738 ], [ 36.071444330666282, -0.115254149993384, 1740.963699999992969 ], [ 36.071362828653662, -0.11517745031953, 1740.514200000005076 ], [ 36.071283331022251, -0.115100950804116, 1740.194699999992736 ], [ 36.071207328537064, -0.115024951593078, 1739.98519999999553 ], [ 36.071132830138538, -0.114950649850118, 1739.6057 ], [ 36.071057431267775, -0.11487794890128, 1739.156199999997625 ], [ 36.070979531101969, -0.114804751004409, 1738.646699999997509 ], [ 36.070898129118611, -0.114728548176191, 1738.017200000002049 ], [ 36.07081063066471, -0.114646348932262, 1737.3978000000061 ], [ 36.070718229675876, -0.114555148349686, 1736.688399999999092 ], [ 36.070624928211124, -0.114456747351298, 1735.879100000005565 ], [ 36.07053433147955, -0.114356348683476, 1735.129700000004959 ], [ 36.070451028454571, -0.114253348510228, 1733.990399999995134 ], [ 36.070371730817492, -0.114145749277321, 1732.791100000002189 ], [ 36.070294030705298, -0.114035348726004, 1731.881800000002841 ], [ 36.070213429099404, -0.11392564853519, 1730.972500000003492 ], [ 36.070138230302035, -0.113820047214789, 1730.283100000000559 ], [ 36.070067630531483, -0.11372224655095, 1729.533800000004703 ], [ 36.070001429721792, -0.113629845435557, 1729.024399999994785 ], [ 36.0699406283683, -0.113541646517419, 1728.594899999996414 ], [ 36.069887530979543, -0.113461445045118, 1728.155400000003283 ], [ 36.069841530586274, -0.11338954787741, 1727.785799999997835 ], [ 36.069796330605072, -0.113322746666244, 1727.416299999997136 ], [ 36.069750730436368, -0.113256345725059, 1727.196700000000419 ], [ 36.069704329846964, -0.113186546337995, 1726.907099999996717 ], [ 36.069652629855355, -0.113112444710709, 1726.5576 ], [ 36.069595330311977, -0.113032346654838, 1726.188099999999395 ], [ 36.069531830958432, -0.11294564536612, 1726.208599999998114 ], [ 36.069467030899482, -0.112854144816624, 1725.939199999993434 ], [ 36.069401330364606, -0.11275934585993, 1725.569799999997485 ], [ 36.069334029021718, -0.112661845568119, 1725.330400000006193 ], [ 36.069266030645927, -0.112561246989172, 1725.031099999992875 ], [ 36.06919712847273, -0.112459044255356, 1724.741699999998673 ], [ 36.069127329182173, -0.112356744843521, 1724.542300000000978 ], [ 36.069059230779551, -0.112255045783381, 1724.442999999999302 ], [ 36.068994930989248, -0.11215494751309, 1724.263600000005681 ], [ 36.068934529873871, -0.112058744585627, 1724.094200000006822 ], [ 36.068875329364239, -0.111968344602621, 1723.824699999997392 ], [ 36.068813130666676, -0.111882146859573, 1723.735300000000279 ], [ 36.068747930410375, -0.111795245373963, 1723.535799999997835 ], [ 36.06868192973829, -0.111704345150586, 1723.306400000001304 ], [ 36.068615829008507, -0.111609642948718, 1723.027000000001863 ], [ 36.068548130790937, -0.111513246545671, 1722.757599999997183 ], [ 36.068477931291859, -0.111416343236367, 1722.538199999995413 ], [ 36.06840673126414, -0.111317345468618, 1722.208899999997811 ], [ 36.068335431177523, -0.111213745306209, 1721.819499999997788 ], [ 36.068263130579538, -0.111106243147968, 1721.46020000000135 ], [ 36.068190029562096, -0.110998147325214, 1721.040900000007241 ], [ 36.068118929571064, -0.110894647188677, 1720.591499999994994 ], [ 36.068052828820321, -0.110799244553774, 1720.142099999997299 ], [ 36.067993131354854, -0.110707443734531, 1719.602700000003097 ], [ 36.067933830785073, -0.110614242279636, 1719.263300000005984 ], [ 36.067871131797858, -0.110518246048453, 1718.913799999994808 ], [ 36.067806928705501, -0.110418247765688, 1718.584499999997206 ], [ 36.067740431098571, -0.110315347989325, 1718.255099999994854 ], [ 36.067669631275663, -0.110212048002709, 1717.915800000002491 ], [ 36.067595629811926, -0.110108647990236, 1717.63640000000305 ], [ 36.067521331532475, -0.110003847269443, 1717.387100000007194 ], [ 36.067446929870144, -0.109897245634459, 1717.167700000005425 ], [ 36.067371631075609, -0.109788242750596, 1716.918399999995017 ], [ 36.067295631919293, -0.109677445605459, 1716.6591000000044 ], [ 36.067218131996576, -0.109564347297141, 1716.449800000002142 ], [ 36.06714003176355, -0.109449448057492, 1716.230500000005122 ], [ 36.067062531845743, -0.109335542684127, 1716.061300000001211 ], [ 36.066987129672057, -0.109223945156862, 1715.872000000003027 ], [ 36.066913931983841, -0.109114642203783, 1715.822599999999511 ], [ 36.066841831503702, -0.10900854748785, 1715.583299999998417 ], [ 36.066770531444241, -0.108905847882776, 1715.414000000004307 ], [ 36.06670182939137, -0.108805242697665, 1715.264599999994971 ], [ 36.06663563196738, -0.108707045440058, 1715.165200000003097 ], [ 36.066572232645584, -0.108610242216329, 1715.025800000003073 ], [ 36.066509630406941, -0.108514846405062, 1714.93640000000596 ], [ 36.066445230566387, -0.108421344868173, 1714.767000000007101 ], [ 36.066380030321177, -0.108330444695898, 1714.657600000005914 ], [ 36.066316731047166, -0.108240745116081, 1714.488100000002305 ], [ 36.066257230405235, -0.108151946033891, 1714.398700000005192 ], [ 36.066201431701167, -0.10806584845323, 1714.569199999998091 ], [ 36.066148931350597, -0.107985947357186, 1714.649699999994482 ], [ 36.066102530766152, -0.107914743931088, 1714.400099999998929 ], [ 36.066061032757368, -0.107856347276456, 1714.57050000000163 ], [ 36.066006631419576, -0.107751446615089, 1714.311000000001513 ] ] ] } },
{ "type": "Feature", "properties": { "Name": null, "Type": "Murram", "Length_Km": 1.8232949358199999, "main__road": 0, "Type2": 0 }, "geometry": { "type": "MultiLineString", "coordinates": [ [ [ 36.08161463341461, -0.130101866097758, 0.0 ], [ 36.081601631950868, -0.130092256480225, 0.0 ], [ 36.081497361950966, -0.129965266480578, 0.0 ], [ 36.08144816195103, -0.129880696480878, 0.0 ], [ 36.081393851951084, -0.129790256481113, 0.0 ], [ 36.081334591951169, -0.129698386481353, 0.0 ], [ 36.081271971951239, -0.129604266481635, 0.0 ], [ 36.081208271951311, -0.129502756481947, 0.0 ], [ 36.081144571951405, -0.129393456482266, 0.0 ], [ 36.081078771951482, -0.129277456482525, 0.0 ], [ 36.081011551951569, -0.129155246482895, 0.0 ], [ 36.080943231951686, -0.129028006483285, 0.0 ], [ 36.080874341951777, -0.128896156483639, 0.0 ], [ 36.080805271951874, -0.128763056484003, 0.0 ], [ 36.080737121951969, -0.128630876484303, 0.0 ], [ 36.080671241952061, -0.128500366484667, 0.0 ], [ 36.080607961952154, -0.128370776485059, 0.0 ], [ 36.080545931952251, -0.128242876485442, 0.0 ], [ 36.08048315195235, -0.128117476485738, 0.0 ], [ 36.080420621952435, -0.127994346486089, 0.0 ], [ 36.080358601952533, -0.127873736486475, 0.0 ], [ 36.080296071952631, -0.127756476486757, 0.0 ], [ 36.080237141952708, -0.127642896487115, 0.0 ], [ 36.080181991952777, -0.127535356487364, 0.0 ], [ 36.080126921952875, -0.127433936487608, 0.0 ], [ 36.080072271952922, -0.127335536487945, 0.0 ], [ 36.080018381953003, -0.127237466488202, 0.0 ], [ 36.079963981953092, -0.127138896488495, 0.0 ], [ 36.079908571953155, -0.127039486488772, 0.0 ], [ 36.079850491953209, -0.126940656489007, 0.0 ], [ 36.079790551953323, -0.126841506489301, 0.0 ], [ 36.079732471953385, -0.12674024648958, 0.0 ], [ 36.079678321953459, -0.126637156489882, 0.0 ], [ 36.079627951953533, -0.126534556490158, 0.0 ], [ 36.079578581953605, -0.126434726490466, 0.0 ], [ 36.079527701953673, -0.126338506490723, 0.0 ], [ 36.079477161953747, -0.126243786490972, 0.0 ], [ 36.079429971953822, -0.126151166491202, 0.0 ], [ 36.079386881953894, -0.126061146491455, 0.0 ], [ 36.079348071953952, -0.125975486491694, 0.0 ], [ 36.079270881954074, -0.12581103649213, 0.0 ], [ 36.079221681954131, -0.125731486492361, 0.0 ], [ 36.079169371954194, -0.125648846492619, 0.0 ], [ 36.079120671954264, -0.125559656492901, 0.0 ], [ 36.07907105195433, -0.125466036493166, 0.0 ], [ 36.079019671954413, -0.125372996493443, 0.0 ], [ 36.078969301954459, -0.125288836493658, 0.0 ], [ 36.078871061954565, -0.125139896494059, 0.0 ], [ 36.078812391954628, -0.125063366494333, 0.0 ], [ 36.078758321954702, -0.124979966494567, 0.0 ], [ 36.078701241954782, -0.124890696494771, 0.0 ], [ 36.078643661954828, -0.124798076495014, 0.0 ], [ 36.078582051954918, -0.124709066495353, 0.0 ], [ 36.078515671954975, -0.124623986495581, 0.0 ], [ 36.078447941955034, -0.1245408364958, 0.0 ], [ 36.078379961955108, -0.124456936496066, 0.0 ], [ 36.078317771955177, -0.12436582649634, 0.0 ], [ 36.078257171955258, -0.124268926496553, 0.0 ], [ 36.07819363195533, -0.1241690964969, 0.0 ], [ 36.078125241955391, -0.124070696497199, 0.0 ], [ 36.078055841955482, -0.12397380649742, 0.0 ], [ 36.077989871955552, -0.12388134649768, 0.0 ], [ 36.077926921955608, -0.123799966497972, 0.0 ], [ 36.07786858195567, -0.12372795649818, 0.0 ], [ 36.077764061955783, -0.123587476498574, 0.0 ], [ 36.077663651955888, -0.123452786499027, 0.0 ], [ 36.077569101955987, -0.123316656499371, 0.0 ], [ 36.07746994195611, -0.12317425649974, 0.0 ], [ 36.077359551956214, -0.123023296500268, 0.0 ], [ 36.077302641956287, -0.122942576500444, 0.0 ], [ 36.077244221956342, -0.122859936500725, 0.0 ], [ 36.077185291956418, -0.122779126500967, 0.0 ], [ 36.077127291956458, -0.122706456501135, 0.0 ], [ 36.077031571956553, -0.122588856501467, 0.0 ], [ 36.076954871956652, -0.122463886501863, 0.0 ], [ 36.076866281956761, -0.122320056502239, 0.0 ], [ 36.07681238195682, -0.122243026502471, 0.0 ], [ 36.076752451956892, -0.122161806502763, 0.0 ], [ 36.076689251956942, -0.122073956502991, 0.0 ], [ 36.076621191957024, -0.1219775665033, 0.0 ], [ 36.076548851957099, -0.121876226503553, 0.0 ], [ 36.076475601957178, -0.121770956503867, 0.0 ], [ 36.07640192195727, -0.121661236504205, 0.0 ], [ 36.076328071957356, -0.121552266504487, 0.0 ], [ 36.076252891957438, -0.121446326504748, 0.0 ], [ 36.076178791957524, -0.121341126505133, 0.0 ], [ 36.076107381957613, -0.121235766505397, 0.0 ], [ 36.076036551957685, -0.121132256505744, 0.0 ], [ 36.075967991957775, -0.121033346505997, 0.0 ], [ 36.075903201957843, -0.120943156506251, 0.0 ], [ 36.075848631957882, -0.120870156506521, 0.0 ], [ 36.075775621957966, -0.120773336506721, 0.0 ], [ 36.075718041958027, -0.120693376506982, 0.0 ], [ 36.075661041958078, -0.120622806507212, 0.0 ], [ 36.075585941958153, -0.120528586507487, 0.0 ], [ 36.075532551958233, -0.120419036507738, 0.0 ], [ 36.0754924819583, -0.120328596507986, 0.0 ], [ 36.075425261958387, -0.120229186508285, 0.0 ], [ 36.07534697195846, -0.120120896508656, 0.0 ], [ 36.075272041958549, -0.12001276650894, 0.0 ], [ 36.075201801958634, -0.119911266509265, 0.0 ], [ 36.075126531958695, -0.119822666509473, 0.0 ], [ 36.075056461958745, -0.119742706509767, 0.0 ], [ 36.07498437195882, -0.119666086509997, 0.0 ], [ 36.074919581958895, -0.119567856510314, 0.0 ], [ 36.074856801958965, -0.119456456510589, 0.0 ], [ 36.074794771959063, -0.119348756510856, 0.0 ], [ 36.074721261959148, -0.119239956511201, 0.0 ], [ 36.074638871959245, -0.119116406511523, 0.0 ], [ 36.074550781959346, -0.118977266511928, 0.0 ], [ 36.074459081959453, -0.118833096512331, 0.0 ], [ 36.074361601959552, -0.118708546512756, 0.0 ], [ 36.074282051959649, -0.118595466513063, 0.0 ], [ 36.074201001959729, -0.118485246513412, 0.0 ], [ 36.07411190195981, -0.118375196513656, 0.0 ], [ 36.074032441959908, -0.118258936514032, 0.0 ], [ 36.073957341959996, -0.118152906514377, 0.0 ], [ 36.073894891960045, -0.118066826514575, 0.0 ], [ 36.073836891960106, -0.117990466514856, 0.0 ], [ 36.073781071960177, -0.117919466515027, 0.0 ], [ 36.073699761960235, -0.117825596515307, 0.0 ], [ 36.073621221960323, -0.117716796515587, 0.0 ], [ 36.073566571960384, -0.117635156515848, 0.0 ], [ 36.073496921960462, -0.117543546516099, 0.0 ], [ 36.073419721960548, -0.117423096516465, 0.0 ], [ 36.073327861960657, -0.117286046516854, 0.0 ], [ 36.073270861960701, -0.117215726517072, 0.0 ], [ 36.073210171960767, -0.117143136517266, 0.0 ], [ 36.073146221960819, -0.11706962651752, 0.0 ], [ 36.073084031960882, -0.116996036517753, 0.0 ], [ 36.073023841960932, -0.116924876517945, 0.0 ], [ 36.072907251961041, -0.116793356518333, 0.0 ], [ 36.072792171961147, -0.11668129651868, 0.0 ], [ 36.072705671961216, -0.116583566518992, 0.0 ], [ 36.072651191961292, -0.116495886519263, 0.0 ], [ 36.072610871961352, -0.116410726519488, 0.0 ] ] ] } },
{ "type": "Feature", "properties": { "Name": null, "Type": "Murram", "Length_Km": 9.0379048669700008, "main__road": 0, "Type2": 0 }, "geometry": { "type": "MultiLineString", "coordinates": [ [ [ 36.121355991996666, -0.052113396643063, 0.0 ], [ 36.113261761997947, -0.052057236648701, 0.0 ], [ 36.103628521999617, -0.051786506655923, 0.0 ], [ 36.099907792000145, -0.051823886658326, 0.0 ], [ 36.097484752001186, -0.050845636662301, 0.0 ], [ 36.096881172001616, -0.050339036663969, 0.0 ], [ 36.095957742000586, -0.052068556660402, 0.0 ], [ 36.095259442000184, -0.052845556659004, 0.0 ], [ 36.090912841998524, -0.056347936653311, 0.0 ], [ 36.089625541998373, -0.056884466652911, 0.0 ], [ 36.088744691998897, -0.056274596654963, 0.0 ], [ 36.087230752000508, -0.054240136660956, 0.0 ], [ 36.086153592000862, -0.053942746662459, 0.0 ], [ 36.085015582000835, -0.054274676662407, 0.0 ], [ 36.078606191997714, -0.060427156651696, 0.0 ], [ 36.077711591997073, -0.061573806649515, 0.0 ], [ 36.076180641996451, -0.06284709664747, 0.0 ], [ 36.076688581989444, -0.073273096621581, 0.0 ], [ 36.076549941989228, -0.073608786620931, 0.0 ], [ 36.075863631989264, -0.073743736621056, 0.0 ], [ 36.076238971987308, -0.076551926613951, 0.0 ], [ 36.07462755198263, -0.083984166596953, 0.0 ], [ 36.074410971979624, -0.088536456586044, 0.0 ], [ 36.073300361980003, -0.088192546587591, 0.0 ], [ 36.073260381979956, -0.088314676587354, 0.0 ], [ 36.073201835243658, -0.088827681328131, 0.0 ] ] ] } },
{ "type": "Feature", "properties": { "Name": null, "Type": "Murram", "Length_Km": 0.71121977337999998, "main__road": 0, "Type2": 0 }, "geometry": { "type": "MultiLineString", "coordinates": [ [ [ 36.077905343774518, -0.221811863126742, 0.0 ], [ 36.077896185890722, -0.221656958261517, 0.0 ], [ 36.077896950890711, -0.221644166261545, 0.0 ], [ 36.077893432890832, -0.221502217261942, 0.0 ], [ 36.077888580890829, -0.221482680261969, 0.0 ], [ 36.07784111189094, -0.221364544262261, 0.0 ], [ 36.077836165890965, -0.221344706262364, 0.0 ], [ 36.077812709891049, -0.22121805326268, 0.0 ], [ 36.077801555891149, -0.221082816262957, 0.0 ], [ 36.077801914891104, -0.221076002263025, 0.0 ], [ 36.07778809289119, -0.220986949263234, 0.0 ], [ 36.077782982891186, -0.220966276263292, 0.0 ], [ 36.077774839891248, -0.220883126263467, 0.0 ], [ 36.077775899891236, -0.220862224263567, 0.0 ], [ 36.07777004389132, -0.220778142263762, 0.0 ], [ 36.077770492891304, -0.220769435263778, 0.0 ], [ 36.077766828891384, -0.220690455263956, 0.0 ], [ 36.077763404891392, -0.220681609263977, 0.0 ], [ 36.077735175891434, -0.220623766264159, 0.0 ], [ 36.07769471489145, -0.220569842264257, 0.0 ], [ 36.077630980891527, -0.220497144264491, 0.0 ], [ 36.077566735891622, -0.220414266264728, 0.0 ], [ 36.077555276891609, -0.220400336264801, 0.0 ], [ 36.077496948891643, -0.220353651264921, 0.0 ], [ 36.077481237891654, -0.220344267265006, 0.0 ], [ 36.077441951891664, -0.220316029265071, 0.0 ], [ 36.077437952891664, -0.220316026265059, 0.0 ], [ 36.077346541891743, -0.220273398265258, 0.0 ], [ 36.07730252989176, -0.220259112265314, 0.0 ], [ 36.077298510891751, -0.220259110265335, 0.0 ], [ 36.077246433891752, -0.220225669265416, 0.0 ], [ 36.077206207891784, -0.220177583265564, 0.0 ], [ 36.077194075891796, -0.220163081265609, 0.0 ], [ 36.077194078891829, -0.220158241265593, 0.0 ], [ 36.077173766891868, -0.220119370265744, 0.0 ], [ 36.077165596891867, -0.220099839265784, 0.0 ], [ 36.077079131891971, -0.21999622626607, 0.0 ], [ 36.077041492891986, -0.219941237266254, 0.0 ], [ 36.077020650892038, -0.219926153266318, 0.0 ], [ 36.076915659892101, -0.219850170266576, 0.0 ], [ 36.0769113868921, -0.219845071266578, 0.0 ], [ 36.076860927892092, -0.219824620266636, 0.0 ], [ 36.076831764892077, -0.219824613266674, 0.0 ], [ 36.0768274478921, -0.219819492266688, 0.0 ], [ 36.076752060892133, -0.219809220266764, 0.0 ], [ 36.076739546892142, -0.21980921726674, 0.0 ], [ 36.076668636892116, -0.219809198266812, 0.0 ], [ 36.076656123892121, -0.219809195266795, 0.0 ], [ 36.076547675892151, -0.219809166266901, 0.0 ], [ 36.076530991892149, -0.219809161266898, 0.0 ], [ 36.076466980892121, -0.219855144266844, 0.0 ], [ 36.076390700892141, -0.219895722266777, 0.0 ], [ 36.076290914892091, -0.219946080266733, 0.0 ], [ 36.076185404892094, -0.220015894266671, 0.0 ], [ 36.076061195892031, -0.220089801266576, 0.0 ], [ 36.07595067489207, -0.220123974266522, 0.0 ], [ 36.075946611892064, -0.220123973266538, 0.0 ], [ 36.075802066892059, -0.220138530266592, 0.0 ], [ 36.075606674892079, -0.220133618266718, 0.0 ], [ 36.075443392892176, -0.22009943826691, 0.0 ], [ 36.075317453892161, -0.220074901267057, 0.0 ], [ 36.075115915892226, -0.220025705267355, 0.0 ], [ 36.074981194892274, -0.220000886267462, 0.0 ], [ 36.074968965892275, -0.219995909267471, 0.0 ], [ 36.074911543892291, -0.219990907267561, 0.0 ], [ 36.07485000089229, -0.219980916267618, 0.0 ], [ 36.074776009892354, -0.219975894267699, 0.0 ], [ 36.0747307878923, -0.219980860267724, 0.0 ], [ 36.074653057892306, -0.220020567267661, 0.0 ], [ 36.074568079892266, -0.220084559267538, 0.0 ], [ 36.07448469489222, -0.220176890267399, 0.0 ], [ 36.074360256892149, -0.220319804267111, 0.0 ], [ 36.074251097892152, -0.220380631267075, 0.0 ], [ 36.07413390589214, -0.220417722267029, 0.0 ], [ 36.074118061892129, -0.220417712267088, 0.0 ], [ 36.073998922892144, -0.22041300926717, 0.0 ], [ 36.073927540892221, -0.220357090267323, 0.0 ], [ 36.073914571892225, -0.220343029267372, 0.0 ], [ 36.073878401892273, -0.220286456267525, 0.0 ], [ 36.073877684892246, -0.220276977267592, 0.0 ], [ 36.073845450892314, -0.220171674267857, 0.0 ], [ 36.073840274892333, -0.220157170267866, 0.0 ], [ 36.073839519892353, -0.220147482267912, 0.0 ], [ 36.073815938892444, -0.220054641268122, 0.0 ], [ 36.073814372892407, -0.220034912268208, 0.0 ], [ 36.073812408892437, -0.220010159268273, 0.0 ], [ 36.073798721892551, -0.219889906268542, 0.0 ], [ 36.073808646892616, -0.219751723268868, 0.0 ], [ 36.073808242892625, -0.219746544268861, 0.0 ], [ 36.073811146892702, -0.219620958269189, 0.0 ] ] ] } },
{ "type": "Feature", "properties": { "Name": null, "Type": "Murram", "Length_Km": 0.20294670574000001, "main__road": 0, "Type2": 0 }, "geometry": { "type": "MultiLineString", "coordinates": [ [ [ 36.062063784900467, -0.210660748298654, 0.0 ], [ 36.062146262900441, -0.210713711298449, 0.0 ], [ 36.062198079900391, -0.21076175929828, 0.0 ], [ 36.062202426900406, -0.210770442298287, 0.0 ], [ 36.062242384900372, -0.210813651298178, 0.0 ], [ 36.06225430590036, -0.210826544298097, 0.0 ], [ 36.062258272900372, -0.210830834298081, 0.0 ], [ 36.062308693900292, -0.210873544297938, 0.0 ], [ 36.062316540900291, -0.210882041297924, 0.0 ], [ 36.062351950900265, -0.210924305297802, 0.0 ], [ 36.062367479900246, -0.210941112297752, 0.0 ], [ 36.062435368900189, -0.210991212297609, 0.0 ], [ 36.062446615900214, -0.210999510297595, 0.0 ], [ 36.062524450900185, -0.21104901629741, 0.0 ], [ 36.062538956900127, -0.21105312529736, 0.0 ], [ 36.062553797900108, -0.211065411297336, 0.0 ], [ 36.062557545900155, -0.211069498297345, 0.0 ], [ 36.06262260090012, -0.211089918297264, 0.0 ], [ 36.062637143900076, -0.211098057297212, 0.0 ], [ 36.062716280900055, -0.211126463297105, 0.0 ], [ 36.062730692900075, -0.211134541297039, 0.0 ], [ 36.062734340900043, -0.21113857229702, 0.0 ], [ 36.062798858900045, -0.211174729296895, 0.0 ], [ 36.062816726900017, -0.211186719296882, 0.0 ], [ 36.062831024900007, -0.211198676296814, 0.0 ], [ 36.062905464899956, -0.211254090296661, 0.0 ], [ 36.062908996899949, -0.211258022296614, 0.0 ], [ 36.063030830899862, -0.211393651296197, 0.0 ], [ 36.063034285899811, -0.211393653296233, 0.0 ], [ 36.063189992899737, -0.211532969295792, 0.0 ], [ 36.063357820899583, -0.21167184729532, 0.0 ], [ 36.063431915899535, -0.211732642295163, 0.0 ], [ 36.063478504064356, -0.211782094521602, 0.0 ] ] ] } },
{ "type": "Feature", "properties": { "Name": null, "Type": "Murram", "Length_Km": 0.44354218438999998, "main__road": 0, "Type2": 0 }, "geometry": { "type": "MultiLineString", "coordinates": [ [ [ 36.073251546892706, -0.21976601226918, 0.0 ], [ 36.073249321892703, -0.219774081269219, 0.0 ], [ 36.073256945892609, -0.219881491268951, 0.0 ], [ 36.073257722892627, -0.219889335268915, 0.0 ], [ 36.073264268892586, -0.219955407268737, 0.0 ], [ 36.07328863289252, -0.219993776268651, 0.0 ], [ 36.073310131892477, -0.220065687268428, 0.0 ], [ 36.073310841892464, -0.220073182268451, 0.0 ], [ 36.073331935892448, -0.220143695268231, 0.0 ], [ 36.07333227689243, -0.22014737126824, 0.0 ], [ 36.073350129892397, -0.220216573268076, 0.0 ], [ 36.073353642892378, -0.22022378726805, 0.0 ], [ 36.073362329892319, -0.220288106267878, 0.0 ], [ 36.073363612892322, -0.220302254267824, 0.0 ], [ 36.073393867892271, -0.220389529267603, 0.0 ], [ 36.073413704892204, -0.220457924267452, 0.0 ], [ 36.073438425892185, -0.220554932267206, 0.0 ], [ 36.073461137892068, -0.22066553726691, 0.0 ], [ 36.073489964891976, -0.220791525266561, 0.0 ], [ 36.073519042891924, -0.220895260266332, 0.0 ], [ 36.073519272891936, -0.220898265266329, 0.0 ], [ 36.073536692891821, -0.221059732265931, 0.0 ], [ 36.073544073891767, -0.221122379265762, 0.0 ], [ 36.073557082891703, -0.221191461265559, 0.0 ], [ 36.073576453891661, -0.221276078265373, 0.0 ], [ 36.073585145891577, -0.221368624265117, 0.0 ], [ 36.073605059891555, -0.221426929264994, 0.0 ], [ 36.07361663989149, -0.22148431526483, 0.0 ], [ 36.073631800891462, -0.221559448264642, 0.0 ], [ 36.073661276891379, -0.221660265264402, 0.0 ], [ 36.073700230891305, -0.221758301264141, 0.0 ], [ 36.073738519891201, -0.221862190263864, 0.0 ], [ 36.073777385891155, -0.22194366626363, 0.0 ], [ 36.073795536891112, -0.222023233263435, 0.0 ], [ 36.073811215891055, -0.222111545263214, 0.0 ], [ 36.07383363889101, -0.222195007262954, 0.0 ], [ 36.073833815891014, -0.222200153262982, 0.0 ], [ 36.073860118890934, -0.222271377262805, 0.0 ], [ 36.073862885890939, -0.222283933262765, 0.0 ], [ 36.073881275890869, -0.222345992262567, 0.0 ], [ 36.073906613890813, -0.22241891726241, 0.0 ], [ 36.073933310890794, -0.222471358262245, 0.0 ], [ 36.073958771890766, -0.222513901262136, 0.0 ], [ 36.074021370890698, -0.222576975261918, 0.0 ], [ 36.074106994890663, -0.222624312261758, 0.0 ], [ 36.074188355890634, -0.222665228261597, 0.0 ], [ 36.074301428890621, -0.222699950261445, 0.0 ], [ 36.074398353890565, -0.222737148261318, 0.0 ], [ 36.074501516890528, -0.222768325261166, 0.0 ], [ 36.074585805890464, -0.222790828261067, 0.0 ], [ 36.074590956890503, -0.222793628261002, 0.0 ], [ 36.074694343890449, -0.222802061260921, 0.0 ], [ 36.07470446789047, -0.222804856260907, 0.0 ], [ 36.074789953890452, -0.222810477260847, 0.0 ], [ 36.074875304890433, -0.222816089260785, 0.0 ], [ 36.074880320890408, -0.222816092260793, 0.0 ], [ 36.0749303788904, -0.222829989260706, 0.0 ], [ 36.074952784890407, -0.222841056260669, 0.0 ], [ 36.074984645769625, -0.222874133440697, 0.0 ], [ 36.075005074805802, -0.222894521814567, 0.0 ] ] ] } },
{ "type": "Feature", "properties": { "Name": null, "Type": "Murram", "Length_Km": 0.22650967451000001, "main__road": 0, "Type2": 2 }, "geometry": { "type": "MultiLineString", "coordinates": [ [ [ 36.080202599302041, -0.215197948668225, 0.0 ], [ 36.080269453894594, -0.21523257627541, 0.0 ], [ 36.080312852894565, -0.215265081275274, 0.0 ], [ 36.080374078894536, -0.215313435275121, 0.0 ], [ 36.080419409894517, -0.215377148274976, 0.0 ], [ 36.080489294894399, -0.21546729627468, 0.0 ], [ 36.08055463389433, -0.215555777274454, 0.0 ], [ 36.080632380894301, -0.215653852274142, 0.0 ], [ 36.080643191894254, -0.215672482274105, 0.0 ], [ 36.080643650894238, -0.215679912274056, 0.0 ], [ 36.080715316894214, -0.215757252273838, 0.0 ], [ 36.08072227689415, -0.215768195273809, 0.0 ], [ 36.080797601894091, -0.215883337273464, 0.0 ], [ 36.080807509894115, -0.215893986273468, 0.0 ], [ 36.080894911894006, -0.215967859273197, 0.0 ], [ 36.080969329893925, -0.21606791127291, 0.0 ], [ 36.081081824893836, -0.2161724752726, 0.0 ], [ 36.081146411893776, -0.216251759272346, 0.0 ], [ 36.081239690893682, -0.216358495272055, 0.0 ], [ 36.081339480893639, -0.216468910271701, 0.0 ], [ 36.081351106893628, -0.216478245271688, 0.0 ], [ 36.081359671893594, -0.216493753271634, 0.0 ], [ 36.081365486893603, -0.216496850271616, 0.0 ], [ 36.081474171893511, -0.216588701271301, 0.0 ], [ 36.081510461279912, -0.216656910508259, 0.0 ], [ 36.081540872878207, -0.216710666789197, 0.0 ] ] ] } },
{ "type": "Feature", "properties": { "Name": null, "Type": "Murram", "Length_Km": 0.15024307736, "main__road": 0, "Type2": 0 }, "geometry": { "type": "MultiLineString", "coordinates": [ [ [ 36.06665886289602, -0.216330950281895, 0.0 ], [ 36.066697405896001, -0.216280898281984, 0.0 ], [ 36.06673570689604, -0.216250653282015, 0.0 ], [ 36.066792557896044, -0.216233795282051, 0.0 ], [ 36.066798818896068, -0.216233798282056, 0.0 ], [ 36.066836519896057, -0.216230429282029, 0.0 ], [ 36.066877233896015, -0.216230444282011, 0.0 ], [ 36.066911684896027, -0.216230457281976, 0.0 ], [ 36.066914816896059, -0.216230459282, 0.0 ], [ 36.066970505896002, -0.216244004281875, 0.0 ], [ 36.066985794896034, -0.216250760281862, 0.0 ], [ 36.067029183895997, -0.216257518281846, 0.0 ], [ 36.067096872895974, -0.21627436328177, 0.0 ], [ 36.067164585895974, -0.216287807281678, 0.0 ], [ 36.067177049895982, -0.216287811281683, 0.0 ], [ 36.067257550895917, -0.216294539281574, 0.0 ], [ 36.067328897895919, -0.216297912281544, 0.0 ], [ 36.067344463895921, -0.216297918281525, 0.0 ], [ 36.067428523895906, -0.216297951281462, 0.0 ], [ 36.067431636895897, -0.216297952281444, 0.0 ], [ 36.067521923895875, -0.216297991281378, 0.0 ], [ 36.067537147895898, -0.216301341281408, 0.0 ], [ 36.067615505895866, -0.216324722281291, 0.0 ], [ 36.06768152189585, -0.216344684281157, 0.0 ], [ 36.067768550895806, -0.216367886281076, 0.0 ], [ 36.067853908895756, -0.216400846280927, 0.0 ], [ 36.06789928089578, -0.216407427280867, 0.0 ], [ 36.067915854881548, -0.216407209704847, 0.0 ], [ 36.067933257998313, -0.216403649744031, 0.0 ], [ 36.067945395641239, -0.216399037783855, 0.0 ] ] ] } },
{ "type": "Feature", "properties": { "Name": null, "Type": "Murram", "Length_Km": 0.18641742076000001, "main__road": 0, "Type2": 0 }, "geometry": { "type": "MultiLineString", "coordinates": [ [ [ 36.065689103892154, -0.222421901267926, 0.0 ], [ 36.065730699892107, -0.222421943267904, 0.0 ], [ 36.065761348892089, -0.222427524267857, 0.0 ], [ 36.06580518989211, -0.222449671267753, 0.0 ], [ 36.065875240892034, -0.222485353267655, 0.0 ], [ 36.065942266892016, -0.222520659267488, 0.0 ], [ 36.06594454389203, -0.222520661267464, 0.0 ], [ 36.065984488891992, -0.22253683726743, 0.0 ], [ 36.065991505892015, -0.222539526267413, 0.0 ], [ 36.066030655891964, -0.222547593267372, 0.0 ], [ 36.066037641891981, -0.222550272267339, 0.0 ], [ 36.066073896891965, -0.222550302267343, 0.0 ], [ 36.066080861891976, -0.22255297826734, 0.0 ], [ 36.066151766891934, -0.222566351267259, 0.0 ], [ 36.06628336789192, -0.222582360267113, 0.0 ], [ 36.066290294891921, -0.222587652267114, 0.0 ], [ 36.066292707891932, -0.222592932267091, 0.0 ], [ 36.06636934089191, -0.222598258267027, 0.0 ], [ 36.066376134891904, -0.222600895267033, 0.0 ], [ 36.066441392891896, -0.222608824266966, 0.0 ], [ 36.066642677891849, -0.2226429062667, 0.0 ], [ 36.06676486189177, -0.22265853626659, 0.0 ], [ 36.066771545891797, -0.222658541266599, 0.0 ], [ 36.066782687891823, -0.222658549266617, 0.0 ], [ 36.066913981891759, -0.222661228266501, 0.0 ], [ 36.066924942891738, -0.222663817266506, 0.0 ], [ 36.06704761989176, -0.222661326266386, 0.0 ], [ 36.067052073891723, -0.22266132926641, 0.0 ], [ 36.067161751891696, -0.222656242266379, 0.0 ], [ 36.067168438891763, -0.222656247266323, 0.0 ], [ 36.067311578450102, -0.222602301201855, 0.0 ] ] ] } },
{ "type": "Feature", "properties": { "Name": "Pipeline road", "Type": "Murram", "Length_Km": 0.42500381515000002, "main__road": 0, "Type2": 0 }, "geometry": { "type": "MultiLineString", "coordinates": [ [ [ 36.060837392560394, -0.209118182940159, 0.0 ], [ 36.060927380901688, -0.209140605303072, 0.0 ], [ 36.061011726901668, -0.209140680303028, 0.0 ], [ 36.061030896901634, -0.209140697303006, 0.0 ], [ 36.061106662901643, -0.209136357302938, 0.0 ], [ 36.061118168901658, -0.209136367302933, 0.0 ], [ 36.061180412901635, -0.209140831302908, 0.0 ], [ 36.061193658901608, -0.209149647302876, 0.0 ], [ 36.06120984490159, -0.209154058302859, 0.0 ], [ 36.061226874901614, -0.209162856302788, 0.0 ], [ 36.061304214901561, -0.209167319302756, 0.0 ], [ 36.06131650590158, -0.209171713302721, 0.0 ], [ 36.061328786901576, -0.209176104302711, 0.0 ], [ 36.061410651901525, -0.209206732302568, 0.0 ], [ 36.061470797901507, -0.209224167302499, 0.0 ], [ 36.061542130901486, -0.209241554302431, 0.0 ], [ 36.061550437901502, -0.209245882302393, 0.0 ], [ 36.061634207901477, -0.209271807302278, 0.0 ], [ 36.061646236901474, -0.209276114302229, 0.0 ], [ 36.061737700901432, -0.209306165302102, 0.0 ], [ 36.061754041901402, -0.209314709302103, 0.0 ], [ 36.06181238490143, -0.209327532301995, 0.0 ], [ 36.061831799901412, -0.209331799301984, 0.0 ], [ 36.061835562901415, -0.209331803301984, 0.0 ], [ 36.061892574901407, -0.209336104301924, 0.0 ], [ 36.061903858901395, -0.209336115301925, 0.0 ], [ 36.061972094901385, -0.209340421301869, 0.0 ], [ 36.061979613901379, -0.209340428301893, 0.0 ], [ 36.061999348850648, -0.20933742280247, 0.0 ], [ 36.062034993901378, -0.209331994301884, 0.0 ], [ 36.06205004390138, -0.209332008301844, 0.0 ], [ 36.062084751901367, -0.209306501301896, 0.0 ], [ 36.06209839390138, -0.209293697301933, 0.0 ], [ 36.062105466901386, -0.209289424301931, 0.0 ], [ 36.062168940901415, -0.209246491301971, 0.0 ], [ 36.062172280901386, -0.209242175301971, 0.0 ], [ 36.06226049490143, -0.20917265930208, 0.0 ], [ 36.062380306901431, -0.209097790302169, 0.0 ], [ 36.06239460290147, -0.209084459302213, 0.0 ], [ 36.06239845690147, -0.209084462302234, 0.0 ], [ 36.062506054901498, -0.209026344302281, 0.0 ], [ 36.062513485901519, -0.209021845302278, 0.0 ], [ 36.062554423649743, -0.208990085696516, 0.0 ], [ 36.062624637901543, -0.208935613302403, 0.0 ], [ 36.062624364901545, -0.208931029302403, 0.0 ], [ 36.062761039901602, -0.208843277302566, 0.0 ], [ 36.062885231901596, -0.208787128302585, 0.0 ], [ 36.062896803901609, -0.208777707302645, 0.0 ], [ 36.06297874590166, -0.208725610302675, 0.0 ], [ 36.062994570901637, -0.208720854302664, 0.0 ], [ 36.063073012901633, -0.208644094302845, 0.0 ], [ 36.063080964901673, -0.208639262302836, 0.0 ], [ 36.063128597901702, -0.208590688302913, 0.0 ], [ 36.063140546901707, -0.208576030302954, 0.0 ], [ 36.063188813901732, -0.208541689302998, 0.0 ], [ 36.063192837901703, -0.208536763302979, 0.0 ], [ 36.063241434901705, -0.208497212303067, 0.0 ], [ 36.063261782901733, -0.208487286303051, 0.0 ], [ 36.063327035901736, -0.208472393303083, 0.0 ], [ 36.063384527901746, -0.208437428303137, 0.0 ], [ 36.063400954901745, -0.208432423303088, 0.0 ], [ 36.063405046901721, -0.208432428303087, 0.0 ], [ 36.06344212990178, -0.208417375303118, 0.0 ], [ 36.06344631390175, -0.208412339303124, 0.0 ], [ 36.063524570901741, -0.208397275303082, 0.0 ], [ 36.063532905901766, -0.208392225303123, 0.0 ], [ 36.063665997901772, -0.208346638303162, 0.0 ], [ 36.063799430901739, -0.208316100303119, 0.0 ], [ 36.063920541901737, -0.208295694303097, 0.0 ], [ 36.063937109901772, -0.208295715303095, 0.0 ], [ 36.064074540901728, -0.208285559302994, 0.0 ], [ 36.064079063901772, -0.208280403303012, 0.0 ], [ 36.064158279901719, -0.208275314302978, 0.0 ], [ 36.064267553901722, -0.208259896302956, 0.0 ], [ 36.064302231901749, -0.208244363302959, 0.0 ] ] ] } },
{ "type": "Feature", "properties": { "Name": null, "Type": "Murram", "Length_Km": 0.49415572488999998, "main__road": 0, "Type2": 0 }, "geometry": { "type": "MultiLineString", "coordinates": [ [ [ 36.060229430753921, -0.212952327014269, 0.0 ], [ 36.060251732945119, -0.212925479823297, 0.0 ], [ 36.060298635899279, -0.212888042294431, 0.0 ], [ 36.060376999899283, -0.212841571294533, 0.0 ], [ 36.060458747899325, -0.212787850294577, 0.0 ], [ 36.06046490689932, -0.212784471294617, 0.0 ], [ 36.060547720899358, -0.212730052294654, 0.0 ], [ 36.06062911589936, -0.212685356294745, 0.0 ], [ 36.060632120899363, -0.212681899294757, 0.0 ], [ 36.060738635899419, -0.21260516729484, 0.0 ], [ 36.060741710899414, -0.212601648294821, 0.0 ], [ 36.060834428899405, -0.212541413294933, 0.0 ], [ 36.060837561899412, -0.21253784429494, 0.0 ], [ 36.060915286899473, -0.212487599294994, 0.0 ], [ 36.06092200689946, -0.212487601295026, 0.0 ], [ 36.061003282899499, -0.212418513295102, 0.0 ], [ 36.061102520899503, -0.212337214295249, 0.0 ], [ 36.061115876899514, -0.21232601729528, 0.0 ], [ 36.061129264899527, -0.212314793295306, 0.0 ], [ 36.061142866899552, -0.212311050295275, 0.0 ], [ 36.061152879899502, -0.212299789295296, 0.0 ], [ 36.06122417889955, -0.21225448729537, 0.0 ], [ 36.061231012899576, -0.212250693295355, 0.0 ], [ 36.061295990899566, -0.212185699295457, 0.0 ], [ 36.061302903899623, -0.212181849295486, 0.0 ], [ 36.061351400899611, -0.212127608295584, 0.0 ], [ 36.061368854899612, -0.212115908295585, 0.0 ], [ 36.061368854899612, -0.212111999295618, 0.0 ], [ 36.061414514899646, -0.212068808295705, 0.0 ], [ 36.061425120899642, -0.212056961295741, 0.0 ], [ 36.061471381899686, -0.212005283295794, 0.0 ], [ 36.061482080899673, -0.211997286295797, 0.0 ], [ 36.0615147068997, -0.211944959295912, 0.0 ], [ 36.061525573899729, -0.211932805295951, 0.0 ], [ 36.061536536899752, -0.211916551295977, 0.0 ], [ 36.061576817899777, -0.211867466296069, 0.0 ], [ 36.061584258899749, -0.21185511729612, 0.0 ], [ 36.061642960899775, -0.211809584296125, 0.0 ], [ 36.061654020899788, -0.211801261296178, 0.0 ], [ 36.061657994899768, -0.211788743296192, 0.0 ], [ 36.061686908899894, -0.211674619296453, 0.0 ], [ 36.061694775899873, -0.211657489296488, 0.0 ], [ 36.061698578899907, -0.211653199296512, 0.0 ], [ 36.06171679789994, -0.21154906929674, 0.0 ], [ 36.061720802899934, -0.211540296296766, 0.0 ], [ 36.061771918899986, -0.211465139296889, 0.0 ], [ 36.061780096900016, -0.211447298296926, 0.0 ], [ 36.061784196899993, -0.21143835529694, 0.0 ], [ 36.061809136900031, -0.211379839297091, 0.0 ], [ 36.061821216900057, -0.211361705297123, 0.0 ], [ 36.061821415900063, -0.211357158297121, 0.0 ], [ 36.061843182900077, -0.211293107297284, 0.0 ], [ 36.061848034900109, -0.211270037297348, 0.0 ], [ 36.061848246900134, -0.211265410297336, 0.0 ], [ 36.061885688900119, -0.211200231297471, 0.0 ], [ 36.061894514900139, -0.211176751297486, 0.0 ], [ 36.061894749900162, -0.21117204129752, 0.0 ], [ 36.061912530900187, -0.211124723297628, 0.0 ], [ 36.061916877900202, -0.211115210297654, 0.0 ], [ 36.061960244900249, -0.211028817297822, 0.0 ], [ 36.062000965900289, -0.21095578129797, 0.0 ], [ 36.062008352900286, -0.210945176297988, 0.0 ], [ 36.062046682900352, -0.210830479298216, 0.0 ], [ 36.062047479900386, -0.210819577298271, 0.0 ], [ 36.062054884900384, -0.210764683298375, 0.0 ], [ 36.062059365900417, -0.210749937298426, 0.0 ], [ 36.062063201900472, -0.210697950298559, 0.0 ], [ 36.062063752900436, -0.21069047529854, 0.0 ], [ 36.062063644900491, -0.210645377298672, 0.0 ], [ 36.062057596900495, -0.210634031298696, 0.0 ], [ 36.062046270900531, -0.210599831298829, 0.0 ], [ 36.06204044290056, -0.210584552298837, 0.0 ], [ 36.062028994900572, -0.210549993298953, 0.0 ], [ 36.062026053900595, -0.210542279298936, 0.0 ], [ 36.062005073900579, -0.210491830299106, 0.0 ], [ 36.062006365900622, -0.210472292299147, 0.0 ], [ 36.062003898900635, -0.210456601299151, 0.0 ], [ 36.0620006509006, -0.210452668299206, 0.0 ], [ 36.061992926900629, -0.210409217299299, 0.0 ], [ 36.061989912900671, -0.210401274299305, 0.0 ], [ 36.061962315900686, -0.210333222299465, 0.0 ], [ 36.06195949690072, -0.210321115299528, 0.0 ], [ 36.061951236900732, -0.210280542299645, 0.0 ], [ 36.061952203900745, -0.210264222299656, 0.0 ], [ 36.061928949900832, -0.210169294299942, 0.0 ], [ 36.061919274900845, -0.210148410299964, 0.0 ], [ 36.06191318390087, -0.210127441300009, 0.0 ], [ 36.061903208900866, -0.21011059830011, 0.0 ], [ 36.061881682900911, -0.210034115300254, 0.0 ], [ 36.06188277390094, -0.210012667300315, 0.0 ], [ 36.061883431900974, -0.209999754300377, 0.0 ], [ 36.06188408990095, -0.209986809300377, 0.0 ], [ 36.061878718901049, -0.209873197300638, 0.0 ], [ 36.061879158901071, -0.209864353300685, 0.0 ], [ 36.061908698901057, -0.209797554300802, 0.0 ], [ 36.061909874901083, -0.209775085300857, 0.0 ], [ 36.061914102901113, -0.20976607330092, 0.0 ], [ 36.06191721190114, -0.209707089301041, 0.0 ], [ 36.061925988901145, -0.209684230301072, 0.0 ], [ 36.061934305901133, -0.209670470301098, 0.0 ], [ 36.061934803901167, -0.20966127130114, 0.0 ], [ 36.061950026901201, -0.209591767301295, 0.0 ], [ 36.061954885901216, -0.209573077301348, 0.0 ], [ 36.061956190901228, -0.20954961730137, 0.0 ], [ 36.061976945901279, -0.209454732301587, 0.0 ], [ 36.061977218901298, -0.2094499423016, 0.0 ], [ 36.061979966901312, -0.209401801301733, 0.0 ], [ 36.062002830996995, -0.209336892495098, 0.0 ] ] ] } },
{ "type": "Feature", "properties": { "Name": null, "Type": "Murram", "Length_Km": 0.19347826565000001, "main__road": 0, "Type2": 0 }, "geometry": { "type": "MultiLineString", "coordinates": [ [ [ 36.062058874900515, -0.21064743629867, 0.0 ], [ 36.062091096900531, -0.210544283298887, 0.0 ], [ 36.062093322900594, -0.210526128298978, 0.0 ], [ 36.062093543900637, -0.210439002299139, 0.0 ], [ 36.062099606900638, -0.21042047929919, 0.0 ], [ 36.062099219900652, -0.21041583629919, 0.0 ], [ 36.062096431900692, -0.210336276299426, 0.0 ], [ 36.062102559900701, -0.210317387299418, 0.0 ], [ 36.062104855900706, -0.210298426299496, 0.0 ], [ 36.062118387900775, -0.210226720299624, 0.0 ], [ 36.062124236900779, -0.210202603299736, 0.0 ], [ 36.062123852900747, -0.210197765299696, 0.0 ], [ 36.062156863900825, -0.210119797299895, 0.0 ], [ 36.062163227900847, -0.21010012329994, 0.0 ], [ 36.062162857900837, -0.210095190299948, 0.0 ], [ 36.062187470900881, -0.210000647300162, 0.0 ], [ 36.062193960900927, -0.209980533300216, 0.0 ], [ 36.06219685690089, -0.209965397300242, 0.0 ], [ 36.062246474901002, -0.209873725300438, 0.0 ], [ 36.062257167900981, -0.20985314430048, 0.0 ], [ 36.06226051990101, -0.209842823300506, 0.0 ], [ 36.062293740901048, -0.209727999300722, 0.0 ], [ 36.062349912901176, -0.209567548301073, 0.0 ], [ 36.062429414901274, -0.209419175301368, 0.0 ], [ 36.062436722901253, -0.209396853301413, 0.0 ], [ 36.062440645901248, -0.209391261301443, 0.0 ], [ 36.062494807901416, -0.209180365301925, 0.0 ], [ 36.062498598901414, -0.20916874530195, 0.0 ], [ 36.062554391980157, -0.208990215005566, 0.0 ], [ 36.062554423649743, -0.208990085696516, 0.0 ] ] ] } },
{ "type": "Feature", "properties": { "Name": null, "Type": "Murram", "Length_Km": 0.22469189079, "main__road": 0, "Type2": 0 }, "geometry": { "type": "MultiLineString", "coordinates": [ [ [ 36.066569483271877, -0.22058651533344, 0.0 ], [ 36.066666557893186, -0.220559829271754, 0.0 ], [ 36.066773119893227, -0.220521638271719, 0.0 ], [ 36.066875481893227, -0.220507294271732, 0.0 ], [ 36.066879665893204, -0.220507296271693, 0.0 ], [ 36.06700021989321, -0.220439653271813, 0.0 ], [ 36.067133614893258, -0.220395804271829, 0.0 ], [ 36.067316142893247, -0.22032694027186, 0.0 ], [ 36.067504077893261, -0.220247267271899, 0.0 ], [ 36.067708891893297, -0.220186871271923, 0.0 ], [ 36.067853677893297, -0.220100194272028, 0.0 ], [ 36.067983899893377, -0.220027907272152, 0.0 ], [ 36.06809881789335, -0.219970531272184, 0.0 ], [ 36.068240944893383, -0.219907326272237, 0.0 ], [ 36.068432939893412, -0.219838149272272, 0.0 ] ] ] } },
{ "type": "Feature", "properties": { "Name": "Kismayu road", "Type": "Murram", "Length_Km": 0.93956541046999997, "main__road": 0, "Type2": 2 }, "geometry": { "type": "MultiLineString", "coordinates": [ [ [ 36.06857103352624, -0.193964937000751, 0.0 ], [ 36.068570972234724, -0.193964716777699, 0.0 ], [ 36.068559170322672, -0.193911145797076, 0.0 ], [ 36.068550837910621, -0.193845553334816, 0.0 ], [ 36.068555959910633, -0.193830032334782, 0.0 ], [ 36.068581714910685, -0.193751982334966, 0.0 ], [ 36.068617875910753, -0.193604301335317, 0.0 ], [ 36.068617786910799, -0.193593654335343, 0.0 ], [ 36.068649424910852, -0.19348100533563, 0.0 ], [ 36.068670417910916, -0.19333942733595, 0.0 ], [ 36.068708094911088, -0.193111249336499, 0.0 ], [ 36.068708078911079, -0.193105608336425, 0.0 ], [ 36.068735585911199, -0.192905768336917, 0.0 ], [ 36.068758057911317, -0.192724845337347, 0.0 ], [ 36.068775262911437, -0.192546137337782, 0.0 ], [ 36.068781010911479, -0.192534088337768, 0.0 ], [ 36.068810304911622, -0.19232680633825, 0.0 ], [ 36.068810322911602, -0.192320637338322, 0.0 ], [ 36.068846040911708, -0.192139815338711, 0.0 ], [ 36.068846629911796, -0.192019378338993, 0.0 ], [ 36.068846786911813, -0.191987418339048, 0.0 ], [ 36.068847354911846, -0.191871428339334, 0.0 ], [ 36.068847449911871, -0.191851952339375, 0.0 ], [ 36.068823880911928, -0.191780222339571, 0.0 ], [ 36.068811997912, -0.191754004339647, 0.0 ], [ 36.068758103912046, -0.191681544339888, 0.0 ], [ 36.068691645912125, -0.191588497340124, 0.0 ], [ 36.068594041912171, -0.191481020340485, 0.0 ], [ 36.068575614912206, -0.191460730340552, 0.0 ], [ 36.068557221912222, -0.191447187340574, 0.0 ], [ 36.06847065391225, -0.191358636340834, 0.0 ], [ 36.068458422912293, -0.191358653340832, 0.0 ], [ 36.068346400912375, -0.19126929534113, 0.0 ], [ 36.068321504912369, -0.191255481341189, 0.0 ], [ 36.068296403912377, -0.191234707341212, 0.0 ], [ 36.068158135912469, -0.191144197341576, 0.0 ], [ 36.068132708912508, -0.191123179341634, 0.0 ], [ 36.067981267912565, -0.191052892341898, 0.0 ], [ 36.067961745912584, -0.191031666341993, 0.0 ], [ 36.067935951912588, -0.191010397342056, 0.0 ], [ 36.067781801912659, -0.190917743342373, 0.0 ], [ 36.067755655912705, -0.190896222342377, 0.0 ], [ 36.067755282912735, -0.190889026342418, 0.0 ], [ 36.067658832912748, -0.190845874342597, 0.0 ], [ 36.067626165912763, -0.190824204342722, 0.0 ], [ 36.067461722912832, -0.190715095343101, 0.0 ], [ 36.067422280912865, -0.190693128343184, 0.0 ], [ 36.067388573912893, -0.190663744343236, 0.0 ], [ 36.067302329912948, -0.190612145343415, 0.0 ], [ 36.067275787912983, -0.190597354343454, 0.0 ], [ 36.067249205913015, -0.190582542343523, 0.0 ], [ 36.06722200291302, -0.190560264343617, 0.0 ], [ 36.067060720913084, -0.190463209343961, 0.0 ], [ 36.067032482913149, -0.19043312634406, 0.0 ], [ 36.067005496913133, -0.190418069344071, 0.0 ], [ 36.066991987913141, -0.190410532344071, 0.0 ], [ 36.066879956913219, -0.190311932344418, 0.0 ], [ 36.066846963913243, -0.190304342344442, 0.0 ], [ 36.066839774913205, -0.190296709344458, 0.0 ], [ 36.066778626913255, -0.190266166344619, 0.0 ], [ 36.066764161913277, -0.190250835344667, 0.0 ], [ 36.066638702913352, -0.190166132344918, 0.0 ], [ 36.066598036913362, -0.190150674345, 0.0 ], [ 36.066464400913404, -0.190119751345177, 0.0 ], [ 36.066362047913451, -0.190080884345346, 0.0 ], [ 36.066320996913475, -0.190065294345402, 0.0 ], [ 36.066276991913526, -0.190026143345516, 0.0 ], [ 36.066263901913487, -0.190026159345563, 0.0 ], [ 36.066193478913547, -0.18998690234567, 0.0 ], [ 36.066171795913583, -0.189971149345757, 0.0 ], [ 36.066098928913597, -0.189915819345923, 0.0 ], [ 36.066091307913588, -0.189907885345949, 0.0 ], [ 36.06600155291369, -0.189828231346169, 0.0 ], [ 36.065892321913744, -0.189756048346433, 0.0 ], [ 36.065862378913749, -0.189731864346507, 0.0 ], [ 36.065709764913819, -0.189642783346835, 0.0 ], [ 36.065694005913898, -0.189626485346891, 0.0 ], [ 36.065575248913902, -0.189559170347137, 0.0 ], [ 36.06548860791397, -0.189479263347387, 0.0 ], [ 36.065475334914005, -0.18946585434741, 0.0 ], [ 36.065409885914072, -0.189407445347624, 0.0 ], [ 36.065332794914099, -0.18932572334785, 0.0 ], [ 36.065285321914153, -0.189266088348041, 0.0 ], [ 36.065248320914193, -0.189201261348201, 0.0 ], [ 36.065210436914256, -0.189107565348501, 0.0 ], [ 36.065198557914329, -0.189031661348668, 0.0 ], [ 36.065199864914369, -0.188964548348821, 0.0 ], [ 36.065224675914365, -0.188921020348909, 0.0 ], [ 36.06527735291445, -0.188877169349006, 0.0 ], [ 36.065341565914451, -0.188828114349035, 0.0 ], [ 36.065460113914419, -0.188823007348976, 0.0 ], [ 36.065471377914434, -0.188818076348998, 0.0 ], [ 36.06557875691442, -0.188817908348863, 0.0 ], [ 36.0655827349144, -0.188817902348875, 0.0 ], [ 36.065720274914383, -0.188837325348772, 0.0 ], [ 36.06582679591434, -0.188866523348643, 0.0 ], [ 36.065839223914367, -0.188871386348599, 0.0 ], [ 36.065915535914328, -0.18888102234851, 0.0 ], [ 36.065927920914305, -0.188885875348474, 0.0 ], [ 36.066011381914286, -0.188929442348335, 0.0 ], [ 36.066121442914245, -0.188967887348188, 0.0 ], [ 36.066245047914194, -0.189034779347937, 0.0 ], [ 36.066360434914131, -0.189058409347793, 0.0 ], [ 36.066404338914147, -0.18901543534785, 0.0 ], [ 36.066413091914143, -0.18897225334795, 0.0 ], [ 36.066415595914229, -0.188894845348148, 0.0 ], [ 36.066387689914315, -0.188836278348332, 0.0 ] ] ] } },
{ "type": "Feature", "properties": { "Name": null, "Type": "Murram", "Length_Km": 0.40017124201999998, "main__road": 0, "Type2": 0 }, "geometry": { "type": "MultiLineString", "coordinates": [ [ [ 36.05609925790916, -0.198949447330853, 0.0 ], [ 36.05618910190919, -0.198888777330929, 0.0 ], [ 36.056192197909191, -0.198888774330951, 0.0 ], [ 36.056250580909236, -0.198846819330961, 0.0 ], [ 36.056253417909218, -0.198843578330992, 0.0 ], [ 36.056321721909207, -0.198801217331051, 0.0 ], [ 36.056330599909238, -0.198794669331052, 0.0 ], [ 36.056333478909259, -0.19879139333111, 0.0 ], [ 36.056375637909248, -0.198768377331082, 0.0 ], [ 36.056378773909266, -0.1987683743311, 0.0 ], [ 36.056440212909266, -0.198748537331148, 0.0 ], [ 36.056452781909243, -0.198748528331112, 0.0 ], [ 36.056526914909227, -0.198725293331068, 0.0 ], [ 36.056529881909235, -0.198721970331133, 0.0 ], [ 36.056613102909267, -0.198681884331154, 0.0 ], [ 36.056754195909271, -0.198641427331111, 0.0 ], [ 36.056766903909264, -0.198641418331169, 0.0 ], [ 36.056915441909297, -0.198590395331165, 0.0 ], [ 36.056921778909306, -0.198586977331175, 0.0 ], [ 36.057036712909309, -0.198562934331168, 0.0 ], [ 36.057043117909288, -0.198562929331131, 0.0 ], [ 36.057107234909317, -0.198545696331152, 0.0 ], [ 36.05712331290929, -0.198538794331143, 0.0 ], [ 36.057187808909283, -0.198514559331138, 0.0 ], [ 36.057200727909333, -0.198511085331147, 0.0 ], [ 36.057230546909302, -0.198458794331231, 0.0 ], [ 36.057237196909313, -0.198448270331317, 0.0 ], [ 36.05727079490935, -0.198388224331382, 0.0 ], [ 36.057331863909432, -0.198294986331621, 0.0 ], [ 36.057338632909406, -0.198287741331617, 0.0 ], [ 36.057446703909513, -0.198122003331932, 0.0 ], [ 36.057457298909505, -0.198107009331955, 0.0 ], [ 36.05747113390953, -0.198095732332016, 0.0 ], [ 36.057474780909558, -0.198088204331962, 0.0 ], [ 36.057555660909564, -0.198008465332138, 0.0 ], [ 36.057562783909567, -0.198000808332186, 0.0 ], [ 36.057573672909591, -0.197985462332206, 0.0 ], [ 36.057644583909685, -0.197865001332464, 0.0 ], [ 36.057648439909684, -0.197857135332422, 0.0 ], [ 36.057734223909748, -0.197745758332659, 0.0 ], [ 36.057846333909787, -0.197632028332828, 0.0 ], [ 36.057857436909792, -0.197623811332897, 0.0 ], [ 36.057868253909774, -0.197619694332878, 0.0 ], [ 36.057955265909811, -0.197540963333006, 0.0 ], [ 36.057963350909802, -0.197528431333065, 0.0 ], [ 36.057978533909825, -0.197515866333061, 0.0 ], [ 36.057982073909876, -0.197515864333038, 0.0 ], [ 36.058055352909882, -0.197448367333148, 0.0 ], [ 36.05806603690985, -0.197448360333158, 0.0 ], [ 36.058162632909898, -0.197371421333285, 0.0 ], [ 36.058270479909936, -0.197302114333393, 0.0 ], [ 36.058274556909907, -0.197297755333397, 0.0 ], [ 36.058365740909949, -0.197258336333426, 0.0 ], [ 36.058449213909931, -0.19722747733344, 0.0 ], [ 36.058519368909927, -0.197218604333403, 0.0 ], [ 36.058613260909944, -0.197196444333362, 0.0 ], [ 36.058722115909923, -0.197174193333365, 0.0 ], [ 36.058729413909944, -0.19717419233335, 0.0 ], [ 36.058866540909932, -0.197160783333328, 0.0 ], [ 36.05894694990991, -0.197138400333339, 0.0 ], [ 36.058997962348968, -0.197110239954263, 0.0 ] ] ] } },
{ "type": "Feature", "properties": { "Name": "mw19-mw22", "Type": "Murram", "Length_Km": 0.54475141978999997, "main__road": 0, "Type2": 0 }, "geometry": { "type": "MultiLineString", "coordinates": [ [ [ 36.055732638908225, -0.200472287327425, 0.0 ], [ 36.055817446908186, -0.200506173327293, 0.0 ], [ 36.055891188908127, -0.200562353327131, 0.0 ], [ 36.055989979908098, -0.20063478732688, 0.0 ], [ 36.056001602908076, -0.200651419326809, 0.0 ], [ 36.056067888908018, -0.200695562326694, 0.0 ], [ 36.056077879908017, -0.200701061326638, 0.0 ], [ 36.056128109907981, -0.200736128326542, 0.0 ], [ 36.056178204907958, -0.2007681783264, 0.0 ], [ 36.056217591907966, -0.200789454326366, 0.0 ], [ 36.05625949490792, -0.200807116326297, 0.0 ], [ 36.056336801907882, -0.200842282326144, 0.0 ], [ 36.056436321907825, -0.200891153325937, 0.0 ], [ 36.056529238907792, -0.200943053325748, 0.0 ], [ 36.056538940907807, -0.200949938325759, 0.0 ], [ 36.05661857390772, -0.200997894325553, 0.0 ], [ 36.056675729907738, -0.20103527932545, 0.0 ], [ 36.056758835907637, -0.201105979325179, 0.0 ], [ 36.056833072907551, -0.201192302324918, 0.0 ], [ 36.056911459907525, -0.201267515324686, 0.0 ], [ 36.057002715907451, -0.201386408324368, 0.0 ], [ 36.057130015907333, -0.201518258324005, 0.0 ], [ 36.05722943390716, -0.201671125323563, 0.0 ], [ 36.057316427907118, -0.201763696323258, 0.0 ], [ 36.057401943907067, -0.201857552322963, 0.0 ], [ 36.057404845907051, -0.201866269322912, 0.0 ], [ 36.057441594907026, -0.201926860322793, 0.0 ], [ 36.057483285906983, -0.201966847322656, 0.0 ], [ 36.057497073906958, -0.201972528322642, 0.0 ], [ 36.057557579906948, -0.201978169322594, 0.0 ], [ 36.057623430906929, -0.201995138322519, 0.0 ], [ 36.0577545959069, -0.20202327632231, 0.0 ], [ 36.057833417906863, -0.202042890322278, 0.0 ], [ 36.057922947906839, -0.202059631322135, 0.0 ], [ 36.058020351906798, -0.202076311322017, 0.0 ], [ 36.058096445906784, -0.202079044321964, 0.0 ], [ 36.058182160906782, -0.202101217321878, 0.0 ], [ 36.058309824906701, -0.202137050321659, 0.0 ], [ 36.058410557906704, -0.202161701321571, 0.0 ], [ 36.058494379906641, -0.202188968321465, 0.0 ], [ 36.058570242906626, -0.202210673321363, 0.0 ], [ 36.058642797906629, -0.202234988321216, 0.0 ], [ 36.058742063906593, -0.202256479321139, 0.0 ], [ 36.058815240906569, -0.202269858321049, 0.0 ], [ 36.058893207906522, -0.202289378320924, 0.0 ], [ 36.058975545906527, -0.202303315320846, 0.0 ], [ 36.059068798906488, -0.202328340320733, 0.0 ], [ 36.059180612906424, -0.202355996320576, 0.0 ], [ 36.059275602906382, -0.202389017320465, 0.0 ], [ 36.059281012906389, -0.202391761320399, 0.0 ], [ 36.059385989906332, -0.202438157320265, 0.0 ], [ 36.059503443906301, -0.202481419320032, 0.0 ], [ 36.059585373906287, -0.202518979319894, 0.0 ], [ 36.059590630906278, -0.202521651319875, 0.0 ], [ 36.059718489906203, -0.202587994319667, 0.0 ], [ 36.059808207906158, -0.202645660319457, 0.0 ], [ 36.059821113630612, -0.202650831775315, 0.0 ], [ 36.05983322442507, -0.202649399598327, 0.0 ], [ 36.059849861485553, -0.202642813342922, 0.0 ], [ 36.059884834539503, -0.202631028256199, 0.0 ], [ 36.059904316906135, -0.202624703319477, 0.0 ], [ 36.059918582476179, -0.202626460900847, 0.0 ] ] ] } },
{ "type": "Feature", "properties": { "Name": null, "Type": "Murram", "Length_Km": 6.7588464123499996, "main__road": 0, "Type2": 0 }, "geometry": { "type": "MultiLineString", "coordinates": [ [ [ 35.989889488440774, -0.099262721822536, 0.0 ], [ 35.989287428226497, -0.099636281237317, 0.0 ], [ 35.988875058933829, -0.099885319622342, 0.0 ], [ 35.988380260824513, -0.099677712489464, 0.0 ], [ 35.987679271189279, -0.099677649635679, 0.0 ], [ 35.986730859461659, -0.099843614465201, 0.0 ], [ 35.986153571042593, -0.099885075037742, 0.0 ], [ 35.98520517535696, -0.09988498975199, 0.0 ], [ 35.98421553859054, -0.099967925481516, 0.0 ], [ 35.983597013297668, -0.100050894484493, 0.0 ], [ 35.982895997163318, -0.100382929890027, 0.0 ], [ 35.981617669233515, -0.101047010635419, 0.0 ], [ 35.980339319780846, -0.10196016311793, 0.0 ], [ 35.979225908406285, -0.10287332870667, 0.0 ], [ 35.977164070127643, -0.10420152446782, 0.0 ], [ 35.975225928785918, -0.105612750881806, 0.0 ], [ 35.973700181788693, -0.106484356441479, 0.0 ], [ 35.972545566903698, -0.107106923995197, 0.0 ], [ 35.971473476812662, -0.107148331836067, 0.0 ], [ 35.970896227922935, -0.106857692737767, 0.0 ], [ 35.970154055088841, -0.106442502505842, 0.0 ], [ 35.969288208217208, -0.105736718334951, 0.0 ], [ 35.968710979729892, -0.105238521653704, 0.0 ], [ 35.968092521302836, -0.104698809826469, 0.0 ], [ 35.967350353540908, -0.104242110375788, 0.0 ], [ 35.966690657718424, -0.103743907600953, 0.0 ], [ 35.966278338318929, -0.103536310381167, 0.0 ], [ 35.965453665344619, -0.103494721275542, 0.0 ], [ 35.964835158145561, -0.103494663195775, 0.0 ], [ 35.964505268530807, -0.103702190293583, 0.0 ], [ 35.963969186901579, -0.10415876738351, 0.0 ], [ 35.963350657274717, -0.104407778318449, 0.0 ], [ 35.962649617571159, -0.105113408096624, 0.0 ], [ 35.961742389674065, -0.106026574651394, 0.0 ], [ 35.960835117814121, -0.107396365841144, 0.0 ], [ 35.960051578163139, -0.108434075383133, 0.0 ], [ 35.959721640283725, -0.109139737146281, 0.0 ], [ 35.958979254918319, -0.110966165066176, 0.0 ], [ 35.958781264783781, -0.111655234195499, 0.0 ], [ 35.958533821592056, -0.112070322868689, 0.0 ], [ 35.958368828611, -0.112651465311628, 0.0 ], [ 35.958038905340587, -0.113191079185756, 0.0 ], [ 35.957667765327365, -0.113564643046504, 0.0 ], [ 35.95742038954014, -0.113315549385255, 0.0 ], [ 35.957172967214525, -0.113523080479423, 0.0 ], [ 35.956843043847847, -0.114062693468199, 0.0 ], [ 35.956389376919667, -0.115017406193588, 0.0 ], [ 35.955894519113556, -0.115557000922839, 0.0 ], [ 35.955358453812117, -0.115847523210522, 0.0 ], [ 35.954987339794705, -0.115972017701843, 0.0 ], [ 35.954203904739032, -0.115971934739732, 0.0 ], [ 35.953709095266767, -0.116054904724771, 0.0 ], [ 35.95325551503975, -0.116179390178202, 0.0 ], [ 35.952472042049124, -0.116552907353505, 0.0 ], [ 35.951770970266907, -0.117549099592552, 0.0 ], [ 35.950492560780766, -0.119209405051772, 0.0 ], [ 35.949915223459392, -0.119873518867389, 0.0 ], [ 35.949585312498485, -0.120288593036345, 0.0 ], [ 35.949296643745491, -0.120620649451718, 0.0 ], [ 35.949090445931454, -0.120911203801006, 0.0 ], [ 35.948801772560365, -0.121284770894226, 0.0 ], [ 35.948471865933882, -0.121658333187364, 0.0 ], [ 35.948183229036168, -0.121699812003378, 0.0 ], [ 35.947935788792719, -0.122073383167555, 0.0 ], [ 35.947523411219791, -0.1224884466054, 0.0 ], [ 35.947069809714932, -0.122820483194644, 0.0 ], [ 35.946739935392259, -0.122903467908261, 0.0 ], [ 35.94645127579696, -0.1231525008718, 0.0 ], [ 35.945997655955502, -0.123650580412051, 0.0 ], [ 35.945049234471973, -0.124190114028994, 0.0 ], [ 35.944307006804166, -0.124480605269787, 0.0 ], [ 35.943688487977553, -0.124688088640282, 0.0 ], [ 35.943170121682954, -0.124662828883573, 0.0 ] ] ] } },
{ "type": "Feature", "properties": { "Name": null, "Type": "Murram", "Length_Km": 1.4587104314199999, "main__road": 0, "Type2": 0 }, "geometry": { "type": "MultiLineString", "coordinates": [ [ [ 35.997764944881339, -0.109641647487087, 0.0 ], [ 35.997764395005447, -0.109641647432898, 0.0 ], [ 35.997747820416762, -0.109620785418816, 0.0 ], [ 35.996445033933, -0.107981003578968, 0.0 ], [ 35.995249325968601, -0.10686004191298, 0.0 ], [ 35.99463085265409, -0.106320316406297, 0.0 ], [ 35.994094845394642, -0.105822112101863, 0.0 ], [ 35.993806224329781, -0.10557300817364, 0.0 ], [ 35.993311475248944, -0.104825732151731, 0.0 ], [ 35.992775510183222, -0.103870889424005, 0.0 ], [ 35.99207460520104, -0.102916032368885, 0.0 ], [ 35.991662305999824, -0.10237632960931, 0.0 ], [ 35.991250032917385, -0.101546038734284, 0.0 ], [ 35.990878994177734, -0.100715752218838, 0.0 ], [ 35.990425463306806, -0.10013453454895, 0.0 ], [ 35.989889488440774, -0.099262721822536, 0.0 ] ] ] } },
{ "type": "Feature", "properties": { "Name": null, "Type": "Murram", "Length_Km": 4.0355356876900004, "main__road": 0, "Type2": 11 }, "geometry": { "type": "MultiLineString", "coordinates": [ [ [ 36.110590360039964, -0.175202117446513, 0.0 ], [ 36.110596229505745, -0.175091637360786, 0.0 ], [ 36.11060376975572, -0.174977897431579, 0.0 ], [ 36.110612070000428, -0.1748654976182, 0.0 ], [ 36.110619949456634, -0.174752007124214, 0.0 ], [ 36.11062983993606, -0.174634747221494, 0.0 ], [ 36.110640479701289, -0.174512447290919, 0.0 ], [ 36.110651879555526, -0.174384877825762, 0.0 ], [ 36.110664369752243, -0.174252277419551, 0.0 ], [ 36.110678960036417, -0.174114477256782, 0.0 ], [ 36.11069689950277, -0.173973247629217, 0.0 ], [ 36.110720029670887, -0.173829997488095, 0.0 ], [ 36.11074609954494, -0.17368465781818, 0.0 ], [ 36.110771579290862, -0.173536207947463, 0.0 ], [ 36.110794629965156, -0.17338399792716, 0.0 ], [ 36.110813319921675, -0.17322909729866, 0.0 ], [ 36.11082647948799, -0.173072777216777, 0.0 ], [ 36.110829159671695, -0.172915107415486, 0.0 ], [ 36.110817259231453, -0.172752917540004, 0.0 ], [ 36.110797899469986, -0.172590227770682, 0.0 ], [ 36.110779959703393, -0.172426697895992, 0.0 ], [ 36.110767889511486, -0.172264847751194, 0.0 ], [ 36.110764369719064, -0.172105337346125, 0.0 ], [ 36.110775939927734, -0.171946837596518, 0.0 ], [ 36.110798479281677, -0.171791347489273, 0.0 ], [ 36.110823799977744, -0.171642487321478, 0.0 ], [ 36.110843999620116, -0.171503937073747, 0.0 ], [ 36.110854559471385, -0.171373507614088, 0.0 ], [ 36.11085363989131, -0.171249207192018, 0.0 ], [ 36.110837289540228, -0.171127757954865, 0.0 ], [ 36.110810719785462, -0.171013177075706, 0.0 ], [ 36.110777950139749, -0.170902947797232, 0.0 ], [ 36.11073804980213, -0.170797507312223, 0.0 ], [ 36.110683480114709, -0.170698937238886, 0.0 ], [ 36.110604690145884, -0.17060941738698, 0.0 ], [ 36.110517190031374, -0.170517297570072, 0.0 ], [ 36.110435379271408, -0.17041353786197, 0.0 ], [ 36.110363630039707, -0.170296017320687, 0.0 ], [ 36.110308480019661, -0.170170287574969, 0.0 ], [ 36.110275369686143, -0.170038697818193, 0.0 ], [ 36.110257179871795, -0.169907097631972, 0.0 ], [ 36.110260369787163, -0.169777597814699, 0.0 ], [ 36.110276539307478, -0.169651197372021, 0.0 ], [ 36.110290289664981, -0.169526897378338, 0.0 ], [ 36.110296240147157, -0.169404857875216, 0.0 ], [ 36.110290289387478, -0.169282727158387, 0.0 ], [ 36.110270589346484, -0.169160687480847, 0.0 ], [ 36.110239240012923, -0.169040327640768, 0.0 ], [ 36.110205130002562, -0.168919037622196, 0.0 ], [ 36.110177890011371, -0.168795407461862, 0.0 ], [ 36.1101593598164, -0.1686705171999, 0.0 ], [ 36.110147459791577, -0.168544707175103, 0.0 ], [ 36.110139079937454, -0.16841838715091, 0.0 ], [ 36.110134049527382, -0.168292907944693, 0.0 ], [ 36.110131869583185, -0.168167937870333, 0.0 ], [ 36.11013236985503, -0.168041537831321, 0.0 ], [ 36.110134219390211, -0.167913127536963, 0.0 ], [ 36.11013262990484, -0.167782457802677, 0.0 ], [ 36.110126590005571, -0.167648677314668, 0.0 ], [ 36.110118880126109, -0.167512557229936, 0.0 ], [ 36.110111840065642, -0.167374507210074, 0.0 ], [ 36.11010537996107, -0.1672352871478, 0.0 ], [ 36.11009942946793, -0.167097237290165, 0.0 ], [ 36.110093819815113, -0.166960607902423, 0.0 ], [ 36.110087779964026, -0.166825827166466, 0.0 ], [ 36.110080569454645, -0.166692887746073, 0.0 ], [ 36.110071439735776, -0.166561877179496, 0.0 ], [ 36.110059619638179, -0.166434137163245, 0.0 ], [ 36.110047549725572, -0.16630840756614, 0.0 ], [ 36.110035139431304, -0.166184107376842, 0.0 ], [ 36.110024329346878, -0.166060307098697, 0.0 ], [ 36.110016959634308, -0.165935417610542, 0.0 ], [ 36.110016279575973, -0.165807847283529, 0.0 ], [ 36.11002098016791, -0.16568043766723, 0.0 ], [ 36.110029440016554, -0.165556387178469, 0.0 ], [ 36.110039750021386, -0.165442397350943, 0.0 ], [ 36.110050819535978, -0.165345837578945, 0.0 ], [ 36.110065739872837, -0.16520208738522, 0.0 ], [ 36.110069839767085, -0.165107537960883, 0.0 ], [ 36.110066659790803, -0.165025647467251, 0.0 ], [ 36.110067250091504, -0.164977027122542, 0.0 ], [ 36.1100828400739, -0.164838647863803, 0.0 ], [ 36.110096749455252, -0.164696827548598, 0.0 ], [ 36.110115779597159, -0.164514347119659, 0.0 ], [ 36.11012659000253, -0.164415277165132, 0.0 ], [ 36.110137319918707, -0.164314107290319, 0.0 ], [ 36.110150729753492, -0.164213607346141, 0.0 ], [ 36.110161290018816, -0.164112437442902, 0.0 ], [ 36.110167999884219, -0.164017557671667, 0.0 ], [ 36.110175789756184, -0.16384429749309, 0.0 ], [ 36.110186019852755, -0.163684707837635, 0.0 ], [ 36.11019792019475, -0.16353173710005, 0.0 ], [ 36.110211579486595, -0.163386477713997, 0.0 ], [ 36.110224069774894, -0.163212137518399, 0.0 ], [ 36.110226249532765, -0.163112307311043, 0.0 ], [ 36.110230689848272, -0.163008287550031, 0.0 ], [ 36.110236729892172, -0.16290183740027, 0.0 ], [ 36.110243349748814, -0.162788847259848, 0.0 ], [ 36.110251149709185, -0.162670417767308, 0.0 ], [ 36.110260620113117, -0.162550887956298, 0.0 ], [ 36.110273269494414, -0.162431777852191, 0.0 ], [ 36.110282240182919, -0.162310577256779, 0.0 ], [ 36.1102936395055, -0.162183427868567, 0.0 ], [ 36.110307640029511, -0.162055017455397, 0.0 ], [ 36.110324570028595, -0.161926937257472, 0.0 ], [ 36.110342089770747, -0.161798277947603, 0.0 ], [ 36.110357090181203, -0.161669277630845, 0.0 ], [ 36.110366899488824, -0.161538687191625, 0.0 ], [ 36.110374190080755, -0.161409777947779, 0.0 ], [ 36.110380059788952, -0.161281447693694, 0.0 ], [ 36.110385419684661, -0.161153127305917, 0.0 ], [ 36.110392299915006, -0.161031757425939, 0.0 ], [ 36.110399170264074, -0.160916837258444, 0.0 ], [ 36.110403030233897, -0.160808797387764, 0.0 ], [ 36.110399170075496, -0.160710637925964, 0.0 ], [ 36.110345939748022, -0.160558847111976, 0.0 ], [ 36.110224069524676, -0.160527247410223, 0.0 ], [ 36.110096159599593, -0.160549377916937, 0.0 ], [ 36.109967840195402, -0.160599077313771, 0.0 ], [ 36.109814779428675, -0.16066244792221, 0.0 ], [ 36.109647399667303, -0.160737627120156, 0.0 ], [ 36.109552929888252, -0.160779457477811, 0.0 ], [ 36.109455539488309, -0.160821787094594, 0.0 ], [ 36.109356959776676, -0.160864787891966, 0.0 ], [ 36.109259059478568, -0.160907947805703, 0.0 ], [ 36.10916058011771, -0.160952287697247, 0.0 ], [ 36.109058230237736, -0.160999397393219, 0.0 ], [ 36.108950269544735, -0.161049187194017, 0.0 ], [ 36.10883811977137, -0.161101317554315, 0.0 ], [ 36.108714569815511, -0.161158407821025, 0.0 ], [ 36.10858724980023, -0.16121875763592, 0.0 ], [ 36.108456749529644, -0.161281447242859, 0.0 ], [ 36.108324559621316, -0.161347747273872, 0.0 ], [ 36.10819321945992, -0.16141564763563, 0.0 ], [ 36.108063720150255, -0.161483457882886, 0.0 ], [ 36.107936819531766, -0.161548827930594, 0.0 ], [ 36.107811930176155, -0.161608507546908, 0.0 ], [ 36.10768326988854, -0.16165838737438, 0.0 ], [ 36.10754898954724, -0.16170003756339, 0.0 ], [ 36.107410689872495, -0.161736837702141, 0.0 ], [ 36.107267770072461, -0.161771287890985, 0.0 ], [ 36.107121179837058, -0.161802637396145, 0.0 ], [ 36.106971639881721, -0.161830887223871, 0.0 ], [ 36.106820939736146, -0.161857037881969, 0.0 ], [ 36.106668219571048, -0.161881087442442, 0.0 ], [ 36.10651381951201, -0.161903307025495, 0.0 ], [ 36.106359429547005, -0.161924087213588, 0.0 ], [ 36.106205449922548, -0.161943787685279, 0.0 ], [ 36.106053570018332, -0.16196071719492, 0.0 ], [ 36.105905379971304, -0.161970437628168, 0.0 ], [ 36.1057639796025, -0.161968177669019, 0.0 ], [ 36.105634390007907, -0.161951497487894, 0.0 ], [ 36.105512689729707, -0.161921577501535, 0.0 ], [ 36.105395839621309, -0.161892157881498, 0.0 ], [ 36.105289059627054, -0.161870107404685, 0.0 ], [ 36.10519844968907, -0.161846387612905, 0.0 ], [ 36.105087979404416, -0.161738427866759, 0.0 ], [ 36.10506232961886, -0.161586127468945, 0.0 ], [ 36.105116979829084, -0.161444977619635, 0.0 ], [ 36.105201219970539, -0.161288487493949, 0.0 ], [ 36.105247149835819, -0.161205177542834, 0.0 ], [ 36.105296179529205, -0.161123447462399, 0.0 ], [ 36.10533146969015, -0.161036777428822, 0.0 ], [ 36.10534714940399, -0.16094013734592, 0.0 ], [ 36.105353770278001, -0.160831337542375, 0.0 ], [ 36.105346730152242, -0.160720787410471, 0.0 ], [ 36.105331889636545, -0.160610147635559, 0.0 ], [ 36.10531042948756, -0.160495727299994, 0.0 ], [ 36.105282019922463, -0.160373857863718, 0.0 ], [ 36.105245560194113, -0.160247287836721, 0.0 ], [ 36.10517666597368, -0.160047121990693, 0.0 ], [ 36.105149669651055, -0.159973117610381, 0.0 ], [ 36.105100889451485, -0.159827777831205, 0.0 ], [ 36.105052190186917, -0.159681177595256, 0.0 ], [ 36.105005919745786, -0.159540107560246, 0.0 ], [ 36.104960819993991, -0.159409687178309, 0.0 ], [ 36.104920670009619, -0.159292847251694, 0.0 ], [ 36.104886729875766, -0.159189917755813, 0.0 ], [ 36.104862669965293, -0.159098047530525, 0.0 ], [ 36.104861749735328, -0.158929737586289, 0.0 ], [ 36.104926290164336, -0.158763527582185, 0.0 ], [ 36.104970969602029, -0.158680037564866, 0.0 ], [ 36.105022099808835, -0.158594627444117, 0.0 ], [ 36.105081520300111, -0.158510307265467, 0.0 ], [ 36.105150090140192, -0.158432687414527, 0.0 ], [ 36.105233819701255, -0.158364377329681, 0.0 ], [ 36.10533574969012, -0.158306207811754, 0.0 ], [ 36.105444379693054, -0.158254747316942, 0.0 ], [ 36.105553930143309, -0.158206377150549, 0.0 ], [ 36.105659369944874, -0.158157937735038, 0.0 ], [ 36.105755089832478, -0.158100857927013, 0.0 ], [ 36.105838579541675, -0.158027677497932, 0.0 ], [ 36.105913179962712, -0.157936147919273, 0.0 ], [ 36.105983500143459, -0.157830957551354, 0.0 ], [ 36.106052569920109, -0.157720227203482, 0.0 ], [ 36.106118699654559, -0.157614197717877, 0.0 ], [ 36.106177539949464, -0.157519397703571, 0.0 ], [ 36.10623495967095, -0.157436247227952, 0.0 ], [ 36.106300750009787, -0.157370787108757, 0.0 ], [ 36.106378370319888, -0.157320917922817, 0.0 ], [ 36.106480129732915, -0.157296527336793, 0.0 ], [ 36.106588759467968, -0.157280597829229, 0.0 ], [ 36.10670484973484, -0.157269197139505, 0.0 ], [ 36.106828649638054, -0.15725872728029, 0.0 ], [ 36.106960659638823, -0.157245227061369, 0.0 ], [ 36.107097959549868, -0.157232657339862, 0.0 ], [ 36.107237770199049, -0.157210947424031, 0.0 ], [ 36.10738604026939, -0.157187647471743, 0.0 ], [ 36.107538760058354, -0.157166107377697, 0.0 ], [ 36.107694250205654, -0.157146987423518, 0.0 ], [ 36.107852329681222, -0.157128297918415, 0.0 ], [ 36.108012170149848, -0.157109437873007, 0.0 ], [ 36.108173769815856, -0.15709041722615, 0.0 ], [ 36.108335549874873, -0.157071637851301, 0.0 ], [ 36.108498489516329, -0.157053197468591, 0.0 ], [ 36.108662690082902, -0.157035677089451, 0.0 ], [ 36.10882815023276, -0.1570157271678, 0.0 ], [ 36.108990089957835, -0.156991677244211, 0.0 ], [ 36.109131159971781, -0.156964017389915, 0.0 ], [ 36.109255539874439, -0.156934087273679, 0.0 ], [ 36.109371379630119, -0.156892177304331, 0.0 ], [ 36.10947557011395, -0.156832247566479, 0.0 ], [ 36.109572629726159, -0.156752457191099, 0.0 ], [ 36.10967002957922, -0.156665447291764, 0.0 ], [ 36.109770529823017, -0.156576017125243, 0.0 ], [ 36.109875470323907, -0.156485237608256, 0.0 ], [ 36.109982589980667, -0.156394797211286, 0.0 ], [ 36.110089879650943, -0.15630821779285, 0.0 ], [ 36.110196580318053, -0.156230007183462, 0.0 ], [ 36.110302439940625, -0.156165637398506, 0.0 ], [ 36.110415259811788, -0.156115347143717, 0.0 ], [ 36.110533700160559, -0.156077377883668, 0.0 ], [ 36.110656660273541, -0.156047617303011, 0.0 ], [ 36.110782140087046, -0.156022137292019, 0.0 ], [ 36.110910379478682, -0.155999177720412, 0.0 ], [ 36.111040470275846, -0.15597779784371, 0.0 ], [ 36.11117038970351, -0.155956087229449, 0.0 ], [ 36.111298800239645, -0.15593555737733, 0.0 ], [ 36.111425199975635, -0.155917617797265, 0.0 ], [ 36.111548160019311, -0.155902447204117, 0.0 ], [ 36.111667270018685, -0.155891387353025, 0.0 ], [ 36.111783519962017, -0.155884337179477, 0.0 ], [ 36.111899870360091, -0.155877887895356, 0.0 ], [ 36.11201427949112, -0.155870847407058, 0.0 ], [ 36.112131289699548, -0.155863637397589, 0.0 ], [ 36.112252660347075, -0.155854757265782, 0.0 ], [ 36.112382830230295, -0.155847127971632, 0.0 ], [ 36.112518449733031, -0.155841007483431, 0.0 ], [ 36.112655159975532, -0.155833217331757, 0.0 ], [ 36.112784159592792, -0.155825077350402, 0.0 ], [ 36.112907290357349, -0.155816277862738, 0.0 ], [ 36.113029659972646, -0.155807897528707, 0.0 ], [ 36.113154220328923, -0.155800607203015, 0.0 ], [ 36.11328094990882, -0.155794237914067, 0.0 ], [ 36.113409950145162, -0.155788707450385, 0.0 ], [ 36.113537770322715, -0.155781827783994, 0.0 ], [ 36.113664589607922, -0.155769428026439, 0.0 ], [ 36.113790240018623, -0.15575257798862, 0.0 ], [ 36.113912779608143, -0.155735648009757, 0.0 ], [ 36.114031639487436, -0.155717537455531, 0.0 ], [ 36.11414563019752, -0.155693237634014, 0.0 ], [ 36.114254259891148, -0.155656017727074, 0.0 ], [ 36.114358189910234, -0.155606897960383, 0.0 ], [ 36.11441514630188, -0.155572709828714, 0.0 ], [ 36.114456350112967, -0.155547977197808, 0.0 ], [ 36.114548799578216, -0.155480417446923, 0.0 ], [ 36.114638070117927, -0.155405147927316, 0.0 ], [ 36.114724480119214, -0.155323927947323, 0.0 ], [ 36.114808390232184, -0.155237927688579, 0.0 ], [ 36.114892789632762, -0.155150927221704, 0.0 ], [ 36.114979630109467, -0.155065517368596, 0.0 ], [ 36.115067639960436, -0.154980938048139, 0.0 ], [ 36.115155649820856, -0.15489628733143, 0.0 ], [ 36.11524155950061, -0.154811287536982, 0.0 ], [ 36.115322360354781, -0.154726797563386, 0.0 ], [ 36.115397550117137, -0.154646917784055, 0.0 ], [ 36.115471729674802, -0.154570647654658, 0.0 ], [ 36.115547080090771, -0.154497557365828, 0.0 ], [ 36.115628719886047, -0.154428487933751, 0.0 ], [ 36.115715980153517, -0.154372077482022, 0.0 ], [ 36.11579938008515, -0.154329587943341, 0.0 ], [ 36.115950249803454, -0.154277277415936, 0.0 ], [ 36.116063069716617, -0.154264037952381, 0.0 ], [ 36.116162990230031, -0.154325807382344, 0.0 ] ] ] } },
{ "type": "Feature", "properties": { "Name": null, "Type": null, "Length_Km": 0.03296992647, "main__road": 0, "Type2": 0 }, "geometry": { "type": "MultiLineString", "coordinates": [ [ [ 36.087238451832036, -0.197810400750403, 0.0 ], [ 36.087238263873807, -0.197810290450322, 0.0 ], [ 36.087236792216054, -0.197809426833221, 0.0 ], [ 36.08722599875712, -0.197803092876985, 0.0 ], [ 36.087218808478838, -0.19779887338555, 0.0 ], [ 36.087214378347284, -0.197796273638877, 0.0 ], [ 36.087210407997091, -0.197792529502254, 0.0 ], [ 36.087205818581779, -0.197787767760022, 0.0 ], [ 36.087198055117121, -0.197779688623135, 0.0 ], [ 36.087191769011341, -0.197768989418856, 0.0 ], [ 36.087185736053151, -0.197758721082197, 0.0 ], [ 36.087179525766864, -0.197747125298213, 0.0 ], [ 36.087172007330182, -0.197732874537089, 0.0 ], [ 36.087164323134843, -0.19771773502011, 0.0 ], [ 36.087156979277147, -0.19770382356735, 0.0 ], [ 36.087151597974, -0.197694359996658, 0.0 ], [ 36.087143156772477, -0.197679590531079, 0.0 ], [ 36.087135605306898, -0.19766764674354, 0.0 ], [ 36.087125125639439, -0.197651295812069, 0.0 ], [ 36.087119846014126, -0.197643418310252, 0.0 ], [ 36.087113624264667, -0.1976341351056, 0.0 ], [ 36.08710437842813, -0.197621709493751, 0.0 ], [ 36.087094481112089, -0.197608875369134, 0.0 ], [ 36.087086193354828, -0.197598620668704, 0.0 ], [ 36.087080233850138, -0.197591250938892, 0.0 ], [ 36.087073064762386, -0.197582017156931, 0.0 ], [ 36.087069434417437, -0.197576257711753, 0.0 ], [ 36.087068085344882, -0.197571685484577, 0.0 ] ] ] } },
{ "type": "Feature", "properties": { "Name": null, "Type": "Murram", "Length_Km": 0.1168158724, "main__road": 0, "Type2": 2 }, "geometry": { "type": "MultiLineString", "coordinates": [ [ [ 36.083430734792223, -0.199859662459789, 0.0 ], [ 36.083440464067678, -0.199870425677997, 0.0 ], [ 36.083451994555737, -0.199884948778554, 0.0 ], [ 36.083465631813482, -0.199902125438184, 0.0 ], [ 36.083473659698207, -0.199912835085405, 0.0 ], [ 36.083480397549167, -0.199921857326238, 0.0 ], [ 36.083491330142742, -0.19993186476934, 0.0 ], [ 36.083503156662879, -0.199941655456219, 0.0 ], [ 36.083512984492636, -0.199946549068168, 0.0 ], [ 36.083522291952214, -0.199951183570037, 0.0 ], [ 36.083543571920586, -0.199958583215935, 0.0 ], [ 36.083568785853672, -0.199964334969874, 0.0 ], [ 36.083587861574919, -0.199967292834264, 0.0 ], [ 36.083606681952666, -0.199966353422765, 0.0 ], [ 36.083630864454122, -0.199964271007586, 0.0 ], [ 36.083645639665015, -0.199959670930216, 0.0 ], [ 36.083666962480599, -0.199953032337787, 0.0 ], [ 36.083690748142558, -0.199944014538933, 0.0 ], [ 36.083712772200805, -0.199934720282996, 0.0 ], [ 36.08373205102253, -0.199926584529736, 0.0 ], [ 36.083752343472504, -0.199917095009187, 0.0 ], [ 36.083769190565867, -0.199909096403345, 0.0 ], [ 36.08378135329729, -0.199903321822932, 0.0 ], [ 36.083790058185613, -0.199899188945549, 0.0 ], [ 36.083799306767489, -0.199894797935031, 0.0 ], [ 36.083809001038027, -0.199890990513679, 0.0 ], [ 36.08382062035016, -0.199887179931388, 0.0 ], [ 36.083841893899951, -0.199880203217716, 0.0 ], [ 36.083855143236541, -0.19987585806477, 0.0 ], [ 36.083872237154786, -0.199870252071467, 0.0 ], [ 36.083887595268614, -0.199865823040197, 0.0 ], [ 36.08390848331927, -0.199860689840688, 0.0 ], [ 36.083919658936765, -0.199857943453514, 0.0 ], [ 36.083937693768895, -0.19985351142697, 0.0 ], [ 36.083958581820426, -0.199848378227008, 0.0 ], [ 36.083968472907415, -0.199847262126161, 0.0 ], [ 36.083977002907417, -0.199846364225271, 0.0 ], [ 36.083990613300038, -0.199844931542426, 0.0 ], [ 36.084004149886418, -0.199843506628781, 0.0 ], [ 36.0840169817901, -0.199842155892612, 0.0 ], [ 36.084030592183232, -0.199840723209664, 0.0 ], [ 36.084039826866608, -0.199839751130933, 0.0 ], [ 36.084046131934265, -0.199839978398296, 0.0 ], [ 36.084053943302223, -0.199840424264126, 0.0 ], [ 36.084063965317952, -0.199840996311744, 0.0 ], [ 36.084074657320897, -0.199841606601537, 0.0 ], [ 36.084084639199546, -0.199842176358117, 0.0 ], [ 36.084112414325531, -0.19984376173722, 0.0 ], [ 36.084131678768145, -0.19984529466775, 0.0 ], [ 36.084148890403299, -0.19984698334207, 0.0 ], [ 36.084168013214864, -0.199848859526324, 0.0 ], [ 36.084182833117929, -0.199850313542222, 0.0 ], [ 36.084215754015183, -0.199853053386175, 0.0 ], [ 36.084238200227738, -0.199854554868831, 0.0 ], [ 36.084265591420291, -0.199856387133361, 0.0 ], [ 36.084284148122499, -0.19985684779849, 0.0 ], [ 36.084298427726097, -0.199856374463271, 0.0 ], [ 36.084312528651964, -0.199855907050686, 0.0 ], [ 36.084331209569768, -0.19985528782222, 0.0 ], [ 36.08435109394199, -0.199854414158877, 0.0 ], [ 36.08436828293577, -0.199852295874992, 0.0 ], [ 36.084382698742971, -0.199850519344408, 0.0 ], [ 36.08439617203036, -0.199848858965105, 0.0 ], [ 36.084404680486614, -0.199847810426327, 0.0 ], [ 36.084415673858757, -0.19984687102084, 0.0 ] ] ] } },
{ "type": "Feature", "properties": { "Name": null, "Type": "Murram", "Length_Km": 0.44410598398000001, "main__road": 0, "Type2": 0 }, "geometry": { "type": "MultiLineString", "coordinates": [ [ [ 36.089047030187345, -0.196878007095779, 0.0 ], [ 36.089031000280663, -0.196906453974959, 0.0 ], [ 36.089005193054525, -0.196952251807524, 0.0 ], [ 36.088978420409262, -0.196999762880308, 0.0 ], [ 36.088952562484131, -0.197045650674475, 0.0 ], [ 36.088925739139746, -0.197093251708742, 0.0 ], [ 36.08890634079652, -0.197126827228829, 0.0 ], [ 36.088886026116512, -0.197157905945523, 0.0 ], [ 36.088852366391471, -0.197211323719955, 0.0 ], [ 36.088827823850124, -0.197253649089826, 0.0 ], [ 36.088806088637284, -0.197293385037291, 0.0 ], [ 36.088781877234993, -0.197340055957486, 0.0 ], [ 36.088751858806127, -0.197397213675503, 0.0 ], [ 36.088725889140093, -0.197445994813032, 0.0 ], [ 36.088703811556286, -0.197484618137274, 0.0 ], [ 36.088676632705457, -0.197531852375898, 0.0 ], [ 36.088651480526266, -0.197571686625697, 0.0 ], [ 36.088626481973357, -0.197611277569722, 0.0 ], [ 36.088595218391596, -0.197656087572467, 0.0 ], [ 36.08854797159799, -0.1977227215796, 0.0 ], [ 36.088516103266272, -0.197767024800244, 0.0 ], [ 36.088474506920264, -0.197825304551928, 0.0 ], [ 36.088460617027629, -0.197844819649479, 0.0 ], [ 36.08843410813563, -0.197881598136958, 0.0 ], [ 36.088394290411536, -0.197935645790403, 0.0 ], [ 36.088365254123246, -0.197973117526626, 0.0 ], [ 36.088344637002621, -0.197998314382076, 0.0 ], [ 36.088298935489597, -0.198052463152824, 0.0 ], [ 36.088242016764482, -0.198112982825715, 0.0 ], [ 36.088195932474292, -0.198157324335988, 0.0 ], [ 36.088119750094229, -0.198228209950338, 0.0 ], [ 36.088049083537861, -0.19829558936435, 0.0 ], [ 36.087987191694275, -0.198359352012262, 0.0 ], [ 36.087913859318711, -0.198441985371511, 0.0 ], [ 36.087880967471662, -0.198483863836262, 0.0 ], [ 36.087816952651586, -0.198572577482178, 0.0 ], [ 36.087773037539158, -0.198641313623361, 0.0 ], [ 36.087727765009305, -0.198716879017282, 0.0 ], [ 36.087695728920664, -0.19877412358835, 0.0 ], [ 36.087648524801338, -0.198872204595266, 0.0 ], [ 36.087623515699399, -0.198933884635339, 0.0 ], [ 36.087589908210397, -0.199032688896012, 0.0 ], [ 36.0875641097238, -0.199115546374742, 0.0 ], [ 36.087542141944184, -0.199200392759185, 0.0 ], [ 36.087525670833429, -0.199282720830833, 0.0 ], [ 36.087515807211965, -0.199372751402592, 0.0 ], [ 36.087511637274389, -0.199465628321932, 0.0 ], [ 36.087516104052092, -0.199541957496634, 0.0 ], [ 36.087528872742709, -0.199632979091531, 0.0 ], [ 36.087544016173432, -0.199705346520524, 0.0 ], [ 36.087557625528881, -0.1997575087717, 0.0 ], [ 36.087579441472215, -0.199834388076339, 0.0 ], [ 36.087601366815981, -0.199906634418934, 0.0 ], [ 36.087623621606454, -0.199973358286943, 0.0 ], [ 36.087671323041491, -0.200086997027391, 0.0 ], [ 36.0877002942809, -0.200133572784194, 0.0 ], [ 36.087734195418086, -0.200170649422891, 0.0 ], [ 36.087772205496996, -0.200196693914902, 0.0 ], [ 36.087810565520037, -0.200210357037855, 0.0 ], [ 36.087844345192003, -0.200213107102603, 0.0 ], [ 36.087894061725059, -0.20020459398813, 0.0 ], [ 36.087913309365639, -0.200196744125586, 0.0 ] ] ] } },
{ "type": "Feature", "properties": { "Name": null, "Type": "Murram", "Length_Km": 1.1540505212200001, "main__road": 0, "Type2": 2 }, "geometry": { "type": "MultiLineString", "coordinates": [ [ [ 36.062500686357275, -0.181599226062709, 0.0 ], [ 36.06252910611699, -0.18163159033234, 0.0 ], [ 36.062590614594342, -0.181664027256414, 0.0 ], [ 36.062677456282415, -0.181678598137858, 0.0 ], [ 36.062770129678654, -0.181697253493516, 0.0 ], [ 36.062813850710427, -0.181707541886686, 0.0 ], [ 36.062862102765529, -0.181720441779528, 0.0 ], [ 36.062910470107916, -0.181727972880068, 0.0 ], [ 36.063010602767548, -0.181708824134453, 0.0 ], [ 36.063120468934791, -0.18167153620446, 0.0 ], [ 36.063224458457348, -0.181624996912586, 0.0 ], [ 36.063316632124604, -0.181580811677473, 0.0 ], [ 36.063411928603969, -0.181542385628392, 0.0 ], [ 36.063513305912679, -0.181507650595992, 0.0 ], [ 36.063626817692615, -0.181464991235766, 0.0 ], [ 36.063690926920927, -0.181442549127707, 0.0 ], [ 36.063824477664575, -0.181398772594666, 0.0 ], [ 36.063891334926176, -0.181379781528308, 0.0 ], [ 36.064021653767817, -0.181344797229072, 0.0 ], [ 36.064150991571246, -0.181310392381853, 0.0 ], [ 36.064273515380449, -0.181277494884674, 0.0 ], [ 36.064347365836241, -0.181262440805272, 0.0 ], [ 36.064417853421581, -0.181260321536315, 0.0 ], [ 36.064494612860194, -0.181268454299239, 0.0 ], [ 36.064563835817481, -0.181279086199964, 0.0 ], [ 36.064612810500762, -0.181288751541687, 0.0 ], [ 36.064660589805406, -0.181300735621052, 0.0 ], [ 36.064737756976598, -0.181324164444622, 0.0 ], [ 36.06481356600495, -0.18134177542966, 0.0 ], [ 36.064874694690047, -0.181347787018112, 0.0 ], [ 36.064922762453975, -0.181348612563469, 0.0 ], [ 36.064965272048255, -0.18134676640449, 0.0 ] ], [ [ 36.064944017250916, -0.181347689484013, 0.0 ], [ 36.065017877554688, -0.181340232995077, 0.0 ], [ 36.065094941224359, -0.181323826305997, 0.0 ], [ 36.065172343210776, -0.181299213284789, 0.0 ], [ 36.065273407347675, -0.181260493605097, 0.0 ], [ 36.065392990081129, -0.18121023400886, 0.0 ], [ 36.065511499501447, -0.181159807183495, 0.0 ], [ 36.065619865468044, -0.181107914048196, 0.0 ], [ 36.065691572961228, -0.181068654628545, 0.0 ], [ 36.065800314887746, -0.181007253367835, 0.0 ], [ 36.06586924262902, -0.180961267885301, 0.0 ], [ 36.065960240001829, -0.180893354743912, 0.0 ], [ 36.066039488399284, -0.180830147448957, 0.0 ], [ 36.066113815108075, -0.180774524592238, 0.0 ], [ 36.066174209380044, -0.180735180632552, 0.0 ], [ 36.066243718078468, -0.180696353438674, 0.0 ], [ 36.066275047189158, -0.180680371193974, 0.0 ], [ 36.066350510901977, -0.180645653961456, 0.0 ], [ 36.066427106633753, -0.180614880401383, 0.0 ], [ 36.066502713501499, -0.180585862706635, 0.0 ], [ 36.066604569195206, -0.180546637718449, 0.0 ], [ 36.066689872772344, -0.180513142707434, 0.0 ], [ 36.066793838927595, -0.180460820189054, 0.0 ], [ 36.066891006363413, -0.180400711592074, 0.0 ], [ 36.066969861432653, -0.180336376310669, 0.0 ], [ 36.067002525681112, -0.180300003227061, 0.0 ], [ 36.067045716029043, -0.180219212464859, 0.0 ], [ 36.067072776188439, -0.180146630938814, 0.0 ], [ 36.067099322417697, -0.180060504816973, 0.0 ], [ 36.067115056724781, -0.179998681277048, 0.0 ], [ 36.067132999254873, -0.17986882516906, 0.0 ], [ 36.06713263339968, -0.179806881597266, 0.0 ], [ 36.067121934673217, -0.17969929588254, 0.0 ], [ 36.067119003870069, -0.179650970955209, 0.0 ], [ 36.067122131730116, -0.17960186678667, 0.0 ], [ 36.06714558528887, -0.179497703697571, 0.0 ], [ 36.067160529297375, -0.179450318132882, 0.0 ], [ 36.067187849128132, -0.179364109436512, 0.0 ], [ 36.067232847177792, -0.179253375153993, 0.0 ], [ 36.067253881459166, -0.179221079211326, 0.0 ], [ 36.067312365235075, -0.179162076967945, 0.0 ], [ 36.067425449292749, -0.179070043646847, 0.0 ], [ 36.067507726041448, -0.179005865167667, 0.0 ], [ 36.067555017673484, -0.17897504163079, 0.0 ], [ 36.06767496841065, -0.178920723571533, 0.0 ], [ 36.067778475265015, -0.178887992841638, 0.0 ], [ 36.067844913598165, -0.178872826682349, 0.0 ], [ 36.067932931472136, -0.178861502636757, 0.0 ], [ 36.068094446974186, -0.178850928812064, 0.0 ], [ 36.068204181673806, -0.178836064896473, 0.0 ], [ 36.068259605249871, -0.178821465690251, 0.0 ], [ 36.068373310948139, -0.17878357566505, 0.0 ], [ 36.068492206036844, -0.178748199200303, 0.0 ], [ 36.068618109421756, -0.178711651944699, 0.0 ], [ 36.06874168937005, -0.178671145899277, 0.0 ], [ 36.068799884971178, -0.178650272022953, 0.0 ], [ 36.068855796521156, -0.178628913936518, 0.0 ], [ 36.068908348027833, -0.178606387037365, 0.0 ], [ 36.068983931738877, -0.178556780135576, 0.0 ], [ 36.069028339876667, -0.178499333238561, 0.0 ], [ 36.069060301796711, -0.178417134117049, 0.0 ], [ 36.06911711806098, -0.178312123598562, 0.0 ], [ 36.069133226291669, -0.178240430597796, 0.0 ], [ 36.069139864454066, -0.178152248731052, 0.0 ], [ 36.069144795231189, -0.178020115185015, 0.0 ], [ 36.069143890634869, -0.177930185129885, 0.0 ], [ 36.06915665731659, -0.177804568252747, 0.0 ], [ 36.069175818843803, -0.177715260733766, 0.0 ], [ 36.069206669408906, -0.177631451292997, 0.0 ], [ 36.069246402473375, -0.177542007857361, 0.0 ], [ 36.069257062061972, -0.177492740779919, 0.0 ], [ 36.069235985172305, -0.177406396863561, 0.0 ], [ 36.069189027380112, -0.177347554940342, 0.0 ], [ 36.069109349916211, -0.177266025383778, 0.0 ], [ 36.069057339419892, -0.177200069551604, 0.0 ], [ 36.069000957570402, -0.177126025442757, 0.0 ], [ 36.068945098708191, -0.177047809322231, 0.0 ], [ 36.068905775708402, -0.176967105643062, 0.0 ], [ 36.068890068585532, -0.176877372067262, 0.0 ], [ 36.068885916207897, -0.1768171214927, 0.0 ], [ 36.068920305526397, -0.176747841995484, 0.0 ], [ 36.068984415408778, -0.176704959130522, 0.0 ], [ 36.069048766844411, -0.176693230397951, 0.0 ], [ 36.06911448272357, -0.176694444653611, 0.0 ], [ 36.069200632419346, -0.176698235393493, 0.0 ], [ 36.069250929889762, -0.176704405418726, 0.0 ], [ 36.069310400785085, -0.176721514700666, 0.0 ], [ 36.069362304898831, -0.176735632077424, 0.0 ] ] ] } },
{ "type": "Feature", "properties": { "Name": null, "Type": "Murram", "Length_Km": 0.60298470114000002, "main__road": 0, "Type2": 0 }, "geometry": { "type": "MultiLineString", "coordinates": [ [ [ 35.979058499689799, -0.1856278346482, 0.0 ], [ 35.979553439192031, -0.184876547931887, 0.0 ], [ 35.980625771202192, -0.183465313107795, 0.0 ], [ 35.981079454060279, -0.182842705356048, 0.0 ], [ 35.98215136809597, -0.183963716156122, 0.0 ], [ 35.982481196818, -0.184254357671058, 0.0 ] ] ] } },
{ "type": "Feature", "properties": { "Name": null, "Type": null, "Length_Km": 0.20122446024000001, "main__road": 0, "Type2": 0 }, "geometry": { "type": "MultiLineString", "coordinates": [ [ [ 36.067241104406911, -0.199891187821176, 0.0 ], [ 36.067227927334777, -0.199862866705802, 0.0 ], [ 36.067195508407458, -0.199696642321403, 0.0 ], [ 36.06718051040756, -0.199625608321557, 0.0 ], [ 36.067172774907007, -0.19958885832189, 0.0 ], [ 36.067157834907078, -0.199515496322061, 0.0 ], [ 36.067146207907157, -0.199445726322263, 0.0 ], [ 36.067137608907174, -0.199385685322372, 0.0 ], [ 36.067130858907213, -0.199332562322515, 0.0 ], [ 36.067124971907262, -0.199284882322672, 0.0 ], [ 36.067116663907242, -0.199247762322739, 0.0 ], [ 36.067109292907297, -0.199215833322796, 0.0 ], [ 36.067102277907331, -0.199184401322915, 0.0 ], [ 36.067095089907305, -0.199154367322985, 0.0 ], [ 36.067086640907334, -0.199122453323073, 0.0 ], [ 36.067076675907387, -0.19908454632315, 0.0 ], [ 36.067063691907407, -0.199040456323255, 0.0 ], [ 36.06704732290747, -0.198993645323426, 0.0 ], [ 36.067029408907494, -0.19894725332355, 0.0 ], [ 36.06700598690751, -0.198902082323664, 0.0 ], [ 36.066977408907526, -0.198857062323736, 0.0 ], [ 36.066943877907555, -0.198814226323924, 0.0 ], [ 36.06690606090762, -0.198771681323991, 0.0 ], [ 36.066865223907634, -0.19873030332414, 0.0 ], [ 36.066823404907687, -0.198690611324272, 0.0 ], [ 36.066779337907668, -0.19866528232432, 0.0 ], [ 36.066736037907745, -0.19863367132446, 0.0 ], [ 36.066695644907767, -0.198601198324588, 0.0 ], [ 36.066654528907755, -0.198569811324702, 0.0 ], [ 36.066618507907798, -0.19854068632477, 0.0 ], [ 36.066582451907834, -0.198512021324872, 0.0 ], [ 36.066546137907864, -0.198482874324938, 0.0 ], [ 36.066514930907871, -0.198457252325077, 0.0 ], [ 36.066483198907861, -0.198438855325119, 0.0 ], [ 36.066451101907909, -0.198436241325137, 0.0 ], [ 36.066430173907882, -0.198446915325105, 0.0 ], [ 36.066410128907876, -0.198456849325145, 0.0 ], [ 36.066399093407838, -0.198458559325153, 0.0 ] ] ] } },
{ "type": "Feature", "properties": { "Name": "Eastern Bypass", "Type": "Murram", "Length_Km": 1.4935297247499999, "main__road": 0, "Type2": 2 }, "geometry": { "type": "MultiLineString", "coordinates": [ [ [ 36.090787571626876, -0.196161605988236, 0.0 ], [ 36.090847455403868, -0.19627533897108, 0.0 ], [ 36.090898784406967, -0.196345118307637, 0.0 ], [ 36.090989338787367, -0.196471356708056, 0.0 ], [ 36.091115023905253, -0.196663322312803, 0.0 ], [ 36.091277992905034, -0.19688069231217, 0.0 ], [ 36.0914172009049, -0.197081764311593, 0.0 ], [ 36.091543472904803, -0.197267097311095, 0.0 ], [ 36.091659920904604, -0.197476237310502, 0.0 ], [ 36.091825859904439, -0.197695266309844, 0.0 ], [ 36.092012346904255, -0.197961540309091, 0.0 ], [ 36.092195573904029, -0.19822315830836, 0.0 ], [ 36.092381945903909, -0.198407151307798, 0.0 ], [ 36.092605008903703, -0.198588811307164, 0.0 ], [ 36.092784147903629, -0.198696660306795, 0.0 ], [ 36.092989710903566, -0.198756059306533, 0.0 ], [ 36.093290763903468, -0.198791291306257, 0.0 ], [ 36.093571836903365, -0.198838328305951, 0.0 ], [ 36.093774814903313, -0.1989207463056, 0.0 ], [ 36.094073106903259, -0.198967332305287, 0.0 ], [ 36.094369962903144, -0.19903717430494, 0.0 ], [ 36.094417958903172, -0.199037096304874, 0.0 ], [ 36.094437157903108, -0.199037064304856, 0.0 ], [ 36.094581797903132, -0.199013422304847, 0.0 ], [ 36.094813212903077, -0.19898959830475, 0.0 ], [ 36.09500651790313, -0.198965798304691, 0.0 ], [ 36.09523807390304, -0.198953660304571, 0.0 ], [ 36.09547395790306, -0.198870712304576, 0.0 ], [ 36.095667065903065, -0.198870391304455, 0.0 ], [ 36.095848836902995, -0.198893724304282, 0.0 ], [ 36.095989058902951, -0.198952414304019, 0.0 ], [ 36.096142183902842, -0.199080953303639, 0.0 ], [ 36.096270854902741, -0.199254533303101, 0.0 ], [ 36.096397986902581, -0.199426034302613, 0.0 ], [ 36.096423153902407, -0.199662958302006, 0.0 ], [ 36.096402362902275, -0.199885034301489, 0.0 ], [ 36.096350931902144, -0.200038479301177, 0.0 ], [ 36.096298102902082, -0.200211790300814, 0.0 ], [ 36.096156209901885, -0.200467850300228, 0.0 ], [ 36.096011281901795, -0.200677687299853, 0.0 ], [ 36.095927355901686, -0.200822648299537, 0.0 ], [ 36.09583148290163, -0.201016902299134, 0.0 ], [ 36.095782865901512, -0.201188306298762, 0.0 ], [ 36.095706944901387, -0.201377339298323, 0.0 ], [ 36.095606486901318, -0.201554016298014, 0.0 ], [ 36.095465692901222, -0.201699544297776, 0.0 ], [ 36.095362848901146, -0.201814801297561, 0.0 ], [ 36.095247374901163, -0.201862633297526, 0.0 ], [ 36.09512466090117, -0.20189132729754, 0.0 ], [ 36.094977168901146, -0.201901035297594, 0.0 ], [ 36.094830936901197, -0.201882261297718, 0.0 ], [ 36.094649856901235, -0.201863512297908, 0.0 ], [ 36.094459850901274, -0.201844747298083, 0.0 ], [ 36.094330271901327, -0.201825867298254, 0.0 ], [ 36.094233554901251, -0.201902124298129, 0.0 ], [ 36.094077271901277, -0.201959147298097, 0.0 ], [ 36.093930390901242, -0.201997086298052, 0.0 ], [ 36.093818388901262, -0.202006662298166, 0.0 ], [ 36.093697861901298, -0.20201624529815, 0.0 ], [ 36.093586239901263, -0.20205396729817, 0.0 ], [ 36.093466699901242, -0.202119608298067, 0.0 ], [ 36.093338707787588, -0.202228007425673, 0.0 ], [ 36.093206112901107, -0.202351111297703, 0.0 ], [ 36.093165761624071, -0.202374504631836, 0.0 ], [ 36.093063985901082, -0.202433508297596, 0.0 ], [ 36.092900266901005, -0.202596551297323, 0.0 ], [ 36.09276335490096, -0.202748607297044, 0.0 ], [ 36.092660942900885, -0.202890024296768, 0.0 ], [ 36.092583651900796, -0.20301245029654, 0.0 ], [ 36.092516666900721, -0.203159473296246, 0.0 ], [ 36.092421541938393, -0.203321565677567, 0.0 ], [ 36.092422931999835, -0.203322189483502, 0.0 ] ] ] } },
{ "type": "Feature", "properties": { "Name": null, "Type": null, "Length_Km": 2.0659903425400001, "main__road": 0, "Type2": 11 }, "geometry": { "type": "MultiLineString", "coordinates": [ [ [ 36.010478787380478, -0.169175846159302, 0.0 ], [ 36.009667364562944, -0.172442838417512, 0.0 ], [ 36.009035498273981, -0.174993078169032, 0.0 ], [ 36.008424527653141, -0.177616789911378, 0.0 ], [ 36.008290977677447, -0.180564213569902, 0.0 ], [ 36.008573401696616, -0.187583224378645, 0.0 ] ] ] } },
{ "type": "Feature", "properties": { "Name": null, "Type": null, "Length_Km": 2.7827796831999998, "main__road": 0, "Type2": 0 }, "geometry": { "type": "MultiLineString", "coordinates": [ [ [ 36.009077532378321, -0.174817625636111, 0.0 ], [ 36.01986750740204, -0.170691566505834, 0.0 ], [ 36.020406251028696, -0.171247181235966, 0.0 ], [ 36.021866948312223, -0.170421947210593, 0.0 ], [ 36.023224467890287, -0.171975724070743, 0.0 ], [ 36.023715591210518, -0.172302976830719, 0.0 ], [ 36.024695660522028, -0.174362668179385, 0.0 ], [ 36.025844503099947, -0.17676308629297, 0.0 ], [ 36.026510116678558, -0.17730924225223, 0.0 ], [ 36.028732843028365, -0.17860306332066, 0.0 ] ] ] } },
{ "type": "Feature", "properties": { "Name": null, "Type": null, "Length_Km": 1.17220874163, "main__road": 0, "Type2": 0 }, "geometry": { "type": "MultiLineString", "coordinates": [ [ [ 36.026584828623434, -0.150308028824642, 0.0 ], [ 36.026292467569249, -0.151759267227362, 0.0 ], [ 36.025769863101694, -0.153289135605084, 0.0 ], [ 36.024951326067452, -0.154922204346565, 0.0 ], [ 36.026924128819644, -0.155975424351649, 0.0 ], [ 36.029908193849934, -0.157599621734847, 0.0 ] ] ] } },
{ "type": "Feature", "properties": { "Name": null, "Type": "Murram", "Length_Km": 0.15499571268000001, "main__road": 0, "Type2": 2 }, "geometry": { "type": "MultiLineString", "coordinates": [ [ [ 36.06449538337948, -0.209642961430948, 0.0 ], [ 36.064495182279323, -0.209638416600206, 0.0 ], [ 36.064490782471438, -0.209561918687947, 0.0 ], [ 36.06448628431783, -0.209488214495591, 0.0 ], [ 36.064482182281118, -0.20941761764282, 0.0 ], [ 36.064478081466419, -0.209350115406356, 0.0 ], [ 36.064474282551686, -0.209285617488469, 0.0 ], [ 36.064470581843914, -0.209223917844633, 0.0 ], [ 36.064466582614521, -0.209165214275647, 0.0 ], [ 36.064462181631413, -0.209109619704542, 0.0 ], [ 36.064457982124388, -0.209056518934512, 0.0 ], [ 36.064453783951137, -0.209005919156638, 0.0 ], [ 36.064450082511719, -0.20895791533437, 0.0 ], [ 36.064446483090336, -0.208911517117295, 0.0 ], [ 36.06444288176327, -0.208865712524231, 0.0 ], [ 36.064438981695439, -0.208819215766312, 0.0 ], [ 36.064434182336015, -0.208772718841766, 0.0 ], [ 36.064427682480016, -0.208724813890662, 0.0 ], [ 36.064418382199101, -0.208673315052277, 0.0 ], [ 36.064408083114344, -0.208621215177039, 0.0 ], [ 36.064395582765748, -0.2085675147298, 0.0 ], [ 36.064382582436018, -0.208514219879273, 0.0 ], [ 36.064370280978949, -0.20846241961027, 0.0 ], [ 36.064358581702109, -0.208410819135801, 0.0 ], [ 36.064347382290592, -0.208359421147386, 0.0 ], [ 36.064335281866327, -0.208307618208359, 0.0 ], [ 36.064321882491342, -0.208257313094631, 0.0 ] ] ] } },
{ "type": "Feature", "properties": { "Name": "Powerplant road", "Type": "Murram", "Length_Km": 0.70296054171, "main__road": 0, "Type2": 2 }, "geometry": { "type": "MultiLineString", "coordinates": [ [ [ 36.063831351327167, -0.214292187172491, 0.0 ], [ 36.063796945490637, -0.214275135388452, 0.0 ], [ 36.063751441809892, -0.21422641704186, 0.0 ], [ 36.063727339129059, -0.214162086952064, 0.0 ], [ 36.063725057757523, -0.214085397025467, 0.0 ], [ 36.063742904007825, -0.214001721171944, 0.0 ], [ 36.063775844176945, -0.213914002151264, 0.0 ], [ 36.063819323483706, -0.213827000731967, 0.0 ], [ 36.063867911880514, -0.213741817290203, 0.0 ], [ 36.063917997189719, -0.213657187090014, 0.0 ], [ 36.063966308898507, -0.213573337200908, 0.0 ], [ 36.064008120684719, -0.213490881130681, 0.0 ], [ 36.064043018849752, -0.213409569426216, 0.0 ], [ 36.064067454422698, -0.213321293977441, 0.0 ], [ 36.064077529223077, -0.213223176281207, 0.0 ], [ 36.064072116528472, -0.213121957417525, 0.0 ], [ 36.064057355894015, -0.213018738158986, 0.0 ], [ 36.064042831844716, -0.212912559864151, 0.0 ], [ 36.064030271739696, -0.212805120606229, 0.0 ], [ 36.064022517805668, -0.212697161823005, 0.0 ], [ 36.064021210409329, -0.21259004003242, 0.0 ], [ 36.064025619306648, -0.212482058252042, 0.0 ], [ 36.06403485722474, -0.212371341473115, 0.0 ], [ 36.06404771730535, -0.212261241588696, 0.0 ], [ 36.0640726306031, -0.212151815304903, 0.0 ], [ 36.064108468517851, -0.212045480270554, 0.0 ], [ 36.064152134734677, -0.211942020857024, 0.0 ], [ 36.064198081951304, -0.211840838778785, 0.0 ], [ 36.064240016385334, -0.211740063431359, 0.0 ], [ 36.064261008136512, -0.211676355168048, 0.0 ], [ 36.064275367999592, -0.211632774140326, 0.0 ], [ 36.064302128386338, -0.211522791588127, 0.0 ], [ 36.064326841290956, -0.211409513445017, 0.0 ], [ 36.064358253991415, -0.211296192282844, 0.0 ], [ 36.064395373167777, -0.211186555907958, 0.0 ], [ 36.064438415446212, -0.211083676386744, 0.0 ], [ 36.064490475607961, -0.210991232599945, 0.0 ], [ 36.064550843254082, -0.210902143390303, 0.0 ], [ 36.06461094429185, -0.210818163625389, 0.0 ], [ 36.06465916967359, -0.210734170782608, 0.0 ], [ 36.064689801808385, -0.210648262750432, 0.0 ], [ 36.064700170969878, -0.210558690687658, 0.0 ], [ 36.064691892889307, -0.210469007611339, 0.0 ], [ 36.064665422615398, -0.210383977061143, 0.0 ], [ 36.064636044323436, -0.210294780662969, 0.0 ], [ 36.064612006672036, -0.210226919595767, 0.0 ], [ 36.064602713463778, -0.210200685453576, 0.0 ], [ 36.064564550943018, -0.210104105522247, 0.0 ], [ 36.064527231412391, -0.210006174966453, 0.0 ], [ 36.064497586257225, -0.209908768094661, 0.0 ], [ 36.064484365445459, -0.209810304443861, 0.0 ], [ 36.06448556282448, -0.209707267971452, 0.0 ], [ 36.064488909811374, -0.209642622300808, 0.0 ] ], [ [ 36.06449538337948, -0.209642961430948, 0.0 ], [ 36.064495182279316, -0.209638416600219, 0.0 ], [ 36.064490782471438, -0.209561918687947, 0.0 ], [ 36.064486284317837, -0.20948821449561, 0.0 ], [ 36.064482182281118, -0.20941761764282, 0.0 ], [ 36.064478081466419, -0.209350115406356, 0.0 ], [ 36.064474282551679, -0.209285617488469, 0.0 ], [ 36.064470581843899, -0.209223917844633, 0.0 ], [ 36.064466582614521, -0.209165214275647, 0.0 ], [ 36.064462181631406, -0.209109619704542, 0.0 ], [ 36.064457982124367, -0.209056518934525, 0.0 ], [ 36.064453783951137, -0.209005919156657, 0.0 ], [ 36.064450082511719, -0.208957915334389, 0.0 ], [ 36.064446483090336, -0.208911517117295, 0.0 ], [ 36.064442881763256, -0.208865712524231, 0.0 ], [ 36.064438981695432, -0.208819215766331, 0.0 ], [ 36.064434182336001, -0.208772718841766, 0.0 ], [ 36.064427682480016, -0.208724813890662, 0.0 ], [ 36.064418382199086, -0.208673315052277, 0.0 ], [ 36.064408083114344, -0.208621215177051, 0.0 ], [ 36.064395582765734, -0.2085675147298, 0.0 ], [ 36.064382582436018, -0.208514219879273, 0.0 ], [ 36.064370280978942, -0.20846241961027, 0.0 ], [ 36.064358581702102, -0.208410819135801, 0.0 ], [ 36.064347382290592, -0.208359421147386, 0.0 ], [ 36.064335281866327, -0.208307618208359, 0.0 ], [ 36.064321882491342, -0.208257313094651, 0.0 ] ] ] } },
{ "type": "Feature", "properties": { "Name": "Camp road", "Type": "Murram", "Length_Km": 0.7916514361, "main__road": 0, "Type2": 2 }, "geometry": { "type": "MultiLineString", "coordinates": [ [ [ 36.083376332105352, -0.201006346240807, 0.0 ], [ 36.083433081754663, -0.200862176395286, 0.0 ], [ 36.083520591998024, -0.200711386234727, 0.0 ], [ 36.083573561898341, -0.20063569596109, 0.0 ], [ 36.083629722047931, -0.200562266031123, 0.0 ], [ 36.083738102147194, -0.200426396270386, 0.0 ], [ 36.083830632071987, -0.200311906263821, 0.0 ], [ 36.083898191552983, -0.200232945859273, 0.0 ], [ 36.083987792226452, -0.200137726285487, 0.0 ], [ 36.084064322138808, -0.200070086255648, 0.0 ], [ 36.084164482001121, -0.199995566215782, 0.0 ], [ 36.08428585177672, -0.199916196016404, 0.0 ], [ 36.084416685048602, -0.199846331045298, 0.0 ], [ 36.084443771737938, -0.199831866316722, 0.0 ], [ 36.084537141723914, -0.199784426341873, 0.0 ], [ 36.084630271867908, -0.199733045918253, 0.0 ], [ 36.084722722272282, -0.199678396307902, 0.0 ], [ 36.08481752156009, -0.199618046580194, 0.0 ], [ 36.084917351477458, -0.19955208665747, 0.0 ], [ 36.085023291615535, -0.199481176321808, 0.0 ], [ 36.085137292295691, -0.199405146045601, 0.0 ], [ 36.085258741947747, -0.199326106420672, 0.0 ], [ 36.08538514177247, -0.199244806051487, 0.0 ], [ 36.085515231812337, -0.199160396276994, 0.0 ], [ 36.085647241796018, -0.199075066096963, 0.0 ], [ 36.085779261746723, -0.198989236231707, 0.0 ], [ 36.085912862080505, -0.198899046066976, 0.0 ], [ 36.086048481882308, -0.198803326477693, 0.0 ], [ 36.086186032211359, -0.198702576208089, 0.0 ], [ 36.086324752033704, -0.198596466228341, 0.0 ], [ 36.086464732186961, -0.198483896021654, 0.0 ], [ 36.086604042148544, -0.198364706221662, 0.0 ], [ 36.086742341760718, -0.198238885923966, 0.0 ], [ 36.086882402043692, -0.198109306206802, 0.0 ], [ 36.087027322069126, -0.197981396171921, 0.0 ], [ 36.087176441573646, -0.197858606382739, 0.0 ], [ 36.087238451832036, -0.197810400750403, 0.0 ], [ 36.087325892025049, -0.197742426128959, 0.0 ], [ 36.087475841765887, -0.197635136018008, 0.0 ], [ 36.087630741622021, -0.197536406126987, 0.0 ], [ 36.087790751660933, -0.197444456479894, 0.0 ], [ 36.087953692301241, -0.197356526334005, 0.0 ], [ 36.088115461950864, -0.197272376438047, 0.0 ], [ 36.088275642170203, -0.19719316598448, 0.0 ], [ 36.088436071676696, -0.197120575911042, 0.0 ], [ 36.088594321928575, -0.197053856750001, 0.0 ], [ 36.088748292091921, -0.196991576001531, 0.0 ], [ 36.088899252289664, -0.196932906230319, 0.0 ], [ 36.089047031966359, -0.196878006434884, 0.0 ] ] ] } },
{ "type": "Feature", "properties": { "Name": "Mvuke road", "Type": "Murram", "Length_Km": 0.30165690826000002, "main__road": 0, "Type2": 1 }, "geometry": { "type": "MultiLineString", "coordinates": [ [ [ 36.083430734792223, -0.199859662459789, 0.0 ], [ 36.083431818033965, -0.199624276302984, 0.0 ], [ 36.083475270228369, -0.199349677088128, 0.0 ], [ 36.08351085660918, -0.199188720830848, 0.0 ], [ 36.083549070327244, -0.199041277658699, 0.0 ], [ 36.083603069831973, -0.198844879136101, 0.0 ], [ 36.083677120357237, -0.198675629554371, 0.0 ], [ 36.083726618574971, -0.198594630189912, 0.0 ], [ 36.08381618104309, -0.198465105292058, 0.0 ], [ 36.08395746978649, -0.198277881293289, 0.0 ], [ 36.084078320455312, -0.198121631093891, 0.0 ], [ 36.084213269270869, -0.19796498214602, 0.0 ], [ 36.084366719020522, -0.197815481691298, 0.0 ], [ 36.084525720903578, -0.197680831164169, 0.0 ], [ 36.08460881204384, -0.197609995301983, 0.0 ], [ 36.084639819450281, -0.197572231258648, 0.0 ], [ 36.084655389071067, -0.197546666442091, 0.0 ] ] ] } },
{ "type": "Feature", "properties": { "Name": "Mvuke road", "Type": "Murram", "Length_Km": 0.69174910998000005, "main__road": 0, "Type2": 1 }, "geometry": { "type": "MultiLineString", "coordinates": [ [ [ 36.105286884237515, -0.181170911539193, 0.0 ], [ 36.105324429319985, -0.181069107689698, 0.0 ], [ 36.105377239229547, -0.180963417283708, 0.0 ], [ 36.105458619594714, -0.180866607163925, 0.0 ], [ 36.105585689455509, -0.180786897104875, 0.0 ], [ 36.105745369730144, -0.18073224729912, 0.0 ], [ 36.105865399471242, -0.180709697792568, 0.0 ], [ 36.105955759958739, -0.180702656999535, 0.0 ], [ 36.10605054919418, -0.180704917362091, 0.0 ], [ 36.106171919575083, -0.180695777052406, 0.0 ], [ 36.10633184976831, -0.180667787110394, 0.0 ], [ 36.106481219881381, -0.180632747633117, 0.0 ], [ 36.106602749212122, -0.180600307839661, 0.0 ], [ 36.106733929373604, -0.180575497514334, 0.0 ], [ 36.106875419998033, -0.180541387443478, 0.0 ], [ 36.106995449570803, -0.180468797175653, 0.0 ], [ 36.107077169685027, -0.180363527687281, 0.0 ], [ 36.107131819351977, -0.180218597046825, 0.0 ], [ 36.107187899404174, -0.180052217625904, 0.0 ], [ 36.107230219469933, -0.179966557532125, 0.0 ], [ 36.107285129399351, -0.179879297379228, 0.0 ], [ 36.107352929590057, -0.17979799739899, 0.0 ], [ 36.107433069408096, -0.179725577848322, 0.0 ], [ 36.107522669588718, -0.17966203737054, 0.0 ], [ 36.10761612925873, -0.17960353761473, 0.0 ], [ 36.107713439578028, -0.179549217475644, 0.0 ], [ 36.107813859251948, -0.17949867745834, 0.0 ], [ 36.107914189596812, -0.179451237574885, 0.0 ], [ 36.108011919654103, -0.179404797529433, 0.0 ], [ 36.108108399562674, -0.179357697671319, 0.0 ], [ 36.108206039733474, -0.179306397276586, 0.0 ], [ 36.108306959176517, -0.179251247262337, 0.0 ], [ 36.108413749399695, -0.179195837024748, 0.0 ], [ 36.108527569452065, -0.179143787361529, 0.0 ], [ 36.108649199759952, -0.179097857907074, 0.0 ], [ 36.108780289334291, -0.179056447788628, 0.0 ], [ 36.108916329290054, -0.17901763711117, 0.0 ], [ 36.109053369680936, -0.178980927388128, 0.0 ], [ 36.109185549656395, -0.178946227346224, 0.0 ], [ 36.109311199538936, -0.178915297790778, 0.0 ], [ 36.109430889663614, -0.178891327524687, 0.0 ], [ 36.109545889775518, -0.178875987457224, 0.0 ], [ 36.109649239789995, -0.178867607602408, 0.0 ], [ 36.109745299187267, -0.178865007672664, 0.0 ], [ 36.10992734931132, -0.178861147140973, 0.0 ], [ 36.110019389362094, -0.178848407573922, 0.0 ], [ 36.110109489491769, -0.178820577106526, 0.0 ], [ 36.110191550025789, -0.178772217072048, 0.0 ], [ 36.110255419450873, -0.178700387458222, 0.0 ], [ 36.110300099675392, -0.178611117661454, 0.0 ], [ 36.110325159826431, -0.178504747361194, 0.0 ], [ 36.110344689764851, -0.178390087705356, 0.0 ] ] ] } },
{ "type": "Feature", "properties": { "Name": null, "Type": "Murram", "Length_Km": 0.98463318145000001, "main__road": 0, "Type2": 0 }, "geometry": { "type": "MultiLineString", "coordinates": [ [ [ 36.035844136662128, -0.160708177303589, 0.0 ], [ 36.029908193850027, -0.157599621734847, 0.0 ], [ 36.03043964944937, -0.15669370391712, 0.0 ], [ 36.031065855941698, -0.15578244745194, 0.0 ] ] ] } },
{ "type": "Feature", "properties": { "Name": "Mvuke road", "Type": "Murram", "Length_Km": 0.18206279174000001, "main__road": 0, "Type2": 1 }, "geometry": { "type": "MultiLineString", "coordinates": [ [ [ 36.060229430753921, -0.212952327014269, 0.0 ], [ 36.060283770346658, -0.21299512688653, 0.0 ], [ 36.060339848104597, -0.213039408888498, 0.0 ], [ 36.060397156083738, -0.213084979567901, 0.0 ], [ 36.060454166955978, -0.213130756201143, 0.0 ], [ 36.060508753752799, -0.213176273064225, 0.0 ], [ 36.060561920808404, -0.213221310788772, 0.0 ], [ 36.060614686685007, -0.213266354765956, 0.0 ], [ 36.060668166855066, -0.213311991601503, 0.0 ], [ 36.060722151418375, -0.213357619501772, 0.0 ], [ 36.06077634235001, -0.213403545611881, 0.0 ], [ 36.060831653224035, -0.213450158625393, 0.0 ], [ 36.060888103577525, -0.213498566279536, 0.0 ], [ 36.060946075073218, -0.213547550682771, 0.0 ], [ 36.0610023982684, -0.21359444941952, 0.0 ], [ 36.06105504587336, -0.213638487774312, 0.0 ], [ 36.061102638077848, -0.213681605372609, 0.0 ], [ 36.061147887225566, -0.213723151281604, 0.0 ], [ 36.061193307219717, -0.213762981413926, 0.0 ], [ 36.061238622264639, -0.213802509748788, 0.0 ], [ 36.061285042164769, -0.213841818738233, 0.0 ], [ 36.06133556569921, -0.213879544615982, 0.0 ], [ 36.061387978747092, -0.213915726715897, 0.0 ], [ 36.061441546582046, -0.213948664445189, 0.0 ], [ 36.061488832516169, -0.213997788712681, 0.0 ] ] ] } },
{ "type": "Feature", "properties": { "Name": null, "Type": "Murram", "Length_Km": 1.10765408664, "main__road": 0, "Type2": 0 }, "geometry": { "type": "MultiLineString", "coordinates": [ [ [ 36.062874018496103, -0.214129930075663, 0.0 ], [ 36.062875838412829, -0.214111909395176, 0.0 ], [ 36.062876553068556, -0.214101031860365, 0.0 ], [ 36.062877484529963, -0.214092216236194, 0.0 ], [ 36.062879085231508, -0.21408971645688, 0.0 ], [ 36.062886884608467, -0.214084116019515, 0.0 ], [ 36.062898684622937, -0.214075816578538, 0.0 ], [ 36.062910684576948, -0.21406381629155, 0.0 ], [ 36.06292068488186, -0.214047216624353, 0.0 ], [ 36.062926684539967, -0.214023816181645, 0.0 ], [ 36.062926484070374, -0.213996916065587, 0.0 ], [ 36.06292048464789, -0.213971316840594, 0.0 ], [ 36.062906184788574, -0.213947917049001, 0.0 ], [ 36.062884284467337, -0.213922316603702, 0.0 ], [ 36.062858384490092, -0.213889416633346, 0.0 ], [ 36.06283108405507, -0.213848915852546, 0.0 ], [ 36.062803684264274, -0.213802215894009, 0.0 ], [ 36.062774984308128, -0.213749115944758, 0.0 ], [ 36.062744284309694, -0.213688715950451, 0.0 ], [ 36.062713083792254, -0.213622016411518, 0.0 ], [ 36.062682184889077, -0.213550216473232, 0.0 ], [ 36.062652084529411, -0.21347481610003, 0.0 ], [ 36.062623184583295, -0.213396915875103, 0.0 ], [ 36.062593884875213, -0.21331621642414, 0.0 ], [ 36.062569084690892, -0.213233416207163, 0.0 ], [ 36.06254848462099, -0.213151416420054, 0.0 ], [ 36.06253148478428, -0.213072116180369, 0.0 ], [ 36.062518684856158, -0.212994716875293, 0.0 ], [ 36.062510184832718, -0.212922016773155, 0.0 ], [ 36.062506083812941, -0.212856815949293, 0.0 ], [ 36.062505584599243, -0.212800315954381, 0.0 ], [ 36.062506984068165, -0.212750816010899, 0.0 ], [ 36.062508583807535, -0.212705415447178, 0.0 ], [ 36.062510483962477, -0.212661315128176, 0.0 ], [ 36.06251348448005, -0.212617014432374, 0.0 ], [ 36.062518584288952, -0.212572414159683, 0.0 ], [ 36.062523384090596, -0.212529114017855, 0.0 ], [ 36.06252848440311, -0.212491414047482, 0.0 ], [ 36.062534383429302, -0.21245881378399, 0.0 ], [ 36.062544283648329, -0.212425313451564, 0.0 ], [ 36.062557983590374, -0.21238841383162, 0.0 ], [ 36.062575941669074, -0.212349215516949, 0.0 ], [ 36.062576583638446, -0.212347813350672, 0.0 ], [ 36.062589434243598, -0.212326991085297, 0.0 ] ], [ [ 36.058294284916123, -0.208665659120129, 0.0 ], [ 36.058294484955368, -0.208666209408518, 0.0 ], [ 36.05829488507068, -0.208667109401196, 0.0 ], [ 36.058296085471603, -0.208669509406425, 0.0 ], [ 36.058298403391319, -0.208676015270612, 0.0 ], [ 36.058299184702314, -0.208678209192501, 0.0 ], [ 36.058303584557272, -0.208695809014496, 0.0 ], [ 36.058307885245711, -0.208720708456241, 0.0 ], [ 36.058308701860895, -0.208735924093436, 0.0 ], [ 36.058309485384697, -0.208750508155358, 0.0 ], [ 36.058311285516112, -0.208781108421448, 0.0 ], [ 36.058318684720824, -0.208808808487237, 0.0 ], [ 36.058330984350391, -0.208830908468199, 0.0 ], [ 36.058345185306358, -0.208845709165269, 0.0 ], [ 36.058362285322609, -0.208854708820667, 0.0 ], [ 36.058382085594786, -0.208860408375042, 0.0 ], [ 36.058406585163567, -0.20886100836369, 0.0 ], [ 36.058435184760796, -0.208860008055977, 0.0 ], [ 36.058464585250341, -0.208857208060505, 0.0 ], [ 36.058493685173289, -0.208853908355383, 0.0 ], [ 36.058525785222393, -0.208851608515466, 0.0 ], [ 36.058562784762366, -0.208848808126776, 0.0 ], [ 36.058597884317024, -0.208846008287679, 0.0 ], [ 36.058637184328482, -0.208842107823831, 0.0 ], [ 36.058679084700593, -0.208836408006473, 0.0 ], [ 36.058721883847426, -0.208828608545841, 0.0 ], [ 36.058764484577182, -0.208821208409003, 0.0 ], [ 36.058804584588579, -0.208815508254848, 0.0 ], [ 36.058843784179992, -0.208811108116356, 0.0 ], [ 36.058886983886794, -0.208806708721773, 0.0 ], [ 36.058932183862709, -0.20880360807569, 0.0 ], [ 36.05897588437044, -0.208804108632433, 0.0 ], [ 36.05902068468918, -0.208807408538855, 0.0 ], [ 36.059067284806353, -0.208813808802016, 0.0 ], [ 36.059113583825606, -0.208822608793289, 0.0 ], [ 36.05915578461147, -0.208833008179634, 0.0 ], [ 36.059196084495433, -0.208843508408622, 0.0 ], [ 36.059232983733907, -0.208854308881986, 0.0 ], [ 36.059267384359806, -0.208865108890933, 0.0 ], [ 36.059301084138355, -0.208875409116197, 0.0 ], [ 36.059331684040316, -0.208885408792069, 0.0 ], [ 36.059365283797703, -0.208893008338942, 0.0 ], [ 36.059384134334003, -0.208894958058101, 0.0 ], [ 36.059402983972973, -0.208896908680657, 0.0 ], [ 36.059444784091703, -0.208894808517454, 0.0 ], [ 36.059492384440155, -0.208889208241753, 0.0 ], [ 36.059543283528299, -0.208881108502475, 0.0 ], [ 36.059568484203233, -0.208876057922924, 0.0 ], [ 36.059576696546621, -0.208874412309775, 0.0 ], [ 36.059593683981056, -0.208871008246493, 0.0 ], [ 36.059644482885261, -0.208861107744453, 0.0 ], [ 36.059688659645367, -0.208853702472276, 0.0 ], [ 36.059695784147671, -0.208852508423058, 0.0 ], [ 36.059834585106344, -0.208801512608403, 0.0 ], [ 36.059874285443705, -0.208792713250525, 0.0 ], [ 36.059905985361439, -0.208789813382377, 0.0 ], [ 36.05996298436088, -0.208798313586807, 0.0 ], [ 36.060108882885153, -0.208829509026921, 0.0 ] ], [ [ 36.050329786278105, -0.206271590553893, 0.0 ], [ 36.050339886396785, -0.206277390341119, 0.0 ], [ 36.05036068658373, -0.206296491098368, 0.0 ], [ 36.050381086299431, -0.206321591194477, 0.0 ], [ 36.050401886668588, -0.206354490601172, 0.0 ], [ 36.050419786437374, -0.20639689095288, 0.0 ], [ 36.050430087019322, -0.206445291123451, 0.0 ], [ 36.050429986998509, -0.206496791180427, 0.0 ], [ 36.050422686453878, -0.206553290924472, 0.0 ], [ 36.050408786976405, -0.20661819133706, 0.0 ], [ 36.050388286806403, -0.206691291833594, 0.0 ], [ 36.050363286782783, -0.206768591084287, 0.0 ], [ 36.050333987280297, -0.206848791661804, 0.0 ], [ 36.050300986956792, -0.206931691285844, 0.0 ], [ 36.050265686928959, -0.207016491497709, 0.0 ], [ 36.050229487361598, -0.20710269200257, 0.0 ], [ 36.05019298709508, -0.207189092125156, 0.0 ], [ 36.050157087841981, -0.207272192677355, 0.0 ], [ 36.050122787970082, -0.207349992535201, 0.0 ], [ 36.050090987363099, -0.207424092913822, 0.0 ], [ 36.050060088391973, -0.20749509345887, 0.0 ], [ 36.050028688163216, -0.207563694142831, 0.0 ], [ 36.049998287763636, -0.207632094425689, 0.0 ], [ 36.049970288036008, -0.207700993896486, 0.0 ], [ 36.049944288738949, -0.207770194609196, 0.0 ], [ 36.049921088504234, -0.207840394234329, 0.0 ], [ 36.049902588383411, -0.207910594729903, 0.0 ], [ 36.049890588727358, -0.207980794624446, 0.0 ], [ 36.04988558877308, -0.208054595464734, 0.0 ], [ 36.049884389048707, -0.208131694879363, 0.0 ], [ 36.049887588706781, -0.208209195374359, 0.0 ], [ 36.049894788698353, -0.20828529524651, 0.0 ], [ 36.049904989264363, -0.208359795534789, 0.0 ], [ 36.049917188630602, -0.208433695352336, 0.0 ], [ 36.049930888546825, -0.208507796033805, 0.0 ], [ 36.04994548854215, -0.208582395631032, 0.0 ], [ 36.049959689024035, -0.208657695387992, 0.0 ], [ 36.04997458851151, -0.208733695509626, 0.0 ], [ 36.049990789289502, -0.208809994943104, 0.0 ], [ 36.05000748897109, -0.208886795025135, 0.0 ], [ 36.050024489157252, -0.208964394785749, 0.0 ], [ 36.050042088820348, -0.209042194339904, 0.0 ], [ 36.050060289023669, -0.2091192946799, 0.0 ], [ 36.050078088508457, -0.209193894892023, 0.0 ], [ 36.050094789088789, -0.209265693971363, 0.0 ], [ 36.050099912765596, -0.209290303354959, 0.0 ], [ 36.050109488498663, -0.209336294603371, 0.0 ], [ 36.050123888599479, -0.209409294041919, 0.0 ], [ 36.050137888215033, -0.209483393901688, 0.0 ], [ 36.050150388630492, -0.209554793747653, 0.0 ], [ 36.050162488532123, -0.209622593873663, 0.0 ], [ 36.050176288309046, -0.209685293013506, 0.0 ], [ 36.050190588248498, -0.209741693770659, 0.0 ], [ 36.05020328842614, -0.209790792837631, 0.0 ], [ 36.050212788500133, -0.209833292856883, 0.0 ], [ 36.050218288387896, -0.209871493150828, 0.0 ], [ 36.050219788478621, -0.209903293021672, 0.0 ], [ 36.050211144448312, -0.209958606150529, 0.0 ], [ 36.05015927151787, -0.210061395957731, 0.0 ] ], [ [ 36.062462379647272, -0.207128153293561, 0.0 ], [ 36.062470710989501, -0.207123692266143, 0.0 ], [ 36.062490083469726, -0.207113318728534, 0.0 ], [ 36.06251061459421, -0.207103052924817, 0.0 ], [ 36.062532283843531, -0.207092219006454, 0.0 ], [ 36.06254763385077, -0.207086282894382, 0.0 ], [ 36.062583484043664, -0.207072419322177, 0.0 ], [ 36.062641083760752, -0.20705541996929, 0.0 ], [ 36.062700183246385, -0.207038120013303, 0.0 ], [ 36.062759583947113, -0.207022720246955, 0.0 ], [ 36.062811483898692, -0.207009521014432, 0.0 ], [ 36.062856484021069, -0.207000721633919, 0.0 ], [ 36.062892783985077, -0.207001021969428, 0.0 ], [ 36.062920591184792, -0.207010015468865, 0.0 ], [ 36.062923083377541, -0.207010821882179, 0.0 ], [ 36.062949084026997, -0.207029122375323, 0.0 ], [ 36.062973984647499, -0.207050722380747, 0.0 ], [ 36.062997184622127, -0.207081623075469, 0.0 ], [ 36.063014984420889, -0.207117222971675, 0.0 ], [ 36.063031384389909, -0.207156322910329, 0.0 ], [ 36.063048083920705, -0.207196522508978, 0.0 ], [ 36.063066984140924, -0.207236522833073, 0.0 ], [ 36.063088084244292, -0.207275823323621, 0.0 ], [ 36.063109484291864, -0.207314122752773, 0.0 ], [ 36.063131484392173, -0.207349522846021, 0.0 ], [ 36.06315328409044, -0.207381423507488, 0.0 ], [ 36.063176384420643, -0.207412423584449, 0.0 ], [ 36.063204085199175, -0.207448923434134, 0.0 ], [ 36.063233184641739, -0.207488323895646, 0.0 ], [ 36.063258584432432, -0.207528723890848, 0.0 ], [ 36.063281184848222, -0.207569623930026, 0.0 ], [ 36.063301784658407, -0.207611023256979, 0.0 ], [ 36.063320284901195, -0.207654223849238, 0.0 ], [ 36.063337138153301, -0.207697908434107, 0.0 ], [ 36.063337684469019, -0.207699323473177, 0.0 ], [ 36.063357284635551, -0.20774472347941, 0.0 ], [ 36.063379484876926, -0.207789923382784, 0.0 ], [ 36.063403484829294, -0.207833824335182, 0.0 ], [ 36.063428084616987, -0.207876024041069, 0.0 ], [ 36.063454484940777, -0.207917324159415, 0.0 ], [ 36.063481084635306, -0.207957924075715, 0.0 ], [ 36.063505584156673, -0.20799872419038, 0.0 ], [ 36.0635275841382, -0.208039624136738, 0.0 ], [ 36.063549084637316, -0.208083123467179, 0.0 ], [ 36.063571484444729, -0.208131423456116, 0.0 ], [ 36.063590284657678, -0.208178324105465, 0.0 ], [ 36.063604784881953, -0.208220823736116, 0.0 ], [ 36.063617384687689, -0.208260723540609, 0.0 ], [ 36.063628384424831, -0.208299723126903, 0.0 ], [ 36.063637684197133, -0.208339323250773, 0.0 ], [ 36.063644284525438, -0.208377722978113, 0.0 ], [ 36.063651384590855, -0.208412123744934, 0.0 ], [ 36.063656342632882, -0.208430190881372, 0.0 ] ] ] } },
{ "type": "Feature", "properties": { "Name": "Mvuke road", "Type": "Murram", "Length_Km": 0.35467730103, "main__road": 0, "Type2": 1 }, "geometry": { "type": "MultiLineString", "coordinates": [ [ [ 36.110344689764851, -0.178390087705356, 0.0 ], [ 36.110363799652312, -0.178269557456403, 0.0 ], [ 36.110381649781772, -0.178146507841472, 0.0 ], [ 36.110398079721719, -0.178025307618851, 0.0 ], [ 36.110415259625121, -0.177906447767334, 0.0 ], [ 36.110433279512542, -0.177788187112559, 0.0 ], [ 36.110448959361314, -0.177671007669592, 0.0 ], [ 36.110460529523564, -0.177558937300323, 0.0 ], [ 36.110467229894759, -0.17745717776734, 0.0 ], [ 36.110467150025372, -0.177310327906405, 0.0 ], [ 36.110448959225629, -0.177219977569311, 0.0 ], [ 36.110464049904834, -0.177146127138542, 0.0 ], [ 36.110480639736544, -0.177041017773718, 0.0 ], [ 36.110489949780785, -0.17693532718589, 0.0 ], [ 36.110501349839339, -0.176802307400675, 0.0 ], [ 36.110509559325962, -0.176680007129977, 0.0 ], [ 36.110513829456316, -0.176552357088114, 0.0 ], [ 36.110517189561421, -0.176418247249883, 0.0 ], [ 36.110523639745004, -0.176284807435374, 0.0 ], [ 36.110533449789365, -0.176160417436425, 0.0 ], [ 36.11054425987686, -0.17602873754859, 0.0 ], [ 36.110553649933522, -0.175891947725244, 0.0 ], [ 36.11056177934136, -0.175746607178873, 0.0 ], [ 36.110571169312969, -0.175586427416489, 0.0 ], [ 36.110580969895011, -0.175405377849446, 0.0 ], [ 36.110585159263863, -0.175306387364492, 0.0 ], [ 36.110590360039964, -0.175202117446513, 0.0 ] ] ] } },
{ "type": "Feature", "properties": { "Name": null, "Type": "Murram", "Length_Km": 0.05202968097, "main__road": 0, "Type2": 0 }, "geometry": { "type": "MultiLineString", "coordinates": [ [ [ 36.049952632156185, -0.219723699964802, 0.0 ], [ 36.049951133944006, -0.219748449041762, 0.0 ], [ 36.049949500679233, -0.2197754126332, 0.0 ], [ 36.049944822964221, -0.219803329748961, 0.0 ], [ 36.049938603807043, -0.219838254305346, 0.0 ], [ 36.049929333597177, -0.219880404658381, 0.0 ], [ 36.04991432036563, -0.219936541359292, 0.0 ], [ 36.049888350222034, -0.220022621447616, 0.0 ], [ 36.04985292435893, -0.220158619451397, 0.0 ], [ 36.049851457969503, -0.220181204588328, 0.0 ] ] ] } },
{ "type": "Feature", "properties": { "Name": null, "Type": "Murram", "Length_Km": 0.09192359405, "main__road": 0, "Type2": 0 }, "geometry": { "type": "MultiLineString", "coordinates": [ [ [ 36.050006022913472, -0.223539221257703, 0.0 ], [ 36.049966552842385, -0.223537324092533, 0.0 ], [ 36.04990037404059, -0.223547107784643, 0.0 ], [ 36.049828371063199, -0.22356350230961, 0.0 ], [ 36.049775067627543, -0.223572999445621, 0.0 ], [ 36.049721493898552, -0.223587820097776, 0.0 ], [ 36.049645686774006, -0.223602818812505, 0.0 ], [ 36.049568981383722, -0.223617258062795, 0.0 ], [ 36.049517079960829, -0.223626088672112, 0.0 ], [ 36.049449414346036, -0.223643486061567, 0.0 ], [ 36.049378520167402, -0.223685225574641, 0.0 ], [ 36.049337230064317, -0.223733099618739, 0.0 ], [ 36.049301424511036, -0.223776280945166, 0.0 ], [ 36.04925867905358, -0.223813224749483, 0.0 ] ] ] } },
{ "type": "Feature", "properties": { "Name": "Ring road", "Type": "Murram", "Length_Km": 0.13722744436000001, "main__road": 0, "Type2": 2 }, "geometry": { "type": "MultiLineString", "coordinates": [ [ [ 36.049952632156185, -0.219723699964802, 0.0 ], [ 36.04997550447078, -0.219719364826607, 0.0 ], [ 36.049988441273342, -0.219721555707905, 0.0 ], [ 36.0500038269996, -0.219725342696676, 0.0 ], [ 36.05002219299071, -0.219735195638535, 0.0 ], [ 36.05003723188419, -0.219745696658183, 0.0 ], [ 36.050067602475096, -0.21977017190834, 0.0 ], [ 36.050095774159367, -0.219795017173027, 0.0 ], [ 36.050133054979113, -0.219830793276463, 0.0 ], [ 36.050163440810955, -0.219859984034556, 0.0 ], [ 36.050187859797354, -0.219886471175278, 0.0 ], [ 36.050223701121553, -0.219931145826599, 0.0 ], [ 36.050243467551752, -0.219971501175584, 0.0 ], [ 36.050258858128586, -0.220015040593338, 0.0 ], [ 36.050274247777978, -0.220063348821272, 0.0 ], [ 36.050288799077592, -0.220126022945858, 0.0 ], [ 36.050297230800986, -0.220163695307658, 0.0 ], [ 36.050308075008139, -0.220219594971574, 0.0 ], [ 36.050316969039471, -0.220265953923132, 0.0 ], [ 36.050325742979773, -0.220297570020652, 0.0 ], [ 36.050335867097239, -0.220327324217946, 0.0 ], [ 36.050363458401726, -0.22039218203111, 0.0 ], [ 36.050380376558842, -0.220426101016871, 0.0 ], [ 36.050403679097158, -0.220466277275744, 0.0 ], [ 36.050426986783265, -0.220503055376323, 0.0 ], [ 36.050457261597117, -0.220540043567057, 0.0 ], [ 36.050505970592518, -0.220591598428004, 0.0 ], [ 36.050531440361489, -0.220618925175508, 0.0 ], [ 36.050569448837471, -0.220651092780324, 0.0 ], [ 36.050592198313375, -0.220664687204807, 0.0 ], [ 36.05062679689037, -0.220680253655057, 0.0 ] ] ] } },
{ "type": "Feature", "properties": { "Name": "Ring road", "Type": "Murram", "Length_Km": 0.07203196393, "main__road": 0, "Type2": 2 }, "geometry": { "type": "MultiLineString", "coordinates": [ [ [ 36.082189556434599, -0.219990619515292, 0.0 ], [ 36.082180060986701, -0.220086139686818, 0.0 ], [ 36.082175055171511, -0.220136496027409, 0.0 ], [ 36.082174095856708, -0.220154537961964, 0.0 ], [ 36.082181362450775, -0.220185380309434, 0.0 ], [ 36.082178906701323, -0.220204905584576, 0.0 ], [ 36.082174415102436, -0.220221306884566, 0.0 ], [ 36.082171453052673, -0.220241374191862, 0.0 ], [ 36.082167428705169, -0.220264267601972, 0.0 ], [ 36.082164330641589, -0.220286878380699, 0.0 ], [ 36.082160280180936, -0.22031021091152, 0.0 ], [ 36.082156831531911, -0.220335711180105, 0.0 ], [ 36.082155841190932, -0.220361058323971, 0.0 ], [ 36.082155191190864, -0.220385442347996, 0.0 ], [ 36.082156171422987, -0.220412645771319, 0.0 ], [ 36.082155054290602, -0.220439244309538, 0.0 ], [ 36.08215292476126, -0.220465870660353, 0.0 ], [ 36.082150593939758, -0.220489129434478, 0.0 ], [ 36.082147507993646, -0.220514042464398, 0.0 ], [ 36.082145595053916, -0.220539154504448, 0.0 ], [ 36.082146905211154, -0.220563538910623, 0.0 ], [ 36.082145401144295, -0.220590678600448, 0.0 ], [ 36.082141937979287, -0.220612294496066, 0.0 ], [ 36.082139190498296, -0.220636653714338, 0.0 ] ] ] } },
{ "type": "Feature", "properties": { "Name": null, "Type": "Murram", "Length_Km": 0.31355296802, "main__road": 0, "Type2": 0 }, "geometry": { "type": "MultiLineString", "coordinates": [ [ [ 36.068571033526226, -0.193964937000751, 0.0 ], [ 36.068596662147421, -0.193956205979315, 0.0 ], [ 36.068622993999085, -0.193949877593462, 0.0 ], [ 36.068651028876346, -0.193946052308399, 0.0 ], [ 36.068675962509353, -0.193944532325689, 0.0 ], [ 36.068693585145134, -0.19394291711655, 0.0 ], [ 36.068710909352916, -0.193944006153811, 0.0 ], [ 36.068731038832439, -0.193946894623761, 0.0 ], [ 36.06875447359166, -0.193950983564882, 0.0 ], [ 36.06877800900714, -0.193954271082656, 0.0 ], [ 36.068799940714065, -0.193956858080337, 0.0 ], [ 36.068820771140729, -0.193959746671248, 0.0 ], [ 36.068841701951435, -0.193963436720372, 0.0 ], [ 36.068863735685277, -0.193967726007103, 0.0 ], [ 36.068885167334471, -0.193971215556554, 0.0 ], [ 36.068904996104372, -0.193974404854633, 0.0 ], [ 36.068922223028707, -0.193977596415662, 0.0 ], [ 36.06893894655903, -0.193980187938874, 0.0 ], [ 36.068955772387298, -0.193982879772818, 0.0 ], [ 36.068972296656774, -0.193985570651372, 0.0 ], [ 36.06898922195483, -0.193989163333051, 0.0 ], [ 36.06900614811655, -0.193992956601066, 0.0 ], [ 36.069024275317737, -0.193995646852187, 0.0 ], [ 36.069041901647395, -0.193998738189444, 0.0 ], [ 36.069058626753389, -0.194002631716218, 0.0 ], [ 36.069077955620003, -0.194005821832645, 0.0 ], [ 36.069097185592192, -0.194010013055797, 0.0 ], [ 36.069118617024898, -0.194014803705799, 0.0 ], [ 36.069143555828731, -0.194019892224736, 0.0 ], [ 36.06917259894216, -0.194024676956894, 0.0 ], [ 36.069203345945702, -0.194032164474507, 0.0 ], [ 36.069234794589271, -0.194040853823188, 0.0 ], [ 36.069267046375472, -0.194050242651535, 0.0 ], [ 36.069299897555034, -0.19406043302473, 0.0 ], [ 36.069333251334655, -0.194070621677916, 0.0 ], [ 36.069365603439216, -0.19408121223511, 0.0 ], [ 36.069398254496384, -0.194091303185922, 0.0 ], [ 36.069428302167879, -0.194099892003105, 0.0 ], [ 36.069455945527572, -0.194107982555384, 0.0 ], [ 36.069484891157714, -0.194116072428691, 0.0 ], [ 36.069514537734563, -0.19412416242308, 0.0 ], [ 36.069542981766674, -0.194131652259171, 0.0 ], [ 36.069569623674276, -0.194138841809461, 0.0 ], [ 36.069595564653184, -0.194145932753332, 0.0 ], [ 36.069622605948666, -0.194153122373004, 0.0 ], [ 36.069650649733212, -0.194160412458746, 0.0 ], [ 36.069679594572811, -0.19416790147918, 0.0 ], [ 36.069708540242651, -0.194175790769055, 0.0 ], [ 36.069739589428139, -0.194184980618109, 0.0 ], [ 36.069772040489845, -0.194194270098668, 0.0 ], [ 36.06980318774265, -0.194202057668718, 0.0 ], [ 36.069834035283016, -0.194209544308111, 0.0 ], [ 36.069865083085183, -0.194216331641003, 0.0 ], [ 36.069896628715199, -0.194219513024483, 0.0 ], [ 36.069928872281174, -0.194219289079037, 0.0 ], [ 36.069960914285318, -0.194216862263671, 0.0 ], [ 36.069991753153261, -0.194212032722912, 0.0 ], [ 36.070021588890683, -0.194205602836258, 0.0 ], [ 36.070050823509199, -0.194197970231336, 0.0 ], [ 36.070078655542133, -0.194189137480652, 0.0 ], [ 36.07010328189741, -0.194179206373877, 0.0 ], [ 36.070124003202366, -0.194169477891148, 0.0 ], [ 36.070144124910414, -0.194160150477449, 0.0 ], [ 36.070163944940234, -0.194151523256539, 0.0 ], [ 36.070180461936637, -0.194144301378074, 0.0 ], [ 36.070192274023753, -0.194138384307635, 0.0 ], [ 36.070199380269713, -0.194133973535107, 0.0 ], [ 36.07020378473851, -0.194131365767387, 0.0 ], [ 36.070210491478356, -0.194127656978181, 0.0 ], [ 36.070221102576227, -0.19412254204604, 0.0 ], [ 36.070234815702179, -0.194115822053441, 0.0 ], [ 36.070249730714892, -0.194108301729253, 0.0 ], [ 36.070264445585863, -0.194100779563311, 0.0 ], [ 36.070276957756597, -0.19409466202605, 0.0 ], [ 36.070286968411111, -0.194089648186621, 0.0 ], [ 36.070295978252602, -0.194085235030361, 0.0 ], [ 36.070305887575039, -0.194079719707392, 0.0 ], [ 36.07031609676396, -0.194073604483931, 0.0 ], [ 36.070327507619034, -0.194067988222436, 0.0 ], [ 36.070339820613505, -0.194061470380931, 0.0 ], [ 36.070351330465755, -0.194054251252344, 0.0 ], [ 36.070363040596213, -0.194046231619643, 0.0 ], [ 36.070374951072935, -0.194037010310078, 0.0 ], [ 36.070387059237511, -0.194026386736762, 0.0 ], [ 36.070398166707697, -0.194015664504949, 0.0 ], [ 36.070408173657405, -0.19400604350159, 0.0 ], [ 36.070419281872162, -0.193996222101105, 0.0 ], [ 36.070430689885733, -0.193986199262072, 0.0 ], [ 36.070442398612336, -0.193975876498512, 0.0 ], [ 36.07045540878029, -0.193965152785805, 0.0 ], [ 36.070468319224105, -0.193955029007745, 0.0 ], [ 36.070479428149575, -0.193946309024392, 0.0 ], [ 36.070489135045747, -0.193938391145337, 0.0 ], [ 36.070496941681782, -0.193931976433777, 0.0 ], [ 36.070504047269132, -0.193926163360776, 0.0 ], [ 36.070511553039204, -0.193920950308621, 0.0 ], [ 36.070518358015363, -0.193914837207722, 0.0 ], [ 36.070523962205961, -0.193908323631016, 0.0 ], [ 36.070528964089569, -0.193902312320227, 0.0 ], [ 36.070533767490112, -0.193897101513792, 0.0 ], [ 36.070539069934043, -0.193891690206709, 0.0 ], [ 36.07054377276382, -0.193886779358946, 0.0 ], [ 36.07054391369951, -0.193886612227838, 0.0 ] ], [ [ 36.07054384368049, -0.193886695341707, 0.0 ], [ 36.070555336823894, -0.193877454982665, 0.0 ], [ 36.070571486570287, -0.19386598277068, 0.0 ], [ 36.070587636641164, -0.19385259775912, 0.0 ], [ 36.070602836098487, -0.193840169435216, 0.0 ], [ 36.070618036939955, -0.193824871460421, 0.0 ], [ 36.070626587238742, -0.193815310740328, 0.0 ], [ 36.070635138024052, -0.193802880369375, 0.0 ], [ 36.070640839898402, -0.193786625717097, 0.0 ], [ 36.070641793018773, -0.193765587798589, 0.0 ], [ 36.07064274711108, -0.193738813289245, 0.0 ], [ 36.070642750514516, -0.193718732058984, 0.0 ], [ 36.070638956100915, -0.193690999882595, 0.0 ], [ 36.07063136054196, -0.193669961399609, 0.0 ], [ 36.070624718026053, -0.193633622493021, 0.0 ], [ 36.070617123437977, -0.193606846516463, 0.0 ], [ 36.070613328050108, -0.193584851835306, 0.0 ], [ 36.070594336196443, -0.193552336409038, 0.0 ], [ 36.070573447177431, -0.193508344766441, 0.0 ], [ 36.070561105936221, -0.193464355495303, 0.0 ], [ 36.070538317071289, -0.193419407581994, 0.0 ], [ 36.070525026200229, -0.193381155644288, 0.0 ], [ 36.070501284940697, -0.193347682558416, 0.0 ], [ 36.070479445391875, -0.193309428253988, 0.0 ], [ 36.070461401631512, -0.193285519239048, 0.0 ], [ 36.070445258288323, -0.193264479297291, 0.0 ] ] ] } },
{ "type": "Feature", "properties": { "Name": "Link road", "Type": "Murram", "Length_Km": 0.55408226665000004, "main__road": 0, "Type2": 2 }, "geometry": { "type": "MultiLineString", "coordinates": [ [ [ 36.040957083081537, -0.205488853665711, 0.0 ], [ 36.040994382436189, -0.205447852554824, 0.0 ], [ 36.041077084913795, -0.205392951040276, 0.0 ], [ 36.041176582556204, -0.205363850767985, 0.0 ], [ 36.041285782572068, -0.205365751993678, 0.0 ], [ 36.041401082431946, -0.205403952295967, 0.0 ], [ 36.04152518266838, -0.205473355435297, 0.0 ], [ 36.041735885105517, -0.205630357139051, 0.0 ], [ 36.041946383431537, -0.205814253008842, 0.0 ], [ 36.042020184934017, -0.205882054944336, 0.0 ], [ 36.042077441853145, -0.205937836127896, 0.0 ], [ 36.042254982852874, -0.206058860055998, 0.0 ], [ 36.042397483177481, -0.206138354508385, 0.0 ], [ 36.042534083179596, -0.20620485618312, 0.0 ], [ 36.042685885226476, -0.206268255285856, 0.0 ], [ 36.042761884292034, -0.206288959027053, 0.0 ], [ 36.042908883216235, -0.206282655230508, 0.0 ], [ 36.042975641831589, -0.206239585934171, 0.0 ], [ 36.043079581917084, -0.206197165902767, 0.0 ], [ 36.043194162111647, -0.206122406328443, 0.0 ], [ 36.043301282041767, -0.206020476511167, 0.0 ], [ 36.04338778225609, -0.205919476206638, 0.0 ], [ 36.043456761626707, -0.205839765917406, 0.0 ], [ 36.043536561792223, -0.20576055635508, 0.0 ], [ 36.043606301575593, -0.205699206621823, 0.0 ], [ 36.043704193558966, -0.205627033046909, 0.0 ], [ 36.043711241553567, -0.205621836717318, 0.0 ], [ 36.043813831966048, -0.205554196377387, 0.0 ], [ 36.043908631862912, -0.205493766492274, 0.0 ], [ 36.044021961477092, -0.20543617615638, 0.0 ], [ 36.044154392048952, -0.205383956233922, 0.0 ], [ 36.044314492146043, -0.2053402064727, 0.0 ], [ 36.044405852285045, -0.205317996652416, 0.0 ], [ 36.044503082032264, -0.205295276513941, 0.0 ], [ 36.04460483163944, -0.205271725961801, 0.0 ], [ 36.044710032121792, -0.20524783631504, 0.0 ], [ 36.04481849147988, -0.205223275945179, 0.0 ], [ 36.044927962001616, -0.205195445911488, 0.0 ], [ 36.044941891153158, -0.205191482688332, 0.0 ], [ 36.045035752069751, -0.205164776698257, 0.0 ], [ 36.045140191921973, -0.205133756296699, 0.0 ], [ 36.04524395208491, -0.205104426252852, 0.0 ], [ 36.045269544784162, -0.205098434277623, 0.0 ] ] ] } },
{ "type": "Feature", "properties": { "Name": null, "Type": "Murram", "Length_Km": 0.32870280788, "main__road": 0, "Type2": 0 }, "geometry": { "type": "MultiLineString", "coordinates": [ [ [ 36.092422931999863, -0.203322189483457, 0.0 ], [ 36.092455131908544, -0.203336639560567, 0.0 ], [ 36.092521731387443, -0.203361338556365, 0.0 ], [ 36.092589331428513, -0.203381939184867, 0.0 ], [ 36.092654531830689, -0.203400738590284, 0.0 ], [ 36.092715231187363, -0.203419538998463, 0.0 ], [ 36.092772132638665, -0.203441240060391, 0.0 ], [ 36.092824731249678, -0.203468838795561, 0.0 ], [ 36.092873631242078, -0.203501239294057, 0.0 ], [ 36.092918030500343, -0.203536938791617, 0.0 ], [ 36.092956231605285, -0.203577139622642, 0.0 ], [ 36.092988731604009, -0.203622839407118, 0.0 ], [ 36.093013932105258, -0.203673539092673, 0.0 ], [ 36.093029831537166, -0.203729838283869, 0.0 ], [ 36.093042731109122, -0.203788138325226, 0.0 ], [ 36.093054830848423, -0.203847238778892, 0.0 ], [ 36.093066331728302, -0.203907537247607, 0.0 ], [ 36.093076630899716, -0.203967438838639, 0.0 ], [ 36.093085731675863, -0.204023439544395, 0.0 ], [ 36.09309393126, -0.204074839158533, 0.0 ], [ 36.093101531991969, -0.204122337994712, 0.0 ], [ 36.093110831108824, -0.204168238738088, 0.0 ], [ 36.093123131452145, -0.204214537588353, 0.0 ], [ 36.093127402248285, -0.20422668535785, 0.0 ], [ 36.093139831212078, -0.204262038063211, 0.0 ], [ 36.093163830091065, -0.20431173640826, 0.0 ], [ 36.093195030997258, -0.204364537071776, 0.0 ], [ 36.093232030142538, -0.20442083646516, 0.0 ], [ 36.093275931162431, -0.204477335888064, 0.0 ], [ 36.093325029608891, -0.204529335614966, 0.0 ], [ 36.09337092947078, -0.204575335126281, 0.0 ], [ 36.093407930683348, -0.204614935827306, 0.0 ], [ 36.093437830743824, -0.204649434650149, 0.0 ], [ 36.09346512977941, -0.204684034204917, 0.0 ], [ 36.093491229392683, -0.204720534637229, 0.0 ], [ 36.093517730036012, -0.204757934186779, 0.0 ], [ 36.093544130627421, -0.204797734481383, 0.0 ], [ 36.09356882999446, -0.204839934329087, 0.0 ], [ 36.093593628860646, -0.204882834456251, 0.0 ], [ 36.093619828758946, -0.2049307342412, 0.0 ], [ 36.094322162770069, -0.205349886593334, 0.0 ] ] ] } },
{ "type": "Feature", "properties": { "Name": "Direct use road", "Type": "Murram", "Length_Km": 0.95490750307000005, "main__road": 0, "Type2": 0 }, "geometry": { "type": "MultiLineString", "coordinates": [ [ [ 36.045269544784162, -0.205098434277604, 0.0 ], [ 36.045290783329385, -0.205090158303238, 0.0 ], [ 36.045330980622801, -0.20506976144988, 0.0 ], [ 36.04536328037301, -0.205047863299342, 0.0 ], [ 36.045386782498213, -0.205023964039269, 0.0 ], [ 36.045401083104004, -0.204993261377517, 0.0 ], [ 36.045406082912265, -0.20495386061113, 0.0 ], [ 36.045402680606244, -0.204904061477707, 0.0 ], [ 36.045395880956441, -0.204846458003656, 0.0 ], [ 36.045387082931306, -0.204782158163839, 0.0 ], [ 36.045376980208893, -0.204711561442485, 0.0 ], [ 36.045366882012267, -0.204635762244675, 0.0 ], [ 36.04535838063105, -0.204553859147333, 0.0 ], [ 36.045352380558768, -0.204466760355147, 0.0 ], [ 36.045348682248026, -0.204376159934488, 0.0 ], [ 36.045347281151408, -0.20428736065335, 0.0 ], [ 36.045345580191508, -0.204209060240781, 0.0 ], [ 36.045344179690687, -0.204146754929531, 0.0 ], [ 36.04534308202426, -0.20409225971603, 0.0 ], [ 36.045341982042359, -0.204035657489425, 0.0 ], [ 36.045342382230459, -0.203976360331289, 0.0 ], [ 36.045340281018596, -0.203912761049413, 0.0 ], [ 36.045335682140077, -0.203844059124597, 0.0 ], [ 36.045329781770427, -0.203771161007869, 0.0 ], [ 36.045320280784601, -0.203692860982398, 0.0 ], [ 36.045309581445153, -0.203610758720326, 0.0 ], [ 36.045299479821203, -0.203523660996927, 0.0 ], [ 36.045288880702309, -0.203428157721788, 0.0 ], [ 36.045278282329264, -0.203323457500853, 0.0 ], [ 36.045269280560689, -0.203213761097156, 0.0 ], [ 36.045263280670021, -0.203100055411469, 0.0 ], [ 36.045259282573006, -0.202978959282981, 0.0 ], [ 36.045255980204637, -0.20285176089599, 0.0 ], [ 36.045252081840246, -0.202719859571081, 0.0 ], [ 36.045248779869553, -0.202585256825279, 0.0 ], [ 36.045245782216227, -0.202450160812556, 0.0 ], [ 36.045241779982938, -0.20231665933445, 0.0 ], [ 36.0452393827698, -0.202186259034162, 0.0 ], [ 36.045240780211863, -0.202060161087403, 0.0 ], [ 36.045244581522844, -0.201936657585511, 0.0 ], [ 36.045245382511503, -0.201813361350874, 0.0 ], [ 36.045240679658981, -0.201687762852899, 0.0 ], [ 36.045231581599893, -0.201558463641837, 0.0 ], [ 36.045216580764915, -0.201424361151142, 0.0 ], [ 36.045199282056885, -0.201286963106597, 0.0 ], [ 36.045181883418891, -0.201146164192826, 0.0 ], [ 36.045167182131181, -0.201002863917173, 0.0 ], [ 36.045157380552048, -0.200857362643712, 0.0 ], [ 36.045152881612935, -0.200709860121243, 0.0 ], [ 36.045154782857217, -0.200560763129367, 0.0 ], [ 36.045165581703905, -0.200411560213469, 0.0 ], [ 36.045187282362285, -0.200261462954667, 0.0 ], [ 36.045219782556316, -0.20011026442363, 0.0 ], [ 36.045259879976925, -0.199958560367152, 0.0 ], [ 36.045301581083066, -0.199807361654846, 0.0 ], [ 36.045342982429176, -0.199656063490027, 0.0 ], [ 36.045376279188424, -0.199506659455825, 0.0 ], [ 36.045396979916887, -0.199361764450415, 0.0 ], [ 36.045407381548095, -0.199219764294889, 0.0 ], [ 36.045409279005604, -0.199080858991368, 0.0 ], [ 36.045405880616883, -0.198945962574715, 0.0 ], [ 36.045402278610339, -0.198815461756414, 0.0 ], [ 36.045398880211074, -0.198685560913617, 0.0 ], [ 36.045398980361782, -0.198554560203449, 0.0 ], [ 36.045401581840636, -0.198423158773542, 0.0 ], [ 36.045405379857741, -0.19829565896258, 0.0 ], [ 36.045409078222583, -0.19816825942398, 0.0 ], [ 36.045413580247882, -0.198033256890478, 0.0 ], [ 36.045419580141605, -0.197893157854219, 0.0 ], [ 36.045427681161982, -0.197757360855703, 0.0 ], [ 36.045440381299287, -0.197629260867536, 0.0 ], [ 36.045458079829523, -0.197509458800966, 0.0 ], [ 36.045479180610208, -0.197395260070593, 0.0 ], [ 36.045503580312506, -0.19728735765876, 0.0 ], [ 36.04553108099487, -0.197183457487754, 0.0 ], [ 36.045563080694528, -0.197079756879444, 0.0 ], [ 36.045602877872561, -0.196974956245543, 0.0 ], [ 36.045652079775046, -0.196869855483688, 0.0 ], [ 36.045710279706206, -0.19676525413651, 0.0 ], [ 36.045773178052606, -0.196659959699496, 0.0 ], [ 36.0457793067296, -0.196649825086198, 0.0 ] ] ] } },
{ "type": "Feature", "properties": { "Name": null, "Type": "Murram", "Length_Km": 0.08051109349, "main__road": 0, "Type2": 0 }, "geometry": { "type": "MultiLineString", "coordinates": [ [ [ 36.06761057610332, -0.207098894312248, 0.0 ], [ 36.06764752125293, -0.207145176813673, 0.0 ], [ 36.067661757734314, -0.207207335757284, 0.0 ], [ 36.067633252642828, -0.207259923765054, 0.0 ], [ 36.067562005113679, -0.207307723268054, 0.0 ], [ 36.067490762800759, -0.207326835374942, 0.0 ], [ 36.067368696196269, -0.207380139806746, 0.0 ], [ 36.067286527114156, -0.207417641441758, 0.0 ], [ 36.067130813637974, -0.207445275657078, 0.0 ] ] ] } },
{ "type": "Feature", "properties": { "Name": "Eastern Bypass", "Type": null, "Length_Km": 1.2317342603600001, "main__road": 0, "Type2": 0 }, "geometry": { "type": "MultiLineString", "coordinates": [ [ [ 36.082775298585013, -0.206499598764216, 0.0 ], [ 36.082836046901399, -0.206636959740797, 0.0 ], [ 36.082904547344803, -0.206707658958529, 0.0 ], [ 36.082942247875017, -0.2067389585755, 0.0 ], [ 36.082983647146847, -0.206774658267196, 0.0 ], [ 36.083031346932813, -0.206815359372255, 0.0 ], [ 36.083086446741305, -0.206855759143398, 0.0 ], [ 36.083145747388521, -0.206888458707684, 0.0 ], [ 36.083205047438128, -0.206909560273909, 0.0 ], [ 36.083259646560123, -0.206919458736761, 0.0 ], [ 36.083309446974198, -0.206922858875533, 0.0 ], [ 36.083357646738015, -0.206923458611814, 0.0 ], [ 36.083403547696477, -0.206920659665761, 0.0 ], [ 36.083445846002277, -0.206913158875561, 0.0 ], [ 36.083480647841327, -0.206903258684765, 0.0 ], [ 36.083513746278889, -0.206892960618844, 0.0 ], [ 36.08355164752863, -0.206881359603293, 0.0 ], [ 36.083592046513743, -0.206869960535578, 0.0 ], [ 36.083631846843232, -0.206858659844889, 0.0 ], [ 36.083671347675853, -0.20684586010418, 0.0 ], [ 36.083708646343958, -0.206831260985806, 0.0 ], [ 36.083745246894502, -0.206815861191075, 0.0 ], [ 36.08378234642597, -0.206800660267938, 0.0 ], [ 36.083820845965754, -0.206786061365933, 0.0 ], [ 36.083859946049614, -0.206770859902486, 0.0 ], [ 36.083897647203727, -0.206754061603917, 0.0 ], [ 36.08393574705201, -0.206736161042138, 0.0 ], [ 36.083974947086851, -0.206719160618939, 0.0 ], [ 36.084016046485367, -0.20670586239893, 0.0 ], [ 36.084060046459214, -0.206693561326713, 0.0 ], [ 36.084104447066416, -0.206679361961124, 0.0 ], [ 36.084148246937417, -0.206661861804023, 0.0 ], [ 36.08419094687644, -0.206642060997781, 0.0 ], [ 36.084233047261066, -0.20662236127842, 0.0 ], [ 36.084272547183339, -0.206599761579767, 0.0 ], [ 36.084309146102477, -0.206573562496394, 0.0 ], [ 36.084345646385955, -0.206546861921213, 0.0 ], [ 36.084382547247664, -0.206518562127369, 0.0 ], [ 36.084417747131624, -0.206486360476884, 0.0 ], [ 36.084451145731144, -0.206449060646366, 0.0 ], [ 36.084485346311162, -0.206408959943505, 0.0 ], [ 36.084525645458555, -0.206368960644104, 0.0 ], [ 36.084570146428185, -0.206330760179227, 0.0 ], [ 36.084614945891744, -0.206294659624516, 0.0 ], [ 36.084657644946354, -0.206259859801716, 0.0 ], [ 36.084697745276024, -0.206227459341764, 0.0 ], [ 36.084735144204842, -0.206199458694633, 0.0 ], [ 36.08477394447138, -0.206174658688559, 0.0 ], [ 36.084815745943807, -0.206150257694274, 0.0 ], [ 36.084858044440438, -0.206126958220893, 0.0 ], [ 36.084902945810406, -0.206103157746851, 0.0 ], [ 36.084949044263794, -0.206080457113775, 0.0 ], [ 36.08499204429436, -0.206058957641965, 0.0 ], [ 36.085034444465485, -0.206039257035325, 0.0 ], [ 36.085077743477498, -0.206022156115894, 0.0 ], [ 36.085122845034519, -0.206003155348458, 0.0 ], [ 36.085168743421171, -0.205980055298889, 0.0 ], [ 36.085215044037554, -0.205956155674964, 0.0 ], [ 36.085261344404053, -0.205933655654413, 0.0 ], [ 36.085311043055491, -0.20590945395343, 0.0 ], [ 36.085363342947154, -0.205878852847387, 0.0 ], [ 36.085417342672216, -0.205843552660877, 0.0 ], [ 36.085471043652291, -0.205807553968942, 0.0 ], [ 36.085523942457279, -0.205775452158186, 0.0 ], [ 36.085576142065918, -0.20574355170974, 0.0 ], [ 36.085625342892122, -0.205712752146656, 0.0 ], [ 36.085674042370599, -0.20568495138733, 0.0 ], [ 36.085723042751297, -0.20566085163981, 0.0 ], [ 36.085773541709635, -0.205638252063058, 0.0 ], [ 36.085824142806779, -0.205616651834105, 0.0 ], [ 36.085874241945945, -0.205596452021768, 0.0 ], [ 36.085922541846472, -0.205579751348822, 0.0 ], [ 36.085967040859288, -0.205567651789313, 0.0 ], [ 36.08600994169408, -0.205558950208705, 0.0 ], [ 36.086053242319032, -0.205553050623574, 0.0 ], [ 36.086097642039952, -0.205549149900818, 0.0 ], [ 36.086143042005325, -0.20554795008497, 0.0 ], [ 36.086189540780289, -0.205550349328027, 0.0 ], [ 36.086236441338407, -0.205554450038083, 0.0 ], [ 36.086284641046511, -0.205556048136472, 0.0 ], [ 36.086335540416847, -0.205552948237994, 0.0 ], [ 36.086390039458379, -0.205546247421117, 0.0 ], [ 36.086447741383793, -0.20554144826454, 0.0 ], [ 36.0865061394775, -0.205538347917629, 0.0 ], [ 36.086564338952968, -0.205531747160722, 0.0 ], [ 36.086618940768936, -0.20552254712515, 0.0 ], [ 36.08667064031868, -0.205511746365394, 0.0 ], [ 36.086722240407617, -0.205500046548868, 0.0 ], [ 36.086776039297334, -0.205488945283365, 0.0 ], [ 36.086832638983154, -0.205474746232777, 0.0 ], [ 36.086891238219998, -0.205456144516562, 0.0 ], [ 36.086952838201711, -0.205435545580552, 0.0 ], [ 36.087016339208155, -0.205414444609767, 0.0 ], [ 36.087081838441875, -0.205396344707195, 0.0 ], [ 36.087147538418158, -0.205379944426935, 0.0 ], [ 36.087210139339298, -0.205363244506027, 0.0 ], [ 36.087269037411076, -0.205344944618092, 0.0 ], [ 36.087327137271203, -0.2053234432847, 0.0 ], [ 36.087386738454576, -0.205298142767932, 0.0 ], [ 36.08745003701496, -0.205269943406452, 0.0 ], [ 36.087514437041129, -0.205240543414895, 0.0 ], [ 36.087578838217418, -0.20520974381155, 0.0 ], [ 36.087643038425441, -0.205178542085436, 0.0 ], [ 36.087707137917576, -0.205148441772273, 0.0 ], [ 36.087770737319026, -0.205119341601833, 0.0 ], [ 36.087831736822736, -0.205089143136494, 0.0 ], [ 36.087888637563786, -0.205057941882037, 0.0 ], [ 36.087942937437013, -0.205026042608436, 0.0 ], [ 36.087996837163772, -0.204993341804425, 0.0 ], [ 36.088052037008929, -0.204957741719383, 0.0 ], [ 36.08810723756838, -0.204918143392831, 0.0 ], [ 36.088162637698119, -0.204876743406362, 0.0 ], [ 36.088220236559344, -0.204836343146371, 0.0 ], [ 36.088279937940037, -0.204797942833059, 0.0 ], [ 36.088337637563377, -0.204761242647559, 0.0 ], [ 36.088393338051077, -0.204726642866755, 0.0 ], [ 36.088447236998306, -0.204693342071742, 0.0 ], [ 36.088499036732742, -0.204659643329418, 0.0 ], [ 36.088552836396985, -0.204624443233313, 0.0 ], [ 36.088609637776578, -0.204586842020486, 0.0 ], [ 36.088668936219364, -0.204548242823728, 0.0 ], [ 36.088729535489868, -0.204512842449255, 0.0 ], [ 36.088794536214976, -0.204482243463322, 0.0 ], [ 36.088862336165391, -0.204452343428038, 0.0 ], [ 36.088930835620339, -0.204420543334023, 0.0 ], [ 36.089000036357149, -0.204386942572458, 0.0 ], [ 36.089069335317141, -0.204351142565555, 0.0 ], [ 36.089137635737174, -0.204313143115356, 0.0 ], [ 36.089205536099641, -0.204273842465397, 0.0 ], [ 36.089273735425749, -0.204234042196922, 0.0 ], [ 36.089341535484387, -0.204193542497794, 0.0 ], [ 36.089407536330469, -0.204151342877818, 0.0 ], [ 36.089471536022565, -0.204107443300485, 0.0 ], [ 36.089533035400606, -0.204062641517526, 0.0 ], [ 36.089594235541838, -0.204014841670798, 0.0 ], [ 36.089651735354515, -0.203966341799586, 0.0 ], [ 36.089705934579861, -0.203920242986633, 0.0 ], [ 36.089760434083651, -0.203876341675855, 0.0 ], [ 36.089813434578289, -0.203833340938581, 0.0 ], [ 36.089864534065619, -0.203790741938983, 0.0 ], [ 36.089912833867871, -0.203750040807792, 0.0 ], [ 36.089957633798491, -0.203711941291833, 0.0 ], [ 36.09000063477265, -0.203675740728888, 0.0 ], [ 36.090046034610147, -0.203640641127376, 0.0 ], [ 36.090090934567954, -0.203605340843456, 0.0 ], [ 36.090132633827345, -0.203570941733279, 0.0 ], [ 36.090173835156037, -0.203540540776311, 0.0 ], [ 36.090213433748019, -0.203513940799266, 0.0 ], [ 36.090253134232519, -0.2034897415929, 0.0 ], [ 36.090296634868785, -0.203465140079065, 0.0 ], [ 36.090343133419381, -0.203439340078897, 0.0 ], [ 36.09039063356294, -0.2034137399422, 0.0 ], [ 36.090439933999718, -0.203388840383718, 0.0 ], [ 36.090489133969186, -0.203363640823636, 0.0 ], [ 36.09053653292743, -0.203336740441247, 0.0 ], [ 36.090585333156113, -0.203308440695206, 0.0 ], [ 36.090635133430396, -0.203278940296145, 0.0 ], [ 36.090683033174251, -0.203247139997367, 0.0 ], [ 36.090725833659448, -0.203212938930649, 0.0 ], [ 36.090764534134237, -0.203179639782337, 0.0 ], [ 36.090803533973471, -0.203148639338704, 0.0 ], [ 36.090845133704072, -0.203118840187757, 0.0 ], [ 36.090890533711622, -0.203087938469092, 0.0 ], [ 36.090936133056303, -0.203056538922602, 0.0 ], [ 36.090980032224742, -0.203026738368592, 0.0 ], [ 36.091023032768604, -0.202998138481172, 0.0 ], [ 36.091065632809766, -0.202970736638923, 0.0 ], [ 36.091110132698645, -0.202944436572719, 0.0 ], [ 36.091157831985846, -0.202919536689202, 0.0 ], [ 36.091210332438401, -0.202897736869321, 0.0 ], [ 36.091270531924998, -0.202880235750307, 0.0 ], [ 36.091336732293065, -0.202867335721691, 0.0 ], [ 36.091405232891226, -0.20286013665742, 0.0 ], [ 36.091474731706008, -0.202857037218945, 0.0 ], [ 36.091544132800259, -0.202858436584264, 0.0 ], [ 36.091609731471173, -0.202868036878752, 0.0 ], [ 36.091671531220399, -0.202886335965605, 0.0 ], [ 36.091731331883899, -0.202911537891562, 0.0 ], [ 36.091791531855527, -0.202942336539269, 0.0 ], [ 36.091852831391023, -0.202977636920539, 0.0 ], [ 36.091913831473818, -0.203016237051793, 0.0 ], [ 36.091976032153582, -0.203056437605973, 0.0 ], [ 36.092040331968562, -0.203097537581732, 0.0 ], [ 36.09210353051553, -0.203138737660095, 0.0 ], [ 36.092162330917233, -0.203176638962427, 0.0 ], [ 36.092217231401882, -0.203210638902398, 0.0 ], [ 36.092272131220753, -0.203243338622672, 0.0 ], [ 36.092329532438626, -0.203275939402219, 0.0 ], [ 36.092390732092042, -0.203307739407119, 0.0 ], [ 36.092421541938414, -0.203321565677535, 0.0 ], [ 36.092421896023659, -0.20332172457731, 0.0 ], [ 36.092422931999863, -0.20332218948347, 0.0 ] ] ] } },
{ "type": "Feature", "properties": { "Name": "Viewpoint road", "Type": null, "Length_Km": 0.0, "main__road": 0, "Type2": 0 }, "geometry": { "type": "MultiLineString", "coordinates": [ [ [ 36.088510537521607, -0.219383570029932, 0.0 ], [ 36.088769653506048, -0.219274937079653, 0.0 ], [ 36.088943379046512, -0.219146389079031, 0.0 ], [ 36.088954807890666, -0.219140274260114, 0.0 ], [ 36.08903416689067, -0.219112745260179, 0.0 ], [ 36.089042195890684, -0.219107508260162, 0.0 ], [ 36.089052698890676, -0.219107090260158, 0.0 ], [ 36.089059003890682, -0.219106841260134, 0.0 ], [ 36.089124165890695, -0.219064447260227, 0.0 ], [ 36.089132674890678, -0.219064099260197, 0.0 ], [ 36.089193543890673, -0.219038872260245, 0.0 ], [ 36.089273638890745, -0.218972619260308, 0.0 ], [ 36.089277811890739, -0.218964456260352, 0.0 ], [ 36.089343231890737, -0.218932033260393, 0.0 ], [ 36.089351997890745, -0.218923517260415, 0.0 ], [ 36.089411940890763, -0.218898501260433, 0.0 ], [ 36.089425379890756, -0.218891783260443, 0.0 ], [ 36.089438842890765, -0.218887800260451, 0.0 ], [ 36.089450061890744, -0.21888677526043, 0.0 ], [ 36.089499889890732, -0.218868356260477, 0.0 ], [ 36.089508946890746, -0.218867521260437, 0.0 ], [ 36.089520281890756, -0.218866476260419, 0.0 ], [ 36.089531789890763, -0.218859839260458, 0.0 ], [ 36.089545529890749, -0.218855773260486, 0.0 ], [ 36.089585790890801, -0.218815337260516, 0.0 ], [ 36.08959732389075, -0.218814246260527, 0.0 ], [ 36.089667709890797, -0.218749781260607, 0.0 ], [ 36.089670062890796, -0.218749552260638, 0.0 ], [ 36.089724328890838, -0.218708812260682, 0.0 ], [ 36.089734479890808, -0.218698859260741, 0.0 ], [ 36.089742068890821, -0.218692118260688, 0.0 ], [ 36.089760169890845, -0.218672254260757, 0.0 ], [ 36.08976566189088, -0.218662623260748, 0.0 ], [ 36.089781500890851, -0.218612016260892, 0.0 ], [ 36.089796702890943, -0.218541453261006, 0.0 ], [ 36.089814855890985, -0.218468582261218, 0.0 ], [ 36.089841729891056, -0.218365591261424, 0.0 ], [ 36.089849434891079, -0.218291867261609, 0.0 ], [ 36.089875650891194, -0.218187152261816, 0.0 ], [ 36.089883523891139, -0.218172375261864, 0.0 ], [ 36.089893786891231, -0.218086742262052, 0.0 ], [ 36.089898319891219, -0.218082607262059, 0.0 ], [ 36.089909453891224, -0.218034411262163, 0.0 ], [ 36.089917124891279, -0.218015234262227, 0.0 ], [ 36.089923288891249, -0.218003468262249, 0.0 ], [ 36.08995645189129, -0.217958549262341, 0.0 ], [ 36.09001586089132, -0.217905690262404, 0.0 ], [ 36.090020647891308, -0.217901266262427, 0.0 ], [ 36.090074692891328, -0.217859680262494, 0.0 ], [ 36.090081378891327, -0.217847229262524, 0.0 ], [ 36.090090778891351, -0.21783443826253, 0.0 ], [ 36.090093462891346, -0.217834145262503, 0.0 ], [ 36.090137906891385, -0.2177902742626, 0.0 ], [ 36.090148358891348, -0.217785189262599, 0.0 ], [ 36.090159217891383, -0.217783988262624, 0.0 ], [ 36.090170085891401, -0.217782786262604, 0.0 ], [ 36.090236858891373, -0.217759575262631, 0.0 ], [ 36.090304009891376, -0.217732163262634, 0.0 ], [ 36.090389915891407, -0.217722544262633, 0.0 ], [ 36.090520739891382, -0.217695766262607, 0.0 ], [ 36.09060789989136, -0.217673752262567, 0.0 ], [ 36.0907475468914, -0.217638223262572, 0.0 ], [ 36.090909592891393, -0.217614208262497, 0.0 ], [ 36.091041983891351, -0.217568926262553, 0.0 ], [ 36.09119387689136, -0.217530420262522, 0.0 ], [ 36.091367850891388, -0.217485123262535, 0.0 ], [ 36.091468009891372, -0.217451870262526, 0.0 ], [ 36.091588999891421, -0.217418768262557, 0.0 ], [ 36.091608968891407, -0.217417136262519, 0.0 ], [ 36.091628957891416, -0.217415502262489, 0.0 ], [ 36.091645628891392, -0.217414139262535, 0.0 ], [ 36.091721422891396, -0.21738446526253, 0.0 ], [ 36.091728137891366, -0.217383912262533, 0.0 ], [ 36.091832577891388, -0.217376430262443, 0.0 ], [ 36.091839331891372, -0.217375960262486, 0.0 ], [ 36.091859606891347, -0.217374549262454, 0.0 ], [ 36.091886923891387, -0.2173822182624, 0.0 ], [ 36.09195827689134, -0.217391604262352, 0.0 ], [ 36.091961661891347, -0.217391370262354, 0.0 ], [ 36.092070260891298, -0.217393417262222, 0.0 ], [ 36.092083850891342, -0.217392477262237, 0.0 ], [ 36.0921008608913, -0.217400840262218, 0.0 ], [ 36.092121244891345, -0.217399439262241, 0.0 ], [ 36.09213820589131, -0.21741254726213, 0.0 ], [ 36.092161937891269, -0.217420036262173, 0.0 ], [ 36.09221607789128, -0.217438544262046, 0.0 ], [ 36.09233073789126, -0.217474779261894, 0.0 ], [ 36.092337538891229, -0.217474143261901, 0.0 ], [ 36.092360916891202, -0.217486436261815, 0.0 ], [ 36.092488214891155, -0.217523362261685, 0.0 ], [ 36.092675137891092, -0.217569314261446, 0.0 ], [ 36.092805483891105, -0.217591607261277, 0.0 ], [ 36.092912329891085, -0.217610327261173, 0.0 ], [ 36.093012983891022, -0.217621152261082, 0.0 ], [ 36.093135298890999, -0.217648861260918, 0.0 ], [ 36.093350575890931, -0.217707630260655, 0.0 ], [ 36.093528779890889, -0.21773628726043, 0.0 ], [ 36.093693158890844, -0.217782586260254, 0.0 ], [ 36.093808525890815, -0.217800384260111, 0.0 ], [ 36.093836410890809, -0.2177979602601, 0.0 ], [ 36.093994092890775, -0.217784256260016, 0.0 ], [ 36.094011700890817, -0.217782725260024, 0.0 ], [ 36.09410389989079, -0.217760663259987, 0.0 ], [ 36.09411099789078, -0.217760043260001, 0.0 ], [ 36.094182399890784, -0.21773721826005, 0.0 ], [ 36.094235706890821, -0.21770902626006, 0.0 ], [ 36.094249991890763, -0.217707884260008, 0.0 ], [ 36.094275015890801, -0.217705884260033, 0.0 ], [ 36.094339345890802, -0.217645614260127, 0.0 ], [ 36.094428434890844, -0.217606724260184, 0.0 ], [ 36.094515861890848, -0.217563317260179, 0.0 ], [ 36.094526575890853, -0.217560041260223, 0.0 ], [ 36.09453194389085, -0.217559865260218, 0.0 ], [ 36.094596663890854, -0.21753124826024, 0.0 ], [ 36.094599367890872, -0.21753115726023, 0.0 ], [ 36.09464591989083, -0.217496855260255, 0.0 ], [ 36.094662391890864, -0.21749029626029, 0.0 ], [ 36.09466244789084, -0.217487293260281, 0.0 ], [ 36.094701257890904, -0.217464839260335, 0.0 ], [ 36.094735079890874, -0.217436265260385, 0.0 ], [ 36.094746533890891, -0.217423599260431, 0.0 ], [ 36.094752178890879, -0.217420324260392, 0.0 ], [ 36.094764688890933, -0.217379632260474, 0.0 ], [ 36.094767926890924, -0.217367021260552, 0.0 ], [ 36.094777490890969, -0.217335204260564, 0.0 ], [ 36.094777842890956, -0.217325688260639, 0.0 ], [ 36.094783843890916, -0.217315926260667, 0.0 ], [ 36.094787281890959, -0.217299839260685, 0.0 ], [ 36.094791868890987, -0.217254537260812, 0.0 ], [ 36.09478951589103, -0.217241617260834, 0.0 ], [ 36.094792176891076, -0.217172279260953, 0.0 ], [ 36.094795291891089, -0.217091110261144, 0.0 ], [ 36.094789930891125, -0.217077781261194, 0.0 ], [ 36.094771893891171, -0.217000797261436, 0.0 ], [ 36.094769252891176, -0.216990649261458, 0.0 ], [ 36.094750462891227, -0.216919728261602, 0.0 ], [ 36.094738638891222, -0.216913611261624, 0.0 ], [ 36.094707994891309, -0.216806652261868, 0.0 ], [ 36.094663804891404, -0.216719579262182, 0.0 ], [ 36.094652734891412, -0.216631635262368, 0.0 ], [ 36.094652989891458, -0.21661284726243, 0.0 ], [ 36.094653195891453, -0.216597747262429, 0.0 ], [ 36.094650829891499, -0.216540831262558, 0.0 ], [ 36.094651015891536, -0.216525838262618, 0.0 ], [ 36.094664205891519, -0.216483222262749, 0.0 ], [ 36.094673900891536, -0.216470803262713, 0.0 ], [ 36.094713340891602, -0.216405341262852, 0.0 ], [ 36.094783272891604, -0.216319362263009, 0.0 ], [ 36.094872955891681, -0.216195755263271, 0.0 ], [ 36.094927277891749, -0.216131997263375, 0.0 ], [ 36.094984588891784, -0.21603328726357, 0.0 ], [ 36.095027191891802, -0.215983649263663, 0.0 ], [ 36.095073925891846, -0.215939847263754, 0.0 ], [ 36.095133694891828, -0.215901498263784, 0.0 ], [ 36.095136436891835, -0.215897860263746, 0.0 ], [ 36.095175357891847, -0.215849990263882, 0.0 ], [ 36.095181149891879, -0.215846086263894, 0.0 ], [ 36.095214632891874, -0.215797901264024, 0.0 ], [ 36.095226363891911, -0.215789960264005, 0.0 ], [ 36.095260815891905, -0.215748148264031, 0.0 ], [ 36.095266932891896, -0.215747703264066, 0.0 ], [ 36.095281885891893, -0.215739413264084, 0.0 ], [ 36.095339480891951, -0.215717112264102, 0.0 ], [ 36.095348441891957, -0.215709189264102, 0.0 ], [ 36.095363889891949, -0.215708049264104, 0.0 ], [ 36.095376125891953, -0.215703505264135, 0.0 ], [ 36.095419057891924, -0.215685717264113, 0.0 ], [ 36.095434504891927, -0.215680903264114, 0.0 ], [ 36.095453099891962, -0.215675848264092, 0.0 ], [ 36.095468517891931, -0.215667345264094, 0.0 ], [ 36.095508973891967, -0.215653246264139, 0.0 ], [ 36.095515249891925, -0.215652774264112, 0.0 ], [ 36.09552774389195, -0.215648135264127, 0.0 ], [ 36.095540319891967, -0.215647188264134, 0.0 ], [ 36.095559217891932, -0.215646056264145, 0.0 ], [ 36.095634916891953, -0.21562641726414, 0.0 ], [ 36.09565392489192, -0.215617688264143, 0.0 ], [ 36.095688886891971, -0.21561558226411, 0.0 ], [ 36.095755925891957, -0.215600216264098, 0.0 ], [ 36.095765560891913, -0.215595886264132, 0.0 ], [ 36.095794547891941, -0.215582861264153, 0.0 ], [ 36.095817155891936, -0.215573953264119, 0.0 ], [ 36.095839752891933, -0.215568811264131, 0.0 ], [ 36.095846194891962, -0.215568424264145, 0.0 ], [ 36.095914749891953, -0.215537661264138, 0.0 ], [ 36.095927724891951, -0.215536872264172, 0.0 ], [ 36.095944083891986, -0.215532054264117, 0.0 ], [ 36.096016661891944, -0.215504582264153, 0.0 ], [ 36.096036289891956, -0.215503375264189, 0.0 ], [ 36.096065767891943, -0.215501562264114, 0.0 ], [ 36.096140222891968, -0.215458159264165, 0.0 ], [ 36.096269062891984, -0.215410784264236, 0.0 ], [ 36.09635258089201, -0.215349713264336, 0.0 ], [ 36.096443490892092, -0.215290958264415, 0.0 ], [ 36.096518258892104, -0.215231840264482, 0.0 ], [ 36.096590258892107, -0.215181285264582, 0.0 ], [ 36.096606643892123, -0.21512302526468, 0.0 ], [ 36.096639036892213, -0.215036754264857, 0.0 ], [ 36.096643851892217, -0.215023309264907, 0.0 ], [ 36.096679396892213, -0.214941234265035, 0.0 ], [ 36.096703950892348, -0.214834730265315, 0.0 ], [ 36.096706569892326, -0.214816651265321, 0.0 ], [ 36.096722037892356, -0.214775966265411, 0.0 ], [ 36.096726335892342, -0.214768429265465, 0.0 ], [ 36.096743254892409, -0.214675154265687, 0.0 ], [ 36.096798743892492, -0.214522785265983, 0.0 ], [ 36.096799339892499, -0.214518850265995, 0.0 ], [ 36.096858604892581, -0.214351359266318, 0.0 ], [ 36.096875584892608, -0.214329702266397, 0.0 ], [ 36.096930816892737, -0.214151759266774, 0.0 ], [ 36.096997680892819, -0.213955053267244, 0.0 ], [ 36.097003534892877, -0.213941145267234, 0.0 ], [ 36.097053605892953, -0.213768294267619, 0.0 ], [ 36.097059698892998, -0.213753721267664, 0.0 ], [ 36.097108097893063, -0.213597158268033, 0.0 ], [ 36.097111379893114, -0.213577532268038, 0.0 ], [ 36.097156939893161, -0.213440914268352, 0.0 ], [ 36.097160287893196, -0.213420813268439, 0.0 ], [ 36.097207823893228, -0.213299675268702, 0.0 ], [ 36.097217598893259, -0.213288224268671, 0.0 ], [ 36.097256331893334, -0.213175976268941, 0.0 ], [ 36.09727220989334, -0.213153016268957, 0.0 ], [ 36.097304001893448, -0.212990882269301, 0.0 ] ] ] } }
]
}
